frame,image_time_s,effective_time_s,left,center,right,valid,force_n,torque_y_nm,aligned_covered,window_version,registration_version
0,0.0,-0.15196365053143768,8.956682312437584e-06,5.646041921797212e-06,2.6500999152859868e-06,True,,,False,fecfe5c107ef36f7ce31,7739cd2f1d7cf2ae165f
1,0.03596758842468262,-0.11599606210675506,2.3027721133865687e-05,1.1907560588105509e-05,4.267110063864988e-06,True,,,False,fecfe5c107ef36f7ce31,7739cd2f1d7cf2ae165f
2,0.06798696517944336,-0.08397668535199432,2.8994868882576237e-05,1.6001510008174762e-05,6.471223432000962e-06,True,,,False,fecfe5c107ef36f7ce31,7739cd2f1d7cf2ae165f
3,0.10010337829589844,-0.05186027223553924,7.886667013681572e-05,3.892875361752976e-05,1.8700278685474163e-05,True,,,False,fecfe5c107ef36f7ce31,7739cd2f1d7cf2ae165f
4,0.13598299026489258,-0.0159806602665451,3.193729412171733e-06,1.8422162155832234e-06,1.933883703870555e-06,True,,,False,fecfe5c107ef36f7ce31,7739cd2f1d7cf2ae165f
5,0.1686861515045166,0.016722500973078924,3.4170944358723356e-06,1.8391652891715918e-06,1.5593680297280678e-06,True,4.128208605473908,0.0017155044247802102,True,fecfe5c107ef36f7ce31,7739cd2f1d7cf2ae165f
6,0.2001650333404541,0.048201382809016424,2.340450135590389e-05,1.349608656681225e-05,1.42875742997089e-05,True,3.99265489696932,-0.007607879997941584,True,fecfe5c107ef36f7ce31,7739cd2f1d7cf2ae165f
7,0.2359776496887207,0.08401399915728303,6.936727737035927e-05,3.6185682768044854e-05,3.4965772931225e-05,True,4.047325719260548,-0.015019380281576568,True,fecfe5c107ef36f7ce31,7739cd2f1d7cf2ae165f
8,0.2681422233581543,0.11617857282671662,7.240676557472071e-06,2.9563855670855254e-06,1.1952800680232747e-06,True,4.116757295200204,0.012521860073127425,True,fecfe5c107ef36f7ce31,7739cd2f1d7cf2ae165f
9,0.3000948429107666,0.14813119237932892,1.2602972889112464e-05,5.580321448701694e-06,2.0685032099932946e-06,True,4.018549609372064,-0.02067108444275694,True,fecfe5c107ef36f7ce31,7739cd2f1d7cf2ae165f
10,0.3359642028808594,0.1840005523494217,0.0007277149652606985,0.0004040062645781859,0.00017128443631462067,True,4.0644978751196055,-0.018601896926516422,True,fecfe5c107ef36f7ce31,7739cd2f1d7cf2ae165f
11,0.3682248592376709,0.21626120870623322,0.0012415935359067095,0.0007253985968118091,0.00030659262108458357,True,4.155228586017367,-0.01288633202245978,True,fecfe5c107ef36f7ce31,7739cd2f1d7cf2ae165f
12,0.400179386138916,0.24821573560747834,0.0012723332143030227,0.000879110473310644,0.0003334298566650885,True,4.149946789377556,-0.01479443400967666,True,fecfe5c107ef36f7ce31,7739cd2f1d7cf2ae165f
13,0.43598508834838867,0.284021437816951,0.01751426602605181,0.024421310960542626,0.022816024268780953,True,4.256444853404261,-0.003933909192281467,True,fecfe5c107ef36f7ce31,7739cd2f1d7cf2ae165f
14,0.4681742191314697,0.31621056860003205,0.014768801068539304,0.021841723404716927,0.018528021033672706,True,4.347848371401602,-0.007749102936893878,True,fecfe5c107ef36f7ce31,7739cd2f1d7cf2ae165f
15,0.5001962184906006,0.3482325679591629,0.01466022042662671,0.030077795510410055,0.029186973103741926,True,4.243489060515464,-0.012353636840043378,True,fecfe5c107ef36f7ce31,7739cd2f1d7cf2ae165f
16,0.5321657657623291,0.3802021152308914,0.016719272426401567,0.039676632061434756,0.03767746814755911,True,4.120273630155505,-0.010460622664897654,True,fecfe5c107ef36f7ce31,7739cd2f1d7cf2ae165f
17,0.552971601486206,0.4010079509547684,0.01348397971382788,0.03853233962714987,0.0367604331662599,True,4.00169051059172,-0.012950979776002507,True,fecfe5c107ef36f7ce31,7739cd2f1d7cf2ae165f
18,0.5841500759124756,0.4321864253810379,0.019156859245677893,0.06264750753031409,0.0281311012027153,True,4.154683909846055,0.008040101372633574,True,fecfe5c107ef36f7ce31,7739cd2f1d7cf2ae165f
19,0.6166772842407227,0.464713633709285,0.020216104829772305,0.06866865402178436,0.030113563898261395,True,4.190380726511948,-0.006761157262814527,True,fecfe5c107ef36f7ce31,7739cd2f1d7cf2ae165f
20,0.6521785259246826,0.5002148753932449,0.018659069585445366,0.040630703064100264,0.03191539063818785,True,4.267410268214841,-0.02300948479229149,True,fecfe5c107ef36f7ce31,7739cd2f1d7cf2ae165f
21,0.684253454208374,0.5322898036769363,0.014952056840303643,0.03396385968863994,0.028248557956523417,True,4.128450461307189,0.012083345342578,True,fecfe5c107ef36f7ce31,7739cd2f1d7cf2ae165f
22,0.7162346839904785,0.5642710334590408,8.841188570887037e-06,3.502242337924318e-05,2.973960080539131e-05,True,4.247237122767954,-0.01287930439215193,True,fecfe5c107ef36f7ce31,7739cd2f1d7cf2ae165f
23,0.7523407936096191,0.6003771430781815,9.668106667629163e-06,4.3595893408192795e-05,3.310232182972032e-05,True,4.288631192890492,-0.008361713326061634,True,fecfe5c107ef36f7ce31,7739cd2f1d7cf2ae165f
24,0.7842800617218018,0.6323164111903641,0.0008538425938702939,0.001229239244207599,0.0008558888462518518,True,4.296154720474583,-0.0010397867730305562,True,fecfe5c107ef36f7ce31,7739cd2f1d7cf2ae165f
25,0.8162262439727783,0.6642625934413406,0.0005160741905141949,0.0009334515473782446,0.0006570399538322883,True,4.057287609592124,-0.008316366350984683,True,fecfe5c107ef36f7ce31,7739cd2f1d7cf2ae165f
26,0.8521764278411865,0.7002127773097488,0.0019251589647927285,0.003519913973300284,0.0023968062049243423,True,4.021365124514299,-0.00601219170736432,True,fecfe5c107ef36f7ce31,7739cd2f1d7cf2ae165f
27,0.8841257095336914,0.7321620590022537,0.00025989600718655763,0.0003777016256864767,0.00035475339289139777,True,3.782468335734625,-0.016612601435845115,True,fecfe5c107ef36f7ce31,7739cd2f1d7cf2ae165f
28,0.9161760807037354,0.7642124301722977,0.00046785833288801563,0.0008654032312853555,0.0010937476332203977,True,4.116823274718894,-0.019811717922557794,True,fecfe5c107ef36f7ce31,7739cd2f1d7cf2ae165f
29,0.9520132541656494,0.8000496036342117,0.012058810835337887,0.02031343550781021,0.0343168667653559,True,3.9233857072039555,0.016237644252771747,True,fecfe5c107ef36f7ce31,7739cd2f1d7cf2ae165f
30,0.9841346740722656,0.832171023540828,0.015480485835358462,0.02809077599219499,0.04573171252972088,True,4.16238246514806,0.006825462081513679,True,fecfe5c107ef36f7ce31,7739cd2f1d7cf2ae165f
31,1.0161747932434082,0.8642111427119705,0.01204349464901408,0.037962532358262746,0.06749054019906847,True,4.008925664974565,-0.006991894364459929,True,fecfe5c107ef36f7ce31,7739cd2f1d7cf2ae165f
32,1.0521438121795654,0.9001801616481278,0.007231126421320811,0.02160003972986231,0.03910613298762054,True,4.093369273765388,0.004263078409604075,True,fecfe5c107ef36f7ce31,7739cd2f1d7cf2ae165f
33,1.0841217041015625,0.9321580535701248,0.0035785631731360596,0.005608110046313589,0.009769619816149886,True,4.003375105963715,0.019878173751757044,True,fecfe5c107ef36f7ce31,7739cd2f1d7cf2ae165f
34,1.1175925731658936,0.9656289226344559,0.001985890233298164,0.003249728847416812,0.005270470946243726,True,4.082309839369334,0.0022937924347062166,True,fecfe5c107ef36f7ce31,7739cd2f1d7cf2ae165f
35,1.152204990386963,1.0002413398555254,0.0031946705686401143,0.004976231499793766,0.007063840355002485,True,4.015843880591349,0.0025097996761138954,True,fecfe5c107ef36f7ce31,7739cd2f1d7cf2ae165f
36,1.1842594146728516,1.032295764141414,0.0002572764355646199,0.0002216094366319799,0.0003609704808654199,True,4.027203355392365,0.017458688796695352,True,fecfe5c107ef36f7ce31,7739cd2f1d7cf2ae165f
37,1.216233491897583,1.0642698413661456,0.00033142505077924734,0.00020829427302119163,0.00036059132355774966,True,3.8769018796224675,0.0021908005716845982,True,fecfe5c107ef36f7ce31,7739cd2f1d7cf2ae165f
38,1.2521586418151855,1.100194991283748,0.0009506797635561689,0.0012544090993641009,0.0016019343515553694,True,3.875919512538173,0.005678555485274139,True,fecfe5c107ef36f7ce31,7739cd2f1d7cf2ae165f
39,1.284226655960083,1.1322630054286456,0.000973388454886061,0.0013169466943253338,0.0016866423182797959,True,3.981251582374544,0.02176275326826259,True,fecfe5c107ef36f7ce31,7739cd2f1d7cf2ae165f
40,1.3162145614624023,1.1642509109309649,0.0006404261207760719,0.00014453241679116677,0.00017357936562964604,True,3.8820011780770702,0.002247261934528004,True,fecfe5c107ef36f7ce31,7739cd2f1d7cf2ae165f
41,1.3522067070007324,1.200243056469295,0.0006401956705559427,0.00010203757452500538,0.00010405259198335627,True,3.8712157707678374,0.01084148532671033,True,fecfe5c107ef36f7ce31,7739cd2f1d7cf2ae165f
42,1.3851814270019531,1.2332177764705157,0.0026854361799973515,0.0037041798401777296,0.007426093597805428,True,3.920946104960965,0.0306462874194275,True,fecfe5c107ef36f7ce31,7739cd2f1d7cf2ae165f
43,1.4162757396697998,1.2643120891383623,0.00317210726250565,0.009369075114732058,0.019037575451213016,True,3.9458399848320123,0.011639110577098051,True,fecfe5c107ef36f7ce31,7739cd2f1d7cf2ae165f
44,1.452226161956787,1.3002625114253497,0.0033277786784312335,0.009484018313735338,0.018986607757325545,True,4.0244762250418855,0.012538168521630137,True,fecfe5c107ef36f7ce31,7739cd2f1d7cf2ae165f
45,1.4841713905334473,1.3322077400020098,0.006188616038063844,0.017473390107310624,0.018459496074616853,True,3.83826021226666,0.054265497128963905,True,fecfe5c107ef36f7ce31,7739cd2f1d7cf2ae165f
46,1.5162546634674072,1.3642910129359698,0.008480946334302958,0.0233664900659822,0.02393349165359676,True,3.9310696815196584,0.015595549480022121,True,fecfe5c107ef36f7ce31,7739cd2f1d7cf2ae165f
47,1.5521621704101562,1.4001985198787188,0.0017011777650693695,0.0032813017509873534,0.005189438827072192,True,3.8790155552163896,0.01809431847945153,True,fecfe5c107ef36f7ce31,7739cd2f1d7cf2ae165f
48,1.5842535495758057,1.4322898990443682,0.0017943390437300463,0.0034102146330318973,0.005587024447880332,True,4.02796439134169,0.029874351374307176,True,fecfe5c107ef36f7ce31,7739cd2f1d7cf2ae165f
49,1.6162090301513672,1.4642453796199297,0.001241862168977223,0.0010834680273172795,0.002187833667479244,True,3.889818879454314,0.022677026721715725,True,fecfe5c107ef36f7ce31,7739cd2f1d7cf2ae165f
50,1.6523022651672363,1.5003386146357989,0.0025798293628745716,0.0028445375459683025,0.0067910973539169,True,3.9878939124754584,0.022739123549719253,True,fecfe5c107ef36f7ce31,7739cd2f1d7cf2ae165f
51,1.6842927932739258,1.5323291427424883,0.0010723282404596103,0.011444103159235287,0.027262810644360765,True,3.9669254475405595,0.04361730038336146,True,fecfe5c107ef36f7ce31,7739cd2f1d7cf2ae165f
52,1.716341257095337,1.5643776065638995,0.0008188950024424778,0.005581950918266362,0.01296212810888682,True,3.986306535339774,0.01117600070325914,True,fecfe5c107ef36f7ce31,7739cd2f1d7cf2ae165f
53,1.752241611480713,1.6002779609492754,0.0014827989745550788,0.010276137473581153,0.022007378769586975,True,3.995919424056026,0.03618198966941796,True,fecfe5c107ef36f7ce31,7739cd2f1d7cf2ae165f
54,1.784268856048584,1.6323052055171465,0.002345916951519832,0.005663120208442883,0.007793152912584754,True,4.072477849810592,0.035782502381683984,True,fecfe5c107ef36f7ce31,7739cd2f1d7cf2ae165f
55,1.816192865371704,1.6642292148402666,0.003144612864679324,0.007789179604205796,0.011384989284311479,True,4.0859285316801115,0.030616713407253925,True,fecfe5c107ef36f7ce31,7739cd2f1d7cf2ae165f
56,1.8522250652313232,1.7002614146998858,0.005390826251224909,0.008249108967723219,0.008427146911515165,True,4.29018170074623,0.020761518651799107,True,fecfe5c107ef36f7ce31,7739cd2f1d7cf2ae165f
57,1.884159803390503,1.7321961528590655,0.005326756889858468,0.008639292405280649,0.008824240499340798,True,4.3100986067943365,0.03987407914415908,True,fecfe5c107ef36f7ce31,7739cd2f1d7cf2ae165f
58,1.9162747859954834,1.764311135464046,0.04052953313618101,0.0250784903986858,0.011476471702363322,True,4.215827661316683,0.042351407642213595,True,fecfe5c107ef36f7ce31,7739cd2f1d7cf2ae165f
59,1.952202558517456,1.8002389079860186,0.05162302219782388,0.032583989811060296,0.01197351284414649,True,4.433634185818048,0.028807172051182783,True,fecfe5c107ef36f7ce31,7739cd2f1d7cf2ae165f
60,1.984245777130127,1.8322821265986895,0.07251514994479105,0.04569987897236516,0.07606926525976104,True,4.429256991000565,0.026793904606062107,True,fecfe5c107ef36f7ce31,7739cd2f1d7cf2ae165f
61,2.0162501335144043,1.8642864829829668,0.06740905271259759,0.046277044950437725,0.08823566302447378,True,3.8493565853187732,0.030056500393926624,True,fecfe5c107ef36f7ce31,7739cd2f1d7cf2ae165f
62,2.052241802215576,1.9002781516841387,0.09218857600484882,0.04744226908341808,0.07816401597010048,True,3.749758863950717,0.030049648260202483,True,fecfe5c107ef36f7ce31,7739cd2f1d7cf2ae165f
63,2.0842201709747314,1.932256520443294,0.07994354877366666,0.05445714375520161,0.0855467396931657,True,4.320349382162801,0.00965833761768756,True,fecfe5c107ef36f7ce31,7739cd2f1d7cf2ae165f
64,2.116259813308716,1.9642961627772784,0.07920126569928715,0.053126322475091935,0.08200133694149529,True,4.3159059141361364,-0.02423579393784018,True,fecfe5c107ef36f7ce31,7739cd2f1d7cf2ae165f
65,2.153033494949341,2.0010698444179034,0.09085330897358575,0.0819526191989641,0.1045133892579829,True,4.402711262940525,-0.0007835444721396669,True,fecfe5c107ef36f7ce31,7739cd2f1d7cf2ae165f
66,2.184224843978882,2.0322611934474444,0.08253982288130912,0.08360052063896652,0.11436028891304109,True,4.7446744585749165,0.02694396774565538,True,fecfe5c107ef36f7ce31,7739cd2f1d7cf2ae165f
67,2.2169666290283203,2.065002978496883,0.03913933173701007,0.06379379413082392,0.06878977902020972,True,4.532766090621844,0.011548438315083061,True,fecfe5c107ef36f7ce31,7739cd2f1d7cf2ae165f
68,2.252246856689453,2.1002832061580157,0.040016266530459636,0.06252211336076995,0.06794043302534561,True,4.5469879161042,0.0017617927868598658,True,fecfe5c107ef36f7ce31,7739cd2f1d7cf2ae165f
69,2.284359931945801,2.1323962814143633,0.05860519405712733,0.05221732896661579,0.11957778422827726,True,4.5671765203029615,0.012515797580932258,True,fecfe5c107ef36f7ce31,7739cd2f1d7cf2ae165f
70,2.316310405731201,2.1643467551997637,0.07358333371442823,0.06482177031411414,0.14482725258875045,True,4.31804823714749,-0.0008257483851670337,True,fecfe5c107ef36f7ce31,7739cd2f1d7cf2ae165f
71,2.3523497581481934,2.200386107616756,0.010880928592305815,0.01414211853166166,0.026811503026888638,True,4.383754811452663,-0.005699414774941795,True,fecfe5c107ef36f7ce31,7739cd2f1d7cf2ae165f
72,2.3841989040374756,2.232235253506038,0.020926149789040446,0.027350007283483614,0.05548515601163979,True,4.344099949034528,0.012094479524712123,True,fecfe5c107ef36f7ce31,7739cd2f1d7cf2ae165f
73,2.416248321533203,2.2642846710017657,0.05048591947851152,0.06686554387405683,0.12264006169355135,True,4.362300955322699,0.0018680377907824377,True,fecfe5c107ef36f7ce31,7739cd2f1d7cf2ae165f
74,2.4522132873535156,2.300249636822078,0.036484326742716566,0.04930750090846863,0.056228967699915,True,4.406967318180239,0.009692617263497693,True,fecfe5c107ef36f7ce31,7739cd2f1d7cf2ae165f
75,2.4842824935913086,2.332318843059871,0.03580890198333083,0.04875276780057204,0.06174149919417792,True,4.3337027815693165,0.019953463470213758,True,fecfe5c107ef36f7ce31,7739cd2f1d7cf2ae165f
76,2.516209602355957,2.3642459518245196,0.006571363160295685,0.011608042481243223,0.01167351129118217,True,4.359164110095063,-0.0066131713288228484,True,fecfe5c107ef36f7ce31,7739cd2f1d7cf2ae165f
77,2.5522608757019043,2.400297225170467,0.009753979854626095,0.018166732091334084,0.018237061741527373,True,3.786761715508732,0.04227836065350098,True,fecfe5c107ef36f7ce31,7739cd2f1d7cf2ae165f
78,2.5842506885528564,2.432287038021419,0.024644840474229348,0.025255350528851233,0.022386080254762127,True,4.106316141655483,0.01646413032691405,True,fecfe5c107ef36f7ce31,7739cd2f1d7cf2ae165f
79,2.616330862045288,2.4643672115138506,0.02776604609587309,0.027805597858861084,0.02479972732679953,True,3.6967460686854605,0.021746347967484023,True,fecfe5c107ef36f7ce31,7739cd2f1d7cf2ae165f
80,2.652275323867798,2.5003116733363604,0.03269728120584486,0.07610466141390676,0.06755632796926372,True,4.1176111816344365,-0.01028434721320992,True,fecfe5c107ef36f7ce31,7739cd2f1d7cf2ae165f
81,2.6843044757843018,2.5323408252528643,0.029919855966514888,0.06583995751050864,0.06233345239135924,True,4.073575707159368,0.03722035288516592,True,fecfe5c107ef36f7ce31,7739cd2f1d7cf2ae165f
82,2.7162182331085205,2.564254582577083,0.024042690821282797,0.04947857543456538,0.047219512354917156,True,4.284130261471773,-0.004152210529873798,True,fecfe5c107ef36f7ce31,7739cd2f1d7cf2ae165f
83,2.752279281616211,2.6003156310847735,0.02383404258006112,0.055538534369923793,0.07771062433824862,True,4.157599645600329,0.02649848841969748,True,fecfe5c107ef36f7ce31,7739cd2f1d7cf2ae165f
84,2.784308671951294,2.6323450214198565,0.01657951419680586,0.036557421135896606,0.07007314204781333,True,4.306327152652755,0.02364243113649345,True,fecfe5c107ef36f7ce31,7739cd2f1d7cf2ae165f
85,2.816405773162842,2.6644421226314043,0.04794697791257292,0.053815416620662394,0.055348862641055076,True,4.242176675459837,0.0020207667699349936,True,fecfe5c107ef36f7ce31,7739cd2f1d7cf2ae165f
86,2.8523335456848145,2.700369895153377,0.060252378167234534,0.06420970809920082,0.06318313373861004,True,4.219576056111199,0.010868107822222386,True,fecfe5c107ef36f7ce31,7739cd2f1d7cf2ae165f
87,2.8844056129455566,2.732441962414119,0.07239343652657303,0.12663876651474487,0.10676590466760733,True,4.125370841529052,-0.002261950537999114,True,fecfe5c107ef36f7ce31,7739cd2f1d7cf2ae165f
88,2.916316270828247,2.7643526202968096,0.07962764526742656,0.11938681145412372,0.10364892568907148,True,4.101877128859109,-0.00859782377459033,True,fecfe5c107ef36f7ce31,7739cd2f1d7cf2ae165f
89,2.9522600173950195,2.800296366863582,0.06954669361477395,0.1244335510968991,0.12643749558180928,True,4.176482343423444,-0.010600628277529542,True,fecfe5c107ef36f7ce31,7739cd2f1d7cf2ae165f
90,2.985165596008301,2.8332019454768633,0.065523598011814,0.11334520009596594,0.12273433982868034,True,4.0765068290859485,-0.004437278449564535,True,fecfe5c107ef36f7ce31,7739cd2f1d7cf2ae165f
91,3.0163815021514893,2.864417851620052,0.05814890696159866,0.10792637038992271,0.12072141004478244,True,4.162963429437884,-0.00559298261745326,True,fecfe5c107ef36f7ce31,7739cd2f1d7cf2ae165f
92,3.052335023880005,2.9003713733485674,0.07522486806058652,0.10623493781159543,0.15842003430855092,True,4.282906233790251,-0.010017229276871757,True,fecfe5c107ef36f7ce31,7739cd2f1d7cf2ae165f
93,3.0843663215637207,2.9324026710322832,0.06983926676944359,0.09844088164657193,0.1519575141881984,True,4.22993383387717,-6.573081112829188e-05,True,fecfe5c107ef36f7ce31,7739cd2f1d7cf2ae165f
94,3.116352081298828,2.9643884307673907,0.09348536532719783,0.13350634886471888,0.13207991968147076,True,4.056751828927671,-0.013705787245773128,True,fecfe5c107ef36f7ce31,7739cd2f1d7cf2ae165f
95,3.152254343032837,3.000290692501399,0.08799974762028387,0.1292340925304707,0.1309005863155934,True,3.965550549121998,-0.005741201988592398,True,fecfe5c107ef36f7ce31,7739cd2f1d7cf2ae165f
96,3.1842994689941406,3.0323358184627027,0.06306785009233086,0.08868289595120593,0.0985890433624487,True,4.04155146411854,-0.0030613975309985095,True,fecfe5c107ef36f7ce31,7739cd2f1d7cf2ae165f
97,3.2163140773773193,3.0643504268458814,0.07381985940413129,0.10062307086572707,0.11449420804523057,True,4.090940526232004,-0.02118492187762997,True,fecfe5c107ef36f7ce31,7739cd2f1d7cf2ae165f
98,3.2522871494293213,3.1003234988978834,0.07089879982430117,0.07891311758545562,0.09576346634936266,True,4.157969287501383,-0.006370993794418657,True,fecfe5c107ef36f7ce31,7739cd2f1d7cf2ae165f
99,3.284287691116333,3.132324040584895,0.08772129282187037,0.11167367512820094,0.13724562737391782,True,4.009540273909106,-0.018685716602932757,True,fecfe5c107ef36f7ce31,7739cd2f1d7cf2ae165f
100,3.3163163661956787,3.164352715664241,0.09142180956958841,0.11080438354280867,0.13880811606916907,True,4.120972855053555,-0.0341681745431506,True,fecfe5c107ef36f7ce31,7739cd2f1d7cf2ae165f
101,3.3522441387176514,3.2002804881862135,0.08939002430950188,0.10280434718854635,0.1482707743151921,True,3.9193003114481635,-0.011214888456512261,True,fecfe5c107ef36f7ce31,7739cd2f1d7cf2ae165f
102,3.384270668029785,3.2323070174983473,0.08477026431781925,0.10221360129722343,0.15052807984042313,True,4.206421936473763,-0.013557159008229276,True,fecfe5c107ef36f7ce31,7739cd2f1d7cf2ae165f
103,3.416292905807495,3.264329255276057,0.043223566804357565,0.09671360754097173,0.12779253606134064,True,4.064414075139827,-0.03019113594368639,True,fecfe5c107ef36f7ce31,7739cd2f1d7cf2ae165f
104,3.4522926807403564,3.3003290302089185,0.044877054824552044,0.09693329264378733,0.12990323205193594,True,4.105765107625235,-0.04432721727842987,True,fecfe5c107ef36f7ce31,7739cd2f1d7cf2ae165f
105,3.4842782020568848,3.332314551525447,0.06037135485611747,0.07918033426358558,0.10746290296814281,True,4.182048228201957,-0.02452224768791471,True,fecfe5c107ef36f7ce31,7739cd2f1d7cf2ae165f
106,3.5161240100860596,3.3641603595546217,0.04559655461245001,0.07274918299150276,0.10485518112231602,True,4.289176171323515,-0.05313918778329469,True,fecfe5c107ef36f7ce31,7739cd2f1d7cf2ae165f
107,3.5520803928375244,3.4001167423060865,0.08720423379942582,0.0960028628659903,0.08670365929642518,True,4.122296290135867,-0.033463026624739586,True,fecfe5c107ef36f7ce31,7739cd2f1d7cf2ae165f
108,3.5840964317321777,3.43213278120074,0.08382500217273357,0.0956804413018509,0.08878208560654825,True,4.151837770746741,-0.04272407514857223,True,fecfe5c107ef36f7ce31,7739cd2f1d7cf2ae165f
109,3.6161162853240967,3.464152634792659,0.09413657357034272,0.0996350347530628,0.09224550091544757,True,4.0985280071818,-0.054435192101157485,True,fecfe5c107ef36f7ce31,7739cd2f1d7cf2ae165f
110,3.6523075103759766,3.5003438598445387,0.09170343188137575,0.09100166804169342,0.0901349802998461,True,3.9957854854754666,-0.035505780789519735,True,fecfe5c107ef36f7ce31,7739cd2f1d7cf2ae165f
111,3.684237241744995,3.532273591213557,0.08550905115806037,0.0866370574442191,0.08660807000906731,True,4.073140642454481,-0.040980505408585194,True,fecfe5c107ef36f7ce31,7739cd2f1d7cf2ae165f
112,3.7162370681762695,3.5642734176448316,0.13334309970762756,0.11251186304600053,0.11194901594979013,True,4.138976618775484,-0.06482284700502158,True,fecfe5c107ef36f7ce31,7739cd2f1d7cf2ae165f
113,3.753080368041992,3.6011167175105543,0.13281718906635256,0.11409786781148655,0.1128099489959233,True,4.006594157915329,-0.04590186495669381,True,fecfe5c107ef36f7ce31,7739cd2f1d7cf2ae165f
114,3.7843003273010254,3.6323366767695875,0.10229570089304153,0.09398503698779949,0.0859039067348152,True,4.091204607418076,-0.03738343802640168,True,fecfe5c107ef36f7ce31,7739cd2f1d7cf2ae165f
115,3.816554069519043,3.664590418987605,0.10229902525530822,0.09449099469446127,0.08640736718359718,True,4.018849633186012,-0.04479045838350202,True,fecfe5c107ef36f7ce31,7739cd2f1d7cf2ae165f
116,3.852174758911133,3.700211108379695,0.11340858699245235,0.12121763997871537,0.1174785769905782,True,4.042716635292857,-0.06230104097533538,True,fecfe5c107ef36f7ce31,7739cd2f1d7cf2ae165f
117,3.8842930793762207,3.732329428844783,0.1086675003114342,0.11498374609363927,0.11660367834035028,True,3.876395057764838,-0.04588309351488749,True,fecfe5c107ef36f7ce31,7739cd2f1d7cf2ae165f
118,3.9162912368774414,3.7643275863460035,0.10550169467854363,0.11179678207383895,0.11483907220122697,True,3.8619953207672353,-0.059858757402021505,True,fecfe5c107ef36f7ce31,7739cd2f1d7cf2ae165f
119,3.952259063720703,3.8002954131892652,0.07684912513666114,0.10334919228647135,0.09667565388202255,True,3.7335462825285344,-0.058831345026476654,True,fecfe5c107ef36f7ce31,7739cd2f1d7cf2ae165f
120,3.984287738800049,3.832324088268611,0.07639440361902619,0.10267546644105571,0.09550818847405103,True,3.817381725472268,-0.06450166013120497,True,fecfe5c107ef36f7ce31,7739cd2f1d7cf2ae165f
121,4.016318321228027,3.8643546706965894,0.11928217866011415,0.10640006836562149,0.11370640872088203,True,3.8505871212959972,-0.06792703981313966,True,fecfe5c107ef36f7ce31,7739cd2f1d7cf2ae165f
122,4.052247047424316,3.9002833968928785,0.10955221030252998,0.0997619878227527,0.11024310014876813,True,3.887485128407821,-0.06551841721021882,True,fecfe5c107ef36f7ce31,7739cd2f1d7cf2ae165f
123,4.0843329429626465,3.9323692924312086,0.1605709792324867,0.11720021244033338,0.09360690186481328,True,4.240100628630357,-0.07746966937630427,True,fecfe5c107ef36f7ce31,7739cd2f1d7cf2ae165f
124,4.116299867630005,3.964336217098567,0.15736930841044072,0.1161757350174286,0.0921387970032833,True,4.113806450505578,-0.06564710616011947,True,fecfe5c107ef36f7ce31,7739cd2f1d7cf2ae165f
125,4.152259588241577,4.000295937710139,0.10510067426375562,0.07921641962669947,0.06603962082942344,True,3.997478217826818,-0.08268201314923526,True,fecfe5c107ef36f7ce31,7739cd2f1d7cf2ae165f
126,4.184239387512207,4.032275736980769,0.11295037524372965,0.0863545246933375,0.0756388908872448,True,4.13273760933116,-0.07647990757116821,True,fecfe5c107ef36f7ce31,7739cd2f1d7cf2ae165f
127,4.216310024261475,4.064346373730037,0.1148767391314315,0.08587302892854133,0.07318973861128752,True,4.183300460191353,-0.07437294782834174,True,fecfe5c107ef36f7ce31,7739cd2f1d7cf2ae165f
128,4.252254486083984,4.1002908355525465,0.11506179870453327,0.09695735289119513,0.0892116138048183,True,4.214716386230948,-0.07950346237387501,True,fecfe5c107ef36f7ce31,7739cd2f1d7cf2ae165f
129,4.284369945526123,4.132406294994685,0.12410512963547875,0.10323280696955404,0.09282535886859841,True,4.245476109244616,-0.048629929062931766,True,fecfe5c107ef36f7ce31,7739cd2f1d7cf2ae165f
130,4.3161985874176025,4.164234936886165,0.09480022632874545,0.07196381684083838,0.04840339279395148,True,4.255140696544316,-0.07292842658108013,True,fecfe5c107ef36f7ce31,7739cd2f1d7cf2ae165f
131,4.352283000946045,4.200319350414607,0.08893696759877287,0.06717090068307395,0.044671060168525414,True,4.09039159541855,-0.06763464061548537,True,fecfe5c107ef36f7ce31,7739cd2f1d7cf2ae165f
132,4.384267330169678,4.23230367963824,0.13260909461230042,0.08863338240902685,0.06832932500876834,True,3.9295892469429807,-0.04815922000400973,True,fecfe5c107ef36f7ce31,7739cd2f1d7cf2ae165f
133,4.416261434555054,4.264297784023616,0.0833369610150749,0.05741339487804784,0.04479177351825886,True,3.839757781780262,-0.060137923947532236,True,fecfe5c107ef36f7ce31,7739cd2f1d7cf2ae165f
134,4.452212810516357,4.3002491599849195,0.0735283237141914,0.06122885724746818,0.05626735437068694,True,4.063259029846747,-0.08281192485452071,True,fecfe5c107ef36f7ce31,7739cd2f1d7cf2ae165f
135,4.484333276748657,4.332369626217219,0.08193182869441037,0.06993402767160076,0.06434040161893256,True,3.870466948583336,-0.035969905340679294,True,fecfe5c107ef36f7ce31,7739cd2f1d7cf2ae165f
136,4.516257286071777,4.3642936355403394,0.0989745276080393,0.08282546463771878,0.07533833765202241,True,3.9988976193151533,-0.08190025907009676,True,fecfe5c107ef36f7ce31,7739cd2f1d7cf2ae165f
137,4.552245378494263,4.400281727962825,0.034252145800049066,0.025537266602413154,0.024099131414180387,True,3.8717648013055177,-0.06061485042318837,True,fecfe5c107ef36f7ce31,7739cd2f1d7cf2ae165f
138,4.584580421447754,4.432616770916316,0.015564485793833837,0.011300914303858748,0.010718653234367225,True,4.164213700554092,-0.06246585403373534,True,fecfe5c107ef36f7ce31,7739cd2f1d7cf2ae165f
139,4.616106033325195,4.464142382793757,0.002874651771947422,0.002323385900663215,0.0019634419057628695,True,3.9484521388956275,-0.07590463766798859,True,fecfe5c107ef36f7ce31,7739cd2f1d7cf2ae165f
140,4.652106046676636,4.500142396145198,0.002714385484460816,0.002278132848640925,0.0018833804706760082,True,4.325999501554597,-0.07721433020472639,True,fecfe5c107ef36f7ce31,7739cd2f1d7cf2ae165f
141,4.684157133102417,4.532193482570979,0.0010773775369720094,0.0012382943922800678,0.0012904862766782066,True,4.227751717173264,-0.04327689166182604,True,fecfe5c107ef36f7ce31,7739cd2f1d7cf2ae165f
142,4.716153144836426,4.564189494304988,0.0019267460218179687,0.0022021280981682715,0.002330306346583649,True,4.4070875134607945,-0.09267151828576138,True,fecfe5c107ef36f7ce31,7739cd2f1d7cf2ae165f
143,4.752048492431641,4.600084841900203,0.003503640629342175,0.0030742615480658583,0.0036372429034368923,True,4.15933938328345,-0.031899325123349885,True,fecfe5c107ef36f7ce31,7739cd2f1d7cf2ae165f
144,4.784192800521851,4.632229149990413,0.0024534362454948274,0.0020682865755627246,0.002309073888879858,True,4.33005395756516,-0.0406301624717952,True,fecfe5c107ef36f7ce31,7739cd2f1d7cf2ae165f
145,4.8162682056427,4.664304555111262,0.0046097013184731766,0.004350549612389073,0.0046108313882545346,True,4.120562855160383,-0.06201857694410691,True,fecfe5c107ef36f7ce31,7739cd2f1d7cf2ae165f
146,4.852237939834595,4.700274289303157,0.003236046847910161,0.0032267135017621106,0.003523208427879568,True,4.095344834874959,-0.07613629540787391,True,fecfe5c107ef36f7ce31,7739cd2f1d7cf2ae165f
147,4.884105682373047,4.732142031841609,0.01133323160822871,0.013074184522102192,0.01598780716280006,True,3.740996595543192,-0.04656983094990653,True,fecfe5c107ef36f7ce31,7739cd2f1d7cf2ae165f
148,4.91619348526001,4.764229834728572,0.03656373706558512,0.06526783225230672,0.0667152668960736,True,3.948593508823561,-0.05565015823328875,True,fecfe5c107ef36f7ce31,7739cd2f1d7cf2ae165f
149,4.95208740234375,4.800123751812312,0.03402067876023476,0.06289593283695107,0.0638122330526169,True,4.22079404246675,-0.0591250744832308,True,fecfe5c107ef36f7ce31,7739cd2f1d7cf2ae165f
150,4.984158992767334,4.832195342235896,0.048007415128106454,0.08094204347001975,0.07617103904191506,True,4.2046120885174165,-0.044467154196249845,True,fecfe5c107ef36f7ce31,7739cd2f1d7cf2ae165f
151,5.016148090362549,4.864184439831111,0.05686819791538925,0.08755888808304588,0.0858818220156474,True,4.041708091562057,-0.04421546420094964,True,fecfe5c107ef36f7ce31,7739cd2f1d7cf2ae165f
152,5.052095174789429,4.900131524257991,0.07060062048773227,0.08912482588057317,0.09116028641502355,True,4.004523029741003,-0.02665401104784899,True,fecfe5c107ef36f7ce31,7739cd2f1d7cf2ae165f
153,5.0841569900512695,4.932193339519832,0.06677682995763184,0.08779881764815257,0.09234754576871251,True,3.8110696612562074,-0.014802865984549069,True,fecfe5c107ef36f7ce31,7739cd2f1d7cf2ae165f
154,5.11618971824646,4.964226067715022,0.0676295551719101,0.0911713452023129,0.09633922545233518,True,3.9466404999202034,-0.04274942843787477,True,fecfe5c107ef36f7ce31,7739cd2f1d7cf2ae165f
155,5.152101755142212,5.000138104610774,0.012190180682132906,0.017388966901465082,0.018581982589900077,True,3.7244397658364696,-0.0444225487464441,True,fecfe5c107ef36f7ce31,7739cd2f1d7cf2ae165f
156,5.184113264083862,5.032149613552424,0.012261527451078747,0.019160057325257374,0.019458519681015137,True,3.987434185204888,-0.0400877858140622,True,fecfe5c107ef36f7ce31,7739cd2f1d7cf2ae165f
157,5.216131210327148,5.0641675597957105,0.001315244950272646,0.0032054709695814336,0.0040887815124426175,True,3.823288976111071,-0.04278840452543575,True,fecfe5c107ef36f7ce31,7739cd2f1d7cf2ae165f
158,5.252264499664307,5.100300849132869,0.002269522728335197,0.005453967614301189,0.00761644295561343,True,3.827260798422853,-0.017556767561428037,True,fecfe5c107ef36f7ce31,7739cd2f1d7cf2ae165f
159,5.28426456451416,5.132300913982722,0.0004172488666193937,0.0007570726417491814,0.0006269808471997716,True,3.9049703638245505,-0.020609722277276202,True,fecfe5c107ef36f7ce31,7739cd2f1d7cf2ae165f
160,5.316259860992432,5.164296210460994,0.00039308944222034764,0.0007213658205600568,0.000596582621082349,True,4.0023709103295975,-0.05702010471550952,True,fecfe5c107ef36f7ce31,7739cd2f1d7cf2ae165f
161,5.352994680404663,5.201031029873225,0.002414970706749039,0.00515786427200127,0.005222775045786627,True,3.9055123766883932,-0.01367021523196509,True,fecfe5c107ef36f7ce31,7739cd2f1d7cf2ae165f
162,5.384125709533691,5.2321620590022535,0.004909334444305251,0.009818192541699609,0.010279106275799029,True,3.918977867986687,-0.0034215342701673273,True,fecfe5c107ef36f7ce31,7739cd2f1d7cf2ae165f
163,5.416974306106567,5.2650106555751295,0.005354103385013369,0.011555084675405902,0.012938810833310088,True,3.919537553957066,-0.02040765066734263,True,fecfe5c107ef36f7ce31,7739cd2f1d7cf2ae165f
164,5.452148914337158,5.30018526380572,0.03504335243546083,0.05126039363196319,0.05955572955906885,True,3.8433714033329904,-0.04259553434183938,True,fecfe5c107ef36f7ce31,7739cd2f1d7cf2ae165f
165,5.484187841415405,5.332224190883967,0.03531301373561199,0.04918911548640494,0.0567882031914434,True,3.5870639701463025,0.00036613326489122,True,fecfe5c107ef36f7ce31,7739cd2f1d7cf2ae165f
166,5.516193151473999,5.364229500942561,0.005711616496880039,0.03187407946987536,0.07375170462783388,True,3.7963774471122185,-0.023305209236417223,True,fecfe5c107ef36f7ce31,7739cd2f1d7cf2ae165f
167,5.55213475227356,5.400171101742122,0.007186922371894494,0.03565138841521835,0.07347095467850093,True,3.849831362041768,-0.039687225463409664,True,fecfe5c107ef36f7ce31,7739cd2f1d7cf2ae165f
168,5.584146738052368,5.43218308752093,0.00265834594289739,0.03023038444159224,0.07880583198900402,True,3.811470219853408,-0.030545778663123243,True,fecfe5c107ef36f7ce31,7739cd2f1d7cf2ae165f
169,5.616225242614746,5.464261592083308,0.0032338092632625067,0.036772621628159474,0.07525608634567488,True,3.786626014768869,-0.02784571624602874,True,fecfe5c107ef36f7ce31,7739cd2f1d7cf2ae165f
170,5.652145624160767,5.500181973629329,0.005380329783432787,0.056672431818949834,0.053551927819497115,True,3.7048610207635955,0.012379685323582471,True,fecfe5c107ef36f7ce31,7739cd2f1d7cf2ae165f
171,5.684149742126465,5.532186091595027,0.005031893075585035,0.0659808440881558,0.06067451137190698,True,3.79267726290027,0.0037413143372022417,True,fecfe5c107ef36f7ce31,7739cd2f1d7cf2ae165f
172,5.716159105300903,5.564195454769465,0.011187349922417596,0.055665184569129784,0.06943578643675558,True,4.118134138212478,-0.041019708383506145,True,fecfe5c107ef36f7ce31,7739cd2f1d7cf2ae165f
173,5.752089977264404,5.600126326732966,0.009988846558478506,0.05080280306312207,0.0647861590946373,True,4.1538666538732025,-0.023803051839506446,True,fecfe5c107ef36f7ce31,7739cd2f1d7cf2ae165f
174,5.784293174743652,5.6323295242122144,0.00982446398338559,0.04887409326614961,0.06240870092330267,True,4.076641335275536,-0.002838133945214741,True,fecfe5c107ef36f7ce31,7739cd2f1d7cf2ae165f
175,5.816145896911621,5.664182246380183,0.009092320556739735,0.03807026761733682,0.056547298784849896,True,3.549356288390439,0.048230476295470684,True,fecfe5c107ef36f7ce31,7739cd2f1d7cf2ae165f
176,5.8520989418029785,5.700135291271541,0.006983982470479056,0.029055720012823114,0.0469723708362389,True,4.172073055445516,-0.006590529505714397,True,fecfe5c107ef36f7ce31,7739cd2f1d7cf2ae165f
177,5.884140968322754,5.732177317791316,0.016418194878399982,0.06513682873065589,0.08942406250394026,True,3.817727935441563,0.003709254299036816,True,fecfe5c107ef36f7ce31,7739cd2f1d7cf2ae165f
178,5.9161057472229,5.7641420966914625,0.015471999806344436,0.06305584052966856,0.09065257077840916,True,3.9283361917477206,-0.01550536038866942,True,fecfe5c107ef36f7ce31,7739cd2f1d7cf2ae165f
179,5.9521965980529785,5.800232947521541,0.0022657934111290677,0.007080683281909494,0.0107541611299279,True,3.724802557470577,0.03421606328569187,True,fecfe5c107ef36f7ce31,7739cd2f1d7cf2ae165f
180,5.9840734004974365,5.832109749965999,0.002926476710776276,0.00918460942520005,0.013563449259591449,True,3.829823018195591,0.006309562993373981,True,fecfe5c107ef36f7ce31,7739cd2f1d7cf2ae165f
181,6.016267538070679,5.864303887539241,0.004132531674977343,0.011994269984432647,0.0103688151333401,True,3.729345032849225,-0.016654285273253328,True,fecfe5c107ef36f7ce31,7739cd2f1d7cf2ae165f
182,6.052299499511719,5.900335848980281,0.006611956033035206,0.017342442165702344,0.014677541118151734,True,3.7905545625097052,-0.014936133411733093,True,fecfe5c107ef36f7ce31,7739cd2f1d7cf2ae165f
183,6.084270715713501,5.932307065182063,0.0068086801660478475,0.01871928885054261,0.015965433469666515,True,3.8929318258237107,-0.01587492375856112,True,fecfe5c107ef36f7ce31,7739cd2f1d7cf2ae165f
184,6.116260051727295,5.964296401195857,0.006739046961188121,0.02397389682465898,0.046515665475378276,True,3.8341918583436145,0.002978612722020437,True,fecfe5c107ef36f7ce31,7739cd2f1d7cf2ae165f
185,6.152209281921387,6.000245631389949,0.008177379374765984,0.029074832009011228,0.0542651588610723,True,3.9199270285159202,-0.01171453536844322,True,fecfe5c107ef36f7ce31,7739cd2f1d7cf2ae165f
186,6.184878349304199,6.032914698772761,0.013657881026602637,0.05991085927717486,0.0797181270749505,True,3.922153701329851,-0.004437790387878594,True,fecfe5c107ef36f7ce31,7739cd2f1d7cf2ae165f
187,6.21618127822876,6.064217627697322,0.01496298627531837,0.0670699908621052,0.08921600892688444,True,3.731346620523186,-0.009082087353146985,True,fecfe5c107ef36f7ce31,7739cd2f1d7cf2ae165f
188,6.252221584320068,6.1002579337886305,0.018024901824484817,0.05951939230703415,0.05080680610839897,True,3.6777994075921567,0.006796504484564661,True,fecfe5c107ef36f7ce31,7739cd2f1d7cf2ae165f
189,6.28422212600708,6.132258475475642,0.015756466266998195,0.05541106309263268,0.04779347474085842,True,3.845786431876612,-0.004776662374871327,True,fecfe5c107ef36f7ce31,7739cd2f1d7cf2ae165f
190,6.316401481628418,6.16443783109698,0.004680128314087155,0.08616350196702376,0.07984172516832536,True,3.9022259285521415,-0.00967386661163624,True,fecfe5c107ef36f7ce31,7739cd2f1d7cf2ae165f
191,6.352169990539551,6.200206340008113,0.005518403896574528,0.07870191206574206,0.07194943191673579,True,3.918783394316269,-0.004189183315685426,True,fecfe5c107ef36f7ce31,7739cd2f1d7cf2ae165f
192,6.384257793426514,6.232294142895076,0.002353751612154467,0.062204916126994386,0.05910156502581753,True,3.989484678450587,-0.004787262850607352,True,fecfe5c107ef36f7ce31,7739cd2f1d7cf2ae165f
193,6.4161646366119385,6.264200986080501,0.0056158046308529466,0.026683462792280246,0.04471531956192392,True,3.962721041135551,-0.014235739046098162,True,fecfe5c107ef36f7ce31,7739cd2f1d7cf2ae165f
194,6.4522809982299805,6.300317347698543,0.004570938131148293,0.021293296074279825,0.03446111166889521,True,3.9721685192417464,-0.019991838433328683,True,fecfe5c107ef36f7ce31,7739cd2f1d7cf2ae165f
195,6.484282493591309,6.332318843059871,0.0034930811397574117,0.018120806523259037,0.07557455069882686,True,3.9611909469864606,-0.0008344497413120436,True,fecfe5c107ef36f7ce31,7739cd2f1d7cf2ae165f
196,6.516270160675049,6.364306510143611,0.0026535016817070805,0.021625457482932604,0.07782810912511187,True,4.02821773425163,-0.0144597976265972,True,fecfe5c107ef36f7ce31,7739cd2f1d7cf2ae165f
197,6.552306652069092,6.400343001537654,0.004299081244867026,0.017710935199207464,0.06886550043584529,True,3.836624212605589,0.00705367335751357,True,fecfe5c107ef36f7ce31,7739cd2f1d7cf2ae165f
