local_snap_seq,recv_t_mono_ns,recv_wall_ns,robot_t_ns,robot_packet_seq,snap_ok,q_deg_1,q_deg_2,q_deg_3,q_deg_4,q_deg_5,q_deg_6,q_deg_7,qdot_sdk_deg_s_1,qdot_sdk_deg_s_2,qdot_sdk_deg_s_3,qdot_sdk_deg_s_4,qdot_sdk_deg_s_5,qdot_sdk_deg_s_6,qdot_sdk_deg_s_7,force_raw_fx,force_raw_fy,force_raw_fz,force_raw_mx,force_raw_my,force_raw_mz,cmd_seq,cmd_t_mono_ns,cmd_age_s,phase_id,record_enable,rail_pos_m,rail_vel_m_s,rail_hold_ref_m,vel_clamped,acc_clamped,qp_slack_norm,feedback_age_s,v_cmd_x,v_cmd_y,v_cmd_z,w_cmd_x,w_cmd_y,w_cmd_z
10663,649719617670351,1788511163180303667,,,1,-41.09700012207031,-74.85900115966797,51.965999603271484,86.77400207519531,26.868000030517578,82.31900024414062,119.70899963378906,0.0,0.0,0.0,0.0,0.0,0.0,0.0,-0.9810000061988831,0.7160000205039978,4.604000091552734,0.3919999897480011,0.039000000804662704,-0.125,,649719619704740,,movej_mid,0,0.40134017944335937,,0.4,,,,,0.0,0.0,0.0,0.0,0.0,0.0
10664,649719622019602,1788511163184665156,,,1,-41.0989990234375,-74.85800170898438,51.96799850463867,86.77400207519531,26.867000579833984,82.31900024414062,119.70899963378906,0.0,0.0,0.0,0.0,0.0,0.0,0.0,-0.9750000238418579,0.6819999814033508,4.559000015258789,0.39399999380111694,0.035999998450279236,-0.12099999934434891,,649719624884251,,movej_mid,0,0.40134017944335937,,0.4,,,,,0.0,0.0,0.0,0.0,0.0,0.0
10665,649719627490710,1788511163190128265,,,1,-41.0989990234375,-74.85800170898438,51.96799850463867,86.77400207519531,26.867000579833984,82.31900024414062,119.70899963378906,0.0,0.0,0.0,0.0,0.0,0.0,0.0,-1.0549999475479126,0.7269999980926514,4.5370001792907715,0.3919999897480011,0.03799999877810478,-0.12399999797344208,,649719630064645,,movej_mid,0,0.40134017944335937,,0.4,,,,,0.0,0.0,0.0,0.0,0.0,0.0
10666,649719633562358,1788511163196196075,,,1,-41.09700012207031,-74.85600280761719,51.965999603271484,86.77400207519531,26.868999481201172,82.31900024414062,119.70800018310547,0.0,0.0,0.0,0.0,0.0,0.0,-0.11999999731779099,-1.1109999418258667,0.8019999861717224,4.675000190734863,0.39500001072883606,0.04100000113248825,-0.12700000405311584,,649719635134675,,movej_mid,0,0.40134017944335937,,0.4,,,,,0.0,0.0,0.0,0.0,0.0,0.0
10667,649719636907764,1788511163199527713,,,1,-41.09700012207031,-74.85600280761719,51.965999603271484,86.77400207519531,26.868999481201172,82.31900024414062,119.70800018310547,0.0,0.0,0.0,0.0,0.0,0.0,-0.11999999731779099,-1.0199999809265137,0.7689999938011169,4.61899995803833,0.39399999380111694,0.035999998450279236,-0.125,,649719640207993,,movej_mid,0,0.40134597778320313,,0.4,,,,,0.0,0.0,0.0,0.0,0.0,0.0
10668,649719643473930,1788511163206100789,,,1,-41.0989990234375,-74.86000061035156,51.965999603271484,86.7760009765625,26.868000030517578,82.31900024414062,119.71099853515625,0.0,0.0,0.0,0.0,0.0,0.0,0.0,-0.9679999947547913,0.6940000057220459,4.543000221252441,0.39399999380111694,0.03500000014901161,-0.125,,649719645417779,,movej_mid,0,0.40134597778320313,,0.4,,,,,0.0,0.0,0.0,0.0,0.0,0.0
10669,649719648510505,1788511163211154205,,,1,-41.097999572753906,-74.85800170898438,51.965999603271484,86.77400207519531,26.867000579833984,82.31700134277344,119.70899963378906,0.11999999731779099,0.0,0.0,0.0,0.0,0.0,0.0,-0.9869999885559082,0.7260000109672546,4.605000019073486,0.3930000066757202,0.04100000113248825,-0.12999999523162842,,649719650596147,,movej_mid,0,0.40134597778320313,,0.4,,,,,0.0,0.0,0.0,0.0,0.0,0.0
10670,649719653566850,1788511163216201970,,,1,-41.095001220703125,-74.85600280761719,51.96799850463867,86.7750015258789,26.867000579833984,82.31900024414062,119.71099853515625,0.0,0.0,0.0,0.23999999463558197,0.0,0.11999999731779099,0.0,-1.0470000505447388,0.796999990940094,4.585000038146973,0.3919999897480011,0.04100000113248825,-0.12099999934434891,,649719655816807,,movej_mid,0,0.40134597778320313,,0.4,,,,,0.0,0.0,0.0,0.0,0.0,0.0
10671,649719658505349,1788511163221132014,,,1,-41.09700012207031,-74.85800170898438,51.96799850463867,86.7760009765625,26.868000030517578,82.31900024414062,119.70899963378906,0.0,0.0,0.0,0.0,0.0,0.0,0.0,-1.003000020980835,0.8339999914169312,4.507999897003174,0.3889999985694885,0.03799999877810478,-0.125,,649719661014187,,movej_mid,0,0.4013524627685547,,0.4,,,,,0.0,0.0,0.0,0.0,0.0,0.0
10672,649719663481003,1788511163226148191,,,1,-41.09700012207031,-74.85600280761719,51.96900177001953,86.7750015258789,26.864999771118164,82.31999969482422,119.70899963378906,0.0,0.0,0.0,0.0,0.0,0.0,0.0,-0.949999988079071,0.7409999966621399,4.535999774932861,0.38999998569488525,0.041999999433755875,-0.125,,649719666184647,,movej_mid,0,0.4013524627685547,,0.4,,,,,0.0,0.0,0.0,0.0,0.0,0.0
10673,649719668554882,1788511163231177812,,,1,-41.09400177001953,-74.85600280761719,51.96799850463867,86.7760009765625,26.868000030517578,82.31999969482422,119.70899963378906,0.11999999731779099,0.11999999731779099,0.11999999731779099,0.0,-0.11999999731779099,0.0,0.11999999731779099,-1.1050000190734863,0.7160000205039978,4.73199987411499,0.3959999978542328,0.03700000047683716,-0.13199999928474426,,649719671366541,,movej_mid,0,0.4013524627685547,,0.4,,,,,0.0,0.0,0.0,0.0,0.0,0.0
10674,649719671888094,1788511163234501221,,,1,-41.09400177001953,-74.85600280761719,51.97200012207031,86.7750015258789,26.864999771118164,82.31999969482422,119.70899963378906,0.0,0.47999998927116394,0.36000001430511475,0.0,0.0,0.0,0.0,-1.1019999980926514,0.6660000085830688,4.704999923706055,0.40299999713897705,0.03700000047683716,-0.12700000405311584,,649719676541157,,movej_mid,0,0.4013524627685547,,0.4,,,,,0.0,0.0,0.0,0.0,0.0,0.0
10675,649719678507343,1788511163241151778,,,1,-41.09299850463867,-74.85199737548828,51.97600173950195,86.77799987792969,26.86400032043457,82.31600189208984,119.71199798583984,0.11999999731779099,1.2000000476837158,0.7200000286102295,0.0,-0.23999999463558197,-0.36000001430511475,0.11999999731779099,-1.184999942779541,0.7739999890327454,4.51200008392334,0.38499999046325684,0.027000000700354576,-0.11900000274181366,,649719681807372,,movej_mid,0,0.40135284423828127,,0.4,,,,,0.0,0.0,0.0,0.0,0.0,0.0
10676,649719683482044,1788511163246105852,,,1,-41.09000015258789,-74.84400177001953,51.97700119018555,86.77799987792969,26.861000061035156,82.31300354003906,119.71299743652344,0.36000001430511475,1.6799999475479126,0.8399999737739563,0.36000001430511475,-0.47999998927116394,-1.0800000429153442,0.47999998927116394,-1.128999948501587,0.8320000171661377,4.502999782562256,0.38499999046325684,0.024000000208616257,-0.12200000137090683,,649719686985582,,movej_mid,0,0.40135284423828127,,0.4,,,,,0.0,0.0,0.0,0.0,0.0,0.0
10677,649719688507026,1788511163251155935,,,1,-41.0880012512207,-74.83200073242188,51.986000061035156,86.77899932861328,26.85700035095215,82.30500030517578,119.71900177001953,0.6000000238418579,2.509999990463257,1.6799999475479126,0.36000001430511475,-1.0800000429153442,-1.440000057220459,0.7200000286102295,-1.2029999494552612,0.8529999852180481,4.506999969482422,0.3880000114440918,0.03799999877810478,-0.12399999797344208,,649719692192469,,movej_mid,0,0.40135284423828127,,0.4,,,,,0.0,0.0,0.0,0.0,0.0,0.0
10678,649719693562105,1788511163256202785,,,1,-41.08300018310547,-74.81800079345703,52.000999450683594,86.78299713134766,26.854000091552734,82.302001953125,119.72000122070312,0.8399999737739563,3.5999999046325684,2.4000000953674316,0.7200000286102295,-1.3200000524520874,-2.0399999618530273,1.6799999475479126,-1.0080000162124634,0.6909999847412109,4.517000198364258,0.3970000147819519,0.035999998450279236,-0.12399999797344208,,649719697423754,,movej_mid,0,0.40135284423828127,,0.4,,,,,0.0,0.0,0.0,0.0,0.0,0.0
10679,649719698873049,1788511163261511715,,,1,-41.07699966430664,-74.79900360107422,52.01599884033203,86.78500366210938,26.841999053955078,82.28600311279297,119.73300170898438,1.2000000476837158,4.320000171661377,3.0,0.9599999785423279,-1.6799999475479126,-2.880000114440918,1.9199999570846558,-1.0700000524520874,0.5509999990463257,4.3480000495910645,0.3959999978542328,0.03400000184774399,-0.12300000339746475,,649719702534583,,movej_mid,0,0.4013529205322266,,0.4,,,,,0.0,0.0,0.0,0.0,0.0,0.0
10680,649719703722202,1788511163266384343,,,1,-41.069000244140625,-74.7699966430664,52.03499984741211,86.79199981689453,26.83099937438965,82.26399993896484,119.74500274658203,1.559999942779541,5.159999847412109,3.5999999046325684,1.0800000429153442,-2.509999990463257,-3.7200000286102295,2.509999990463257,-0.8659999966621399,0.5799999833106995,4.440000057220459,0.39800000190734863,0.04399999976158142,-0.12800000607967377,,649719707654601,,movej_mid,0,0.4013529205322266,,0.4,,,,,0.0,0.0,0.0,0.0,0.0,0.0
10681,649719708482616,1788511163271107217,,,1,-41.05799865722656,-74.73300170898438,52.0620002746582,86.8010025024414,26.809999465942383,82.23899841308594,119.75599670410156,1.9199999570846558,6.119999885559082,4.440000057220459,1.559999942779541,-3.359999895095825,-4.559999942779541,3.240000009536743,-0.8090000152587891,0.4269999861717224,4.446000099182129,0.41100001335144043,0.0560000017285347,-0.13500000536441803,,649719712852713,,movej_mid,0,0.4013529205322266,,0.4,,,,,0.0,0.0,0.0,0.0,0.0,0.0
10682,649719713504655,1788511163276143466,,,1,-41.04499816894531,-74.6969985961914,52.09299850463867,86.8010025024414,26.795000076293945,82.2229995727539,119.7750015258789,2.4000000953674316,7.440000057220459,6.0,1.7999999523162842,-3.9600000381469727,-5.03000020980835,3.240000009536743,-0.9129999876022339,0.5820000171661377,4.171000003814697,0.39399999380111694,0.04899999871850014,-0.13300000131130219,,649719718029513,,movej_mid,0,0.4013529205322266,,0.4,,,,,0.0,0.0,0.0,0.0,0.0,0.0
10683,649719718530603,1788511163281168459,,,1,-41.02899932861328,-74.64199829101562,52.13100051879883,86.81800079345703,26.764999389648438,82.18699645996094,119.7969970703125,2.640000104904175,10.199999809265137,6.480000019073486,2.1600000858306885,-4.800000190734863,-6.960000038146973,3.7200000286102295,-0.859000027179718,0.8050000071525574,4.216000080108643,0.367000013589859,0.03700000047683716,-0.125,,649719723107671,,movej_mid,0,0.4013529205322266,,0.4,,,,,0.0,0.0,0.0,0.0,0.0,0.0
10684,649719723526815,1788511163286194663,,,1,-41.02000045776367,-74.60600280761719,52.16400146484375,86.83300018310547,26.732999801635742,82.14800262451172,119.82499694824219,2.880000114440918,11.039999961853027,8.640000343322754,2.880000114440918,-5.519999980926514,-6.840000152587891,4.800000190734863,-0.9259999990463257,0.7149999737739563,4.175000190734863,0.3779999911785126,0.04399999976158142,-0.12700000405311584,,649719728231013,,movej_mid,0,0.40135261535644534,,0.4,,,,,0.0,0.0,0.0,0.0,0.0,0.0
10685,649719728559826,1788511163291186117,,,1,-40.99800109863281,-74.53500366210938,52.21200180053711,86.85600280761719,26.71299934387207,82.12200164794922,119.83799743652344,3.5999999046325684,12.960000038146973,8.640000343322754,3.5999999046325684,-5.760000228881836,-8.640000343322754,4.670000076293945,-1.1619999408721924,0.753000020980835,4.201000213623047,0.3790000081062317,0.03500000014901161,-0.1289999932050705,,649719733324277,,movej_mid,0,0.40135261535644534,,0.4,,,,,0.0,0.0,0.0,0.0,0.0,0.0
10686,649719733509999,1788511163296134404,,,1,-40.97200012207031,-74.45700073242188,52.22999954223633,86.86299896240234,26.676000595092773,82.06500244140625,119.875,4.440000057220459,15.119999885559082,9.479999542236328,3.9600000381469727,-6.480000019073486,-8.640000343322754,5.639999866485596,-0.8970000147819519,0.3889999985694885,4.383999824523926,0.41200000047683716,0.039000000804662704,-0.12800000607967377,,649719738395459,,movej_mid,0,0.40135261535644534,,0.4,,,,,0.0,0.0,0.0,0.0,0.0,0.0
10687,649719738558453,1788511163301206204,,,1,-40.95399856567383,-74.40599822998047,52.310001373291016,86.89600372314453,26.6299991607666,82.00700378417969,119.91500091552734,4.670000076293945,15.84000015258789,10.319999694824219,4.320000171661377,-6.599999904632568,-9.720000267028809,7.320000171661377,-0.8970000147819519,0.3889999985694885,4.383999824523926,0.41200000047683716,0.039000000804662704,-0.12800000607967377,,649719743522686,,movej_mid,0,0.40135261535644534,,0.4,,,,,0.0,0.0,0.0,0.0,0.0,0.0
10688,649719743529476,1788511163306151627,,,1,-40.92100143432617,-74.31199645996094,52.367000579833984,86.9229965209961,26.60700035095215,81.96399688720703,119.94000244140625,6.0,16.920000076293945,12.239999771118164,4.920000076293945,-6.960000038146973,-11.640000343322754,7.559999942779541,-1.2450000047683716,0.6759999990463257,4.386000156402588,0.37700000405311584,0.014999999664723873,-0.12200000137090683,,649719748599927,,movej_mid,0,0.4013523101806641,,0.4,,,,,0.0,0.0,0.0,0.0,0.0,0.0
10690,649719753489647,1788511163316117950,,,1,-40.85100173950195,-74.07499694824219,52.525001525878906,86.98100280761719,26.503000259399414,81.81600189208984,120.0469970703125,7.320000171661377,23.15999984741211,15.119999885559082,5.400000095367432,-10.4399995803833,-15.239999771118164,12.119999885559082,-1.0740000009536743,0.5189999938011169,4.301000118255615,0.39500001072883606,0.04800000041723251,-0.1289999932050705,,649719753773704,,movej_mid,0,0.4013523101806641,,0.4,,,,,0.0,0.0,0.0,0.0,0.0,0.0
10692,649719763556183,1788511163326250109,,,1,-40.78200149536133,-73.82599639892578,52.694000244140625,87.0260009765625,26.391000747680664,81.64800262451172,120.1780014038086,7.199999809265137,26.15999984741211,16.559999465942383,5.760000228881836,-11.520000457763672,-17.280000686645508,13.920000076293945,-0.6579999923706055,-0.052000001072883606,4.368000030517578,0.45399999618530273,0.04100000113248825,-0.13500000536441803,,649719764253335,,movej_mid,0,0.40135200500488283,,0.4,,,,,0.0,0.0,0.0,0.0,0.0,0.0
10693,649719768483078,1788511163331169219,,,1,-40.78200149536133,-73.82599639892578,52.694000244140625,87.0260009765625,26.391000747680664,81.64800262451172,120.1780014038086,7.199999809265137,26.15999984741211,16.559999465942383,5.760000228881836,-11.520000457763672,-17.280000686645508,13.920000076293945,-1.2400000095367432,0.9909999966621399,4.132999897003174,0.3400000035762787,0.04600000008940697,-0.1340000033378601,,649719769492011,,movej_mid,0,0.40135200500488283,,0.4,,,,,0.0,0.0,0.0,0.0,0.0,0.0
10694,649719773524957,1788511163336206494,,,1,-40.698001861572266,-73.55599975585938,52.867000579833984,87.10900115966797,26.280000686645508,81.48500061035156,120.30500030517578,9.119999885559082,28.43000030517578,19.200000762939453,6.840000152587891,-14.149999618530273,-19.920000076293945,12.359999656677246,-0.8140000104904175,0.4869999885559082,4.559000015258789,0.3930000066757202,0.039000000804662704,-0.13500000536441803,,649719774705906,,movej_mid,0,0.40135200500488283,,0.4,,,,,0.0,0.0,0.0,0.0,0.0,0.0
10695,649719778538055,1788511163341221897,,,1,-40.698001861572266,-73.55599975585938,52.867000579833984,87.10900115966797,26.280000686645508,81.48500061035156,120.30500030517578,9.119999885559082,28.43000030517578,19.200000762939453,6.840000152587891,-14.149999618530273,-19.920000076293945,12.359999656677246,-0.9390000104904175,0.5370000004768372,4.271999835968018,0.3880000114440918,0.03999999910593033,-0.13500000536441803,,649719779889830,,movej_mid,0,0.40135200500488283,,0.4,,,,,0.0,0.0,0.0,0.0,0.0,0.0
10696,649719783557035,1788511163346218969,,,1,-40.667999267578125,-73.44999694824219,52.93600082397461,87.12899780273438,26.183000564575195,81.34500122070312,120.42500305175781,8.399999618530273,29.040000915527344,20.040000915527344,7.920000076293945,-13.319999694824219,-21.360000610351562,18.479999542236328,-1.0110000371932983,0.47200000286102295,4.519999980926514,0.37700000405311584,0.026000000536441803,-0.13500000536441803,,649719785161281,,movej_mid,0,0.40135200500488283,,0.4,,,,,0.0,0.0,0.0,0.0,0.0,0.0
10697,649719788556517,1788511163351218817,,,1,-40.597999572753906,-73.1989974975586,53.047000885009766,87.1719970703125,26.113000869750977,81.23100280761719,120.49600219726562,9.600000381469727,32.52000045776367,21.719999313354492,7.920000076293945,-15.960000038146973,-22.68000030517578,19.200000762939453,-1.5540000200271606,0.02500000037252903,4.289999961853027,0.4180000126361847,-0.012000000104308128,-0.11500000208616257,,649719790240717,,movej_mid,0,0.40135154724121097,,0.4,,,,,0.0,0.0,0.0,0.0,0.0,0.0
10698,649719793488300,1788511163356167303,,,1,-40.56399917602539,-73.0770034790039,53.18000030517578,87.2249984741211,26.025999069213867,81.15299987792969,120.55899810791016,9.84000015258789,33.119998931884766,22.079999923706055,8.640000343322754,-15.479999542236328,-22.799999237060547,17.639999389648438,-1.1699999570846558,0.07699999958276749,4.142000198364258,0.4359999895095825,0.05700000002980232,-0.13600000739097595,,649719795451983,,movej_mid,0,0.40135154724121097,,0.4,,,,,0.0,0.0,0.0,0.0,0.0,0.0
10699,649719798651298,1788511163361310481,,,1,-40.492000579833984,-72.84300231933594,53.29800033569336,87.26799774169922,25.97800064086914,81.00299835205078,120.66400146484375,10.800000190734863,36.36000061035156,23.280000686645508,10.069999694824219,-16.559999465942383,-23.639999389648438,19.079999923706055,-0.7400000095367432,1.3389999866485596,4.959000110626221,0.31700000166893005,0.019999999552965164,-0.1289999932050705,,649719800644942,,movej_mid,0,0.40135154724121097,,0.4,,,,,0.0,0.0,0.0,0.0,0.0,0.0
10700,649719803487321,1788511163366192754,,,1,-40.4640007019043,-72.7509994506836,53.38199996948242,87.2979965209961,25.854000091552734,80.81500244140625,120.80400085449219,11.520000457763672,36.720001220703125,24.1200008392334,9.239999771118164,-17.639999389648438,-26.520000457763672,18.0,-0.7649999856948853,-0.3840000033378601,3.984999895095825,0.4659999907016754,0.05900000035762787,-0.12700000405311584,,649719805786609,,movej_mid,0,0.40135154724121097,,0.4,,,,,0.0,0.0,0.0,0.0,0.0,0.0
10701,649719808538692,1788511163371200519,,,1,-40.3849983215332,-72.48899841308594,53.56100082397461,87.36100006103516,25.805999755859375,80.74299621582031,120.85299682617188,11.880000114440918,38.7599983215332,26.639999389648438,9.350000381469727,-18.709999084472656,-27.0,23.520000457763672,-0.9520000219345093,0.9089999794960022,3.9630000591278076,0.3779999911785126,0.06700000166893005,-0.1599999964237213,,649719811010271,,movej_mid,0,0.4013505554199219,,0.4,,,,,0.0,0.0,0.0,0.0,0.0,0.0
10702,649719813533162,1788511163376209484,,,1,-40.334999084472656,-72.31600189208984,53.68000030517578,87.40499877929688,25.660999298095703,80.50900268554688,121.01200103759766,12.710000038146973,42.119998931884766,27.959999084472656,11.15999984741211,-20.040000915527344,-28.799999237060547,21.84000015258789,-1.1440000534057617,0.6690000295639038,4.160999774932861,0.37599998712539673,0.012000000104308128,-0.10100000351667404,,649719816177647,,movej_mid,0,0.4013505554199219,,0.4,,,,,0.0,0.0,0.0,0.0,0.0,0.0
10703,649719818502658,1788511163381208088,,,1,-40.2599983215332,-72.06300354003906,53.847999572753906,87.47000122070312,25.58799934387207,80.4020004272461,121.09200286865234,13.5600004196167,42.720001220703125,30.600000381469727,12.600000381469727,-20.8799991607666,-31.079999923706055,22.200000762939453,-0.8790000081062317,2.2090001106262207,4.545000076293945,0.2879999876022339,0.057999998331069946,-0.1289999932050705,,649719821333480,,movej_mid,0,0.4013505554199219,,0.4,,,,,0.0,0.0,0.0,0.0,0.0,0.0
10704,649719823629703,1788511163386310532,,,1,-40.21200180053711,-71.93399810791016,53.96200180053711,87.51000213623047,25.448999404907227,80.2040023803711,121.24199676513672,14.760000228881836,44.279998779296875,30.600000381469727,11.039999961853027,-21.600000381469727,-30.719999313354492,24.1200008392334,-1.684999942779541,0.5230000019073486,4.090000152587891,0.4050000011920929,0.007000000216066837,-0.08799999952316284,,649719826456974,,movej_mid,0,0.4013505554199219,,0.4,,,,,0.0,0.0,0.0,0.0,0.0,0.0
10705,649719828497367,1788511163391202721,,,1,-40.119998931884766,-71.60199737548828,54.196998596191406,87.58899688720703,25.389999389648438,80.12100219726562,121.30500030517578,13.680000305175781,46.08000183105469,31.559999465942383,12.710000038146973,-22.799999237060547,-32.52000045776367,22.68000030517578,-1.5099999904632568,1.2289999723434448,4.326000213623047,0.335999995470047,-0.014999999664723873,-0.11900000274181366,,649719831718305,,movej_mid,0,0.4013445281982422,,0.4,,,,,0.0,0.0,0.0,0.0,0.0,0.0
10706,649719833511238,1788511163396201035,,,1,-40.03099822998047,-71.30799865722656,54.27799987792969,87.61699676513672,25.231000900268555,79.89600372314453,121.49500274658203,15.600000381469727,46.91999816894531,33.47999954223633,12.119999885559082,-21.959999084472656,-33.47999954223633,26.15999984741211,-1.2760000228881836,1.0809999704360962,4.703999996185303,0.35100001096725464,0.03200000151991844,-0.12099999934434891,,649719836863903,,movej_mid,0,0.4013445281982422,,0.4,,,,,0.0,0.0,0.0,0.0,0.0,0.0
10707,649719838545390,1788511163401230730,,,1,-39.946998596191406,-71.05000305175781,54.57099914550781,87.74299621582031,25.131999969482422,79.75499725341797,121.58899688720703,15.479999542236328,49.31999969482422,34.08000183105469,14.039999961853027,-24.1200008392334,-34.79999923706055,27.479999542236328,-0.8389999866485596,-0.20399999618530273,4.422999858856201,0.4390000104904175,0.026000000536441803,-0.1459999978542328,,649719842084383,,movej_mid,0,0.4013445281982422,,0.4,,,,,0.0,0.0,0.0,0.0,0.0,0.0
10708,649719843536455,1788511163406222399,,,1,-39.90700149536133,-70.91799926757812,54.665000915527344,87.76699829101562,24.951000213623047,79.51399993896484,121.74700164794922,15.600000381469727,50.7599983215332,35.52000045776367,14.760000228881836,-25.200000762939453,-34.91999816894531,26.399999618530273,-1.4639999866485596,1.0950000286102295,4.5970001220703125,0.35899999737739563,0.0,-0.13500000536441803,,649719847256993,,movej_mid,0,0.4013445281982422,,0.4,,,,,0.0,0.0,0.0,0.0,0.0,0.0
10709,649719848512675,1788511163411196869,,,1,-39.79100036621094,-70.55799865722656,54.9119987487793,87.86699676513672,24.902999877929688,79.43099975585938,121.85700225830078,16.200000762939453,52.91999816894531,37.79999923706055,13.920000076293945,-24.239999771118164,-35.880001068115234,28.799999237060547,0.3070000112056732,-0.35600000619888306,4.724999904632568,0.46000000834465027,0.10999999940395355,-0.14300000667572021,,649719852338121,,movej_mid,0,0.4013001251220703,,0.4,,,,,0.0,0.0,0.0,0.0,0.0,0.0
10710,649719853585742,1788511163416264636,,,1,-39.69900131225586,-70.27200317382812,55.11800003051758,87.94599914550781,24.70599937438965,79.177001953125,122.0469970703125,17.040000915527344,54.47999954223633,37.68000030517578,14.149999618530273,-26.040000915527344,-37.560001373291016,28.43000030517578,-1.1069999933242798,1.2259999513626099,4.2820000648498535,0.3580000102519989,0.04699999839067459,-0.1550000011920929,,649719857560400,,movej_mid,0,0.4013001251220703,,0.4,,,,,0.0,0.0,0.0,0.0,0.0,0.0
10711,649719858575347,1788511163421280572,,,1,-39.641998291015625,-70.08499908447266,55.229000091552734,87.99199676513672,24.55500030517578,78.96700286865234,122.20500183105469,17.760000228881836,55.79999923706055,37.43000030517578,14.039999961853027,-25.200000762939453,-39.959999084472656,29.8799991607666,-1.1080000400543213,1.1440000534057617,4.327000141143799,0.3709999918937683,0.024000000208616257,-0.1120000034570694,,649719862737371,,movej_mid,0,0.4013001251220703,,0.4,,,,,0.0,0.0,0.0,0.0,0.0,0.0
10712,649719863566082,1788511163426246692,,,1,-39.534000396728516,-69.74500274658203,55.4739990234375,88.09500122070312,24.37299919128418,78.7040023803711,122.32499694824219,18.709999084472656,56.630001068115234,39.2400016784668,15.960000038146973,-28.68000030517578,-40.08000183105469,29.639999389648438,-2.0169999599456787,0.9990000128746033,4.697000026702881,0.3720000088214874,-0.05700000002980232,-0.09099999815225601,,649719867920505,,movej_mid,0,0.4013001251220703,,0.4,,,,,0.0,0.0,0.0,0.0,0.0,0.0
10713,649719868547197,1788511163431226814,,,1,-39.42399978637695,-69.39299774169922,55.70000076293945,88.2020034790039,24.2810001373291,78.58999633789062,122.51899719238281,17.639999389648438,57.599998474121094,38.52000045776367,15.119999885559082,-27.479999542236328,-41.400001525878906,32.040000915527344,-1.2630000114440918,0.1850000023841858,5.0229997634887695,0.42899999022483826,0.057999998331069946,-0.15000000596046448,,649719873169239,,movej_mid,0,0.4013001251220703,,0.4,,,,,0.0,0.0,0.0,0.0,0.0,0.0
10714,649719873532934,1788511163436225203,,,1,-39.37699890136719,-69.2490005493164,55.77899932861328,88.23200225830078,24.131000518798828,78.33499908447266,122.69200134277344,17.149999618530273,59.040000915527344,40.08000183105469,17.040000915527344,-27.0,-40.91999816894531,32.7599983215332,-1.8489999771118164,0.16699999570846558,4.669000148773193,0.42500001192092896,-0.024000000208616257,-0.10700000077486038,,649719878359442,,movej_mid,0,0.4012273406982422,,0.4,,,,,0.0,0.0,0.0,0.0,0.0,0.0
10715,649719878527930,1788511163441215716,,,1,-39.24100112915039,-68.83399963378906,56.06100082397461,88.34200286865234,23.96500015258789,78.0739974975586,122.8949966430664,19.079999923706055,59.7599983215332,41.040000915527344,15.479999542236328,-31.200000762939453,-45.599998474121094,32.63999938964844,-1.1610000133514404,1.7239999771118164,4.53000020980835,0.3199999928474426,-0.009999999776482582,-0.10999999940395355,,649719883535370,,movej_mid,0,0.4012273406982422,,0.4,,,,,0.0,0.0,0.0,0.0,0.0,0.0
10717,649719888527605,1788511163451181843,,,1,-39.02000045776367,-68.13099670410156,56.47600173950195,88.49199676513672,23.71500015258789,77.69100189208984,123.19300079345703,20.280000686645508,63.47999954223633,43.20000076293945,15.960000038146973,-30.479999542236328,-44.279998779296875,35.400001525878906,-0.9710000157356262,2.319000005722046,4.127999782562256,0.2939999997615814,0.04100000113248825,-0.13199999928474426,,649719888740004,,movej_mid,0,0.4012273406982422,,0.4,,,,,0.0,0.0,0.0,0.0,0.0,0.0
10718,649719893560501,1788511163456219048,,,1,-38.933998107910156,-67.9020004272461,56.74700164794922,88.61900329589844,23.614999771118164,77.53800201416016,123.33100128173828,19.31999969482422,63.36000061035156,43.79999923706055,17.280000686645508,-29.520000457763672,-43.20000076293945,33.47999954223633,-1.3799999952316284,1.9249999523162842,4.236999988555908,0.296999990940094,0.0020000000949949026,-0.10300000011920929,,649719893978493,,movej_mid,0,0.401129150390625,,0.4,,,,,0.0,0.0,0.0,0.0,0.0,0.0
10719,649719898491977,1788511163461144760,,,1,-38.81999969482422,-67.47799682617188,57.034000396728516,88.73899841308594,23.420000076293945,77.2509994506836,123.5530014038086,20.040000915527344,64.44000244140625,44.279998779296875,16.559999465942383,-29.15999984741211,-43.91999816894531,33.36000061035156,-1.3799999952316284,1.9249999523162842,4.236999988555908,0.296999990940094,0.0020000000949949026,-0.10300000011920929,,649719899253454,,movej_mid,0,0.401129150390625,,0.4,,,,,0.0,0.0,0.0,0.0,0.0,0.0
10720,649719903523761,1788511163466174183,,,1,-38.755001068115234,-67.24099731445312,57.19300079345703,88.79100036621094,23.257999420166016,77.01100158691406,123.74299621582031,20.520000457763672,68.16000366210938,45.959999084472656,17.280000686645508,-30.600000381469727,-43.91999816894531,33.36000061035156,-1.1339999437332153,0.40799999237060547,4.934999942779541,0.4009999930858612,0.04500000178813934,-0.13500000536441803,,649719904428789,,movej_mid,0,0.401129150390625,,0.4,,,,,0.0,0.0,0.0,0.0,0.0,0.0
10721,649719908528787,1788511163471165744,,,1,-38.63399887084961,-66.83999633789062,57.47600173950195,88.9010009765625,23.049999237060547,76.73200225830078,123.95099639892578,20.639999389648438,68.27999877929688,44.63999938964844,17.399999618530273,-30.959999084472656,-44.7599983215332,34.560001373291016,-1.3140000104904175,-1.5470000505447388,4.440999984741211,0.574999988079071,0.014999999664723873,-0.15399999916553497,,649719909639072,,movej_mid,0,0.401129150390625,,0.4,,,,,0.0,0.0,0.0,0.0,0.0,0.0
10722,649719913505397,1788511163476149356,,,1,-38.50899887084961,-66.44400024414062,57.744998931884766,89.00900268554688,22.92300033569336,76.53900146484375,124.08599853515625,21.84000015258789,66.4800033569336,46.79999923706055,16.559999465942383,-31.68000030517578,-46.91999816894531,37.43000030517578,-1.63100004196167,0.5600000023841858,4.642000198364258,0.37299999594688416,0.03700000047683716,-0.13199999928474426,,649719914833178,,movej_mid,0,0.40102371215820315,,0.4,,,,,0.0,0.0,0.0,0.0,0.0,0.0
10723,649719918573312,1788511163481211548,,,1,-38.43000030517578,-66.16500091552734,57.93299865722656,89.0790023803711,22.714000701904297,76.2490005493164,124.30400085449219,20.520000457763672,67.19999694824219,48.599998474121094,17.040000915527344,-32.7599983215332,-48.2400016784668,38.52000045776367,-1.4270000457763672,0.6650000214576721,5.113999843597412,0.39800000190734863,-0.013000000268220901,-0.11400000005960464,,649719920005295,,movej_mid,0,0.40102371215820315,,0.4,,,,,0.0,0.0,0.0,0.0,0.0,0.0
10724,649719923494062,1788511163486137274,,,1,-38.316001892089844,-65.76899719238281,58.18899917602539,89.18199920654297,22.52199935913086,75.97000122070312,124.50199890136719,21.239999771118164,68.16000366210938,47.040000915527344,16.68000030517578,-32.7599983215332,-48.0,37.08000183105469,-1.3700000047683716,0.9900000095367432,4.995999813079834,0.3930000066757202,-0.009999999776482582,-0.11299999803304672,,649719925117054,,movej_mid,0,0.40102371215820315,,0.4,,,,,0.0,0.0,0.0,0.0,0.0,0.0
10725,649719928659526,1788511163491302324,,,1,-38.316001892089844,-65.76899719238281,58.18899917602539,89.18199920654297,22.52199935913086,75.97000122070312,124.50199890136719,21.239999771118164,68.16000366210938,47.040000915527344,16.68000030517578,-32.7599983215332,-48.0,37.08000183105469,-2.259999990463257,0.41999998688697815,4.697999954223633,0.421999990940094,-0.03799999877810478,-0.0860000029206276,,649719930300425,,movej_mid,0,0.40102371215820315,,0.4,,,,,0.0,0.0,0.0,0.0,0.0,0.0
10726,649719933516924,1788511163496161792,,,1,-38.21099853515625,-65.4260025024414,58.42399978637695,89.26799774169922,22.343000411987305,75.70899963378906,124.70800018310547,21.360000610351562,68.16000366210938,46.560001373291016,17.149999618530273,-32.880001068115234,-47.52000045776367,37.43000030517578,-0.9129999876022339,1.0010000467300415,5.668000221252441,0.4390000104904175,-0.01600000075995922,-0.1340000033378601,,649719935459697,,movej_mid,0,0.4009276580810547,,0.4,,,,,0.0,0.0,0.0,0.0,0.0,0.0
10727,649719938523574,1788511163501169872,,,1,-38.06399917602539,-64.9229965209961,58.78900146484375,89.36900329589844,22.19499969482422,75.50700378417969,124.85800170898438,22.079999923706055,70.55999755859375,47.15999984741211,16.920000076293945,-34.20000076293945,-49.08000183105469,36.0,-1.3320000171661377,1.0449999570846558,3.9110000133514404,0.3449999988079071,0.07199999690055847,-0.10599999874830246,,649719940627001,,movej_mid,0,0.4009276580810547,,0.4,,,,,0.0,0.0,0.0,0.0,0.0,0.0
10728,649719943894541,1788511163506529439,,,1,-38.00699996948242,-64.75599670410156,58.9119987487793,89.43099975585938,21.97100067138672,75.18499755859375,125.0719985961914,21.1200008392334,69.95999908447266,47.52000045776367,17.040000915527344,-35.15999984741211,-48.720001220703125,36.720001220703125,-1.1480000019073486,3.2660000324249268,5.191999912261963,0.2549999952316284,-0.014000000432133675,-0.12800000607967377,,649719945838922,,movej_mid,0,0.4009276580810547,,0.4,,,,,0.0,0.0,0.0,0.0,0.0,0.0
10729,649719948606833,1788511163511258487,,,1,-37.861000061035156,-64.29199981689453,59.22700119018555,89.55599975585938,21.79400062561035,74.93199920654297,125.20899963378906,21.959999084472656,69.95999908447266,48.959999084472656,17.639999389648438,-33.36000061035156,-48.959999084472656,37.20000076293945,-1.9809999465942383,2.430000066757202,5.473999977111816,0.27399998903274536,0.0020000000949949026,-0.07000000029802322,,649719951039449,,movej_mid,0,0.4009276580810547,,0.4,,,,,0.0,0.0,0.0,0.0,0.0,0.0
10730,649719953538786,1788511163516241093,,,1,-37.80400085449219,-64.10299682617188,59.3489990234375,89.59700012207031,21.677000045776367,74.77100372314453,125.4729995727539,22.079999923706055,69.12000274658203,48.959999084472656,17.760000228881836,-32.880001068115234,-47.880001068115234,34.20000076293945,-2.7179999351501465,1.4170000553131104,5.616000175476074,0.3709999918937683,-0.0560000017285347,-0.06199999898672104,,649719956118951,,movej_mid,0,0.4009276580810547,,0.4,,,,,0.0,0.0,0.0,0.0,0.0,0.0
10731,649719958559591,1788511163521213749,,,1,-37.597999572753906,-63.47600173950195,59.74300003051758,89.75199890136719,21.53700065612793,74.52100372314453,125.65299987792969,23.399999618530273,73.55999755859375,51.36000061035156,19.559999465942383,-35.040000915527344,-49.79999923706055,43.31999969482422,-1.3329999446868896,-1.0920000076293945,6.164000034332275,0.5899999737739563,-0.03099999949336052,-0.17299999296665192,,649719961214444,,movej_mid,0,0.400838623046875,,0.4,,,,,0.0,0.0,0.0,0.0,0.0,0.0
10732,649719963617464,1788511163526271132,,,1,-37.507999420166016,-63.26599884033203,59.915000915527344,89.81999969482422,21.291000366210938,74.13899993896484,125.89299774169922,23.760000228881836,75.12000274658203,51.47999954223633,18.84000015258789,-35.279998779296875,-52.08000183105469,42.47999954223633,-1.4160000085830688,0.33799999952316284,5.6529998779296875,0.44200000166893005,0.028999999165534973,-0.08299999684095383,,649719966319429,,movej_mid,0,0.400838623046875,,0.4,,,,,0.0,0.0,0.0,0.0,0.0,0.0
10733,649719968556464,1788511163531200232,,,1,-37.334999084472656,-62.83599853515625,60.2130012512207,89.9209976196289,21.208999633789062,74.01200103759766,126.03600311279297,22.920000076293945,73.80000305175781,49.91999816894531,18.360000610351562,-34.560001373291016,-52.560001373291016,41.279998779296875,-0.8820000290870667,1.9229999780654907,6.126999855041504,0.35899999737739563,-0.0010000000474974513,-0.13199999928474426,,649719971421641,,movej_mid,0,0.400838623046875,,0.4,,,,,0.0,0.0,0.0,0.0,0.0,0.0
10734,649719973517898,1788511163536172004,,,1,-37.27299880981445,-62.5260009765625,60.387001037597656,89.98600006103516,20.96299934387207,73.6520004272461,126.30799865722656,24.239999771118164,73.44000244140625,50.400001525878906,18.360000610351562,-34.560001373291016,-51.119998931884766,40.560001373291016,-1.531999945640564,2.1500000953674316,5.177999973297119,0.32100000977516174,-0.013000000268220901,-0.12200000137090683,,649719976587328,,movej_mid,0,0.4007655334472656,,0.4,,,,,0.0,0.0,0.0,0.0,0.0,0.0
10735,649719978504847,1788511163541171918,,,1,-37.11000061035156,-61.99300003051758,60.768001556396484,90.11199951171875,20.746000289916992,73.3550033569336,126.40799713134766,23.639999389648438,76.68000030517578,50.400001525878906,17.8799991607666,-34.310001373291016,-51.36000061035156,42.84000015258789,0.11100000143051147,1.1460000276565552,4.73199987411499,0.3630000054836273,0.11400000005960464,-0.1469999998807907,,649719981781540,,movej_mid,0,0.4007655334472656,,0.4,,,,,0.0,0.0,0.0,0.0,0.0,0.0
10736,649719981909190,1788511163544536033,,,1,-36.970001220703125,-61.54600143432617,60.875,90.14900207519531,20.6299991607666,73.2030029296875,126.66200256347656,23.15999984741211,77.5199966430664,51.720001220703125,19.079999923706055,-36.0,-53.279998779296875,39.84000015258789,-0.890999972820282,1.1080000400543213,4.574999809265137,0.39800000190734863,0.039000000804662704,-0.11400000005960464,,649719987005309,,movej_mid,0,0.4007655334472656,,0.4,,,,,0.0,0.0,0.0,0.0,0.0,0.0
10737,649719988490559,1788511163551181651,,,1,-36.8380012512207,-61.191001892089844,61.236000061035156,90.28800201416016,20.400999069213867,72.88099670410156,126.89199829101562,23.280000686645508,73.68000030517578,50.630001068115234,18.709999084472656,-36.47999954223633,-54.0,39.119998931884766,-1.3350000381469727,1.3949999809265137,4.693999767303467,0.4339999854564667,-0.017999999225139618,-0.11699999868869781,,649719992119606,,movej_mid,0,0.4007655334472656,,0.4,,,,,0.0,0.0,0.0,0.0,0.0,0.0
10738,649719993494750,1788511163556159281,,,1,-36.73899841308594,-60.858001708984375,61.5890007019043,90.40899658203125,20.243000030517578,72.6780014038086,127.06900024414062,23.520000457763672,73.55999755859375,53.15999984741211,18.709999084472656,-34.79999923706055,-51.84000015258789,37.79999923706055,-1.7999999523162842,3.010999917984009,4.789999961853027,0.25600001215934753,0.017999999225139618,-0.06400000303983688,,649719997238036,,movej_mid,0,0.40066787719726565,,0.4,,,,,0.0,0.0,0.0,0.0,0.0,0.0
10739,649719998482876,1788511163561162680,,,1,-36.61000061035156,-60.4379997253418,61.82400131225586,90.49700164794922,20.05900001525879,72.45700073242188,127.24600219726562,22.68000030517578,74.62999725341797,51.119998931884766,19.200000762939453,-35.279998779296875,-52.91999816894531,38.7599983215332,-2.3610000610351562,1.9520000219345093,4.666999816894531,0.28999999165534973,-0.07000000029802322,-0.08699999749660492,,649720002305999,,movej_mid,0,0.40066787719726565,,0.4,,,,,0.0,0.0,0.0,0.0,0.0,0.0
10740,649720003595767,1788511163566336167,,,1,-36.55099868774414,-60.23899841308594,62.0,90.5739974975586,19.823999404907227,72.05999755859375,127.51599884033203,23.399999618530273,74.27999877929688,51.36000061035156,19.079999923706055,-35.040000915527344,-50.15999984741211,36.2400016784668,-2.5339999198913574,-0.5379999876022339,5.4029998779296875,0.531000018119812,-0.0729999989271164,-0.13300000131130219,,649720007370479,,movej_mid,0,0.40066787719726565,,0.4,,,,,0.0,0.0,0.0,0.0,0.0,0.0
10741,649720008544112,1788511163571188918,,,1,-36.37900161743164,-59.67499923706055,62.34199905395508,90.72200012207031,19.749000549316406,71.93099975585938,127.60700225830078,21.0,71.5199966430664,47.52000045776367,19.440000534057617,-31.920000076293945,-46.439998626708984,35.279998779296875,-1.0360000133514404,-0.4000000059604645,5.484000205993652,0.4790000021457672,0.05299999937415123,-0.11400000005960464,,649720012441598,,movej_mid,0,0.40066787719726565,,0.4,,,,,0.0,0.0,0.0,0.0,0.0,0.0
10742,649720013550185,1788511163576213389,,,1,-36.25699996948242,-59.297000885009766,62.608001708984375,90.8280029296875,19.541000366210938,71.59200286865234,127.86499786376953,22.31999969482422,71.5199966430664,50.15999984741211,20.149999618530273,-35.040000915527344,-52.560001373291016,38.880001068115234,-0.30300000309944153,-0.33899998664855957,5.0,0.4569999873638153,0.035999998450279236,-0.14900000393390656,,649720017513037,,movej_mid,0,0.40056884765625,,0.4,,,,,0.0,0.0,0.0,0.0,0.0,0.0
10743,649720018514272,1788511163581166982,,,1,-36.124000549316406,-58.862998962402344,62.904998779296875,90.9000015258789,19.319000244140625,71.27300262451172,128.0709991455078,21.360000610351562,69.83999633789062,48.84000015258789,18.959999084472656,-34.560001373291016,-50.7599983215332,37.79999923706055,-0.4729999899864197,1.6419999599456787,4.574999809265137,0.367000013589859,0.06400000303983688,-0.14499999582767487,,649720022619452,,movej_mid,0,0.40056884765625,,0.4,,,,,0.0,0.0,0.0,0.0,0.0,0.0
10744,649720023479270,1788511163586111845,,,1,-36.06800079345703,-58.641998291015625,63.073001861572266,91.00199890136719,19.13599967956543,71.02200317382812,128.20399475097656,20.520000457763672,69.95999908447266,47.880001068115234,17.639999389648438,-33.2400016784668,-49.439998626708984,35.7599983215332,-1.6510000228881836,3.427999973297119,4.716000080108643,0.1550000011920929,-0.010999999940395355,-0.04600000008940697,,649720027748432,,movej_mid,0,0.40056884765625,,0.4,,,,,0.0,0.0,0.0,0.0,0.0,0.0
10745,649720028639531,1788511163591267870,,,1,-35.94499969482422,-58.215999603271484,63.35900115966797,91.12300109863281,19.02899932861328,70.85600280761719,128.4080047607422,20.639999389648438,68.5199966430664,47.52000045776367,17.639999389648438,-34.79999923706055,-50.52000045776367,36.959999084472656,-1.6749999523162842,1.402999997138977,5.485000133514404,0.40700000524520874,-0.07800000160932541,-0.12800000607967377,,649720032859464,,movej_mid,0,0.40056884765625,,0.4,,,,,0.0,0.0,0.0,0.0,0.0,0.0
10746,649720033563714,1788511163596233083,,,1,-35.819000244140625,-57.81100082397461,63.62300109863281,91.24099731445312,18.833999633789062,70.58000183105469,128.6269989013672,19.920000076293945,70.19999694824219,47.7599983215332,18.709999084472656,-32.040000915527344,-45.720001220703125,36.720001220703125,-0.9509999752044678,0.3919999897480011,6.295000076293945,0.4749999940395355,0.0989999994635582,-0.16099999845027924,,649720037923657,,movej_mid,0,0.40056884765625,,0.4,,,,,0.0,0.0,0.0,0.0,0.0,0.0
10747,649720038924524,1788511163601567503,,,1,-35.75199890136719,-57.611000061035156,63.790000915527344,91.2969970703125,18.634000778198242,70.322998046875,128.82200622558594,20.280000686645508,67.31999969482422,46.31999969482422,16.920000076293945,-34.43000030517578,-47.7599983215332,36.47999954223633,-2.938999891281128,1.1150000095367432,5.679999828338623,0.38499999046325684,-0.06700000166893005,-0.027000000700354576,,649720043029181,,movej_mid,0,0.4004754638671875,,0.4,,,,,0.0,0.0,0.0,0.0,0.0,0.0
10748,649720043534747,1788511163606211003,,,1,-35.61199951171875,-57.180999755859375,64.10099792480469,91.41300201416016,18.413999557495117,70.0199966430664,128.96499633789062,19.68000030517578,64.55999755859375,44.63999938964844,17.639999389648438,-33.0,-45.720001220703125,36.599998474121094,-2.6659998893737793,1.7230000495910645,7.011000156402588,0.45899999141693115,-0.1459999978542328,-0.10000000149011612,,649720048108928,,movej_mid,0,0.4004754638671875,,0.4,,,,,0.0,0.0,0.0,0.0,0.0,0.0
10749,649720048765974,1788511163611392274,,,1,-35.54199981689453,-56.94599914550781,64.23699951171875,91.47599792480469,18.312000274658203,69.85199737548828,129.177001953125,19.200000762939453,64.80000305175781,44.15999984741211,17.520000457763672,-30.239999771118164,-43.439998626708984,35.15999984741211,-3.3510000705718994,0.35499998927116394,5.590000152587891,0.414000004529953,-0.07000000029802322,-0.06300000101327896,,649720053192077,,movej_mid,0,0.4004754638671875,,0.4,,,,,0.0,0.0,0.0,0.0,0.0,0.0
10750,649720053653838,1788511163616306890,,,1,-35.42100143432617,-56.55699920654297,64.49199676513672,91.56500244140625,18.141000747680664,69.57599639892578,129.39100646972656,19.920000076293945,65.27999877929688,44.15999984741211,15.479999542236328,-29.520000457763672,-45.36000061035156,35.400001525878906,0.32899999618530273,-0.2980000078678131,6.985000133514404,0.5429999828338623,0.06300000101327896,-0.1860000044107437,,649720058270672,,movej_mid,0,0.4004754638671875,,0.4,,,,,0.0,0.0,0.0,0.0,0.0,0.0
10751,649720058620167,1788511163621239691,,,1,-35.30099868774414,-56.180999755859375,64.76799774169922,91.66000366210938,18.020999908447266,69.40799713134766,129.51499938964844,19.799999237060547,63.599998474121094,42.47999954223633,15.239999771118164,-29.639999389648438,-44.52000045776367,33.47999954223633,0.32899999618530273,-0.2980000078678131,6.985000133514404,0.5429999828338623,0.06300000101327896,-0.1860000044107437,,649720063347551,,movej_mid,0,0.40038246154785156,,0.4,,,,,0.0,0.0,0.0,0.0,0.0,0.0
10752,649720063611637,1788511163626265138,,,1,-35.229000091552734,-55.94300079345703,64.93399810791016,91.71800231933594,17.81800079345703,69.11000061035156,129.73599243164062,19.079999923706055,62.7599983215332,41.7599983215332,14.640000343322754,-29.040000915527344,-46.68000030517578,31.309999465942383,-0.40799999237060547,1.4040000438690186,5.576000213623047,0.34200000762939453,0.041999999433755875,-0.14800000190734863,,649720068427944,,movej_mid,0,0.40038246154785156,,0.4,,,,,0.0,0.0,0.0,0.0,0.0,0.0
10753,649720068620130,1788511163631279902,,,1,-35.117000579833984,-55.57699966430664,65.17900085449219,91.79900360107422,17.608999252319336,68.86900329589844,129.8509979248047,19.200000762939453,61.08000183105469,42.119998931884766,15.600000381469727,-32.040000915527344,-42.959999084472656,32.7599983215332,-0.40799999237060547,1.4040000438690186,5.576000213623047,0.34200000762939453,0.041999999433755875,-0.14800000190734863,,649720073508909,,movej_mid,0,0.40038246154785156,,0.4,,,,,0.0,0.0,0.0,0.0,0.0,0.0
10754,649720073574361,1788511163636191359,,,1,-35.013999938964844,-55.202999114990234,65.44400024414062,91.8949966430664,17.509000778198242,68.70500183105469,130.05599975585938,17.399999618530273,58.91999816894531,41.400001525878906,14.760000228881836,-29.040000915527344,-43.20000076293945,36.84000015258789,-1.3819999694824219,2.0380001068115234,5.041999816894531,0.296999990940094,0.010999999940395355,-0.10999999940395355,,649720078582065,,movej_mid,0,0.40038246154785156,,0.4,,,,,0.0,0.0,0.0,0.0,0.0,0.0
10756,649720083593487,1788511163646214174,,,1,-34.847999572753906,-54.680999755859375,65.79100036621094,92.02899932861328,17.201000213623047,68.26599884033203,130.42799377441406,17.760000228881836,56.869998931884766,39.47999954223633,15.84000015258789,-27.479999542236328,-39.720001220703125,30.84000015258789,-2.5290000438690186,1.684999942779541,5.748000144958496,0.37599998712539673,-0.12700000405311584,-0.014999999664723873,,649720083655390,,movej_mid,0,0.4003117370605469,,0.4,,,,,0.0,0.0,0.0,0.0,0.0,0.0
10757,649720088561175,1788511163651194499,,,1,-34.847999572753906,-54.680999755859375,65.79100036621094,92.02899932861328,17.201000213623047,68.26599884033203,130.42799377441406,17.760000228881836,56.869998931884766,39.47999954223633,15.84000015258789,-27.479999542236328,-39.720001220703125,30.84000015258789,-3.134999990463257,1.1670000553131104,5.418000221252441,0.3919999897480011,-0.08799999952316284,-0.08299999684095383,,649720088735144,,movej_mid,0,0.4003117370605469,,0.4,,,,,0.0,0.0,0.0,0.0,0.0,0.0
10758,649720093614338,1788511163656248086,,,1,-34.630001068115234,-54.0359992980957,66.25800323486328,92.18699645996094,16.966999053955078,67.90899658203125,130.70399475097656,16.559999465942383,53.869998931884766,37.79999923706055,13.680000305175781,-25.920000076293945,-37.560001373291016,28.68000030517578,-1.753000020980835,-0.1459999978542328,6.409999847412109,0.5210000276565552,-0.061000000685453415,-0.12200000137090683,,649720093909783,,movej_mid,0,0.4003117370605469,,0.4,,,,,0.0,0.0,0.0,0.0,0.0,0.0
10759,649720098600394,1788511163661241104,,,1,-34.630001068115234,-54.0359992980957,66.25800323486328,92.18699645996094,16.966999053955078,67.90899658203125,130.70399475097656,16.559999465942383,53.869998931884766,37.79999923706055,13.680000305175781,-25.920000076293945,-37.560001373291016,28.68000030517578,-1.940000057220459,0.8650000095367432,6.041999816894531,0.40299999713897705,-0.041999999433755875,-0.07699999958276749,,649720099143397,,movej_mid,0,0.4002491760253906,,0.4,,,,,0.0,0.0,0.0,0.0,0.0,0.0
10760,649720103555405,1788511163666196429,,,1,-34.5629997253418,-53.85300064086914,66.41200256347656,92.23899841308594,16.79199981689453,67.63099670410156,130.88400268554688,16.68000030517578,53.040000915527344,36.47999954223633,13.920000076293945,-25.200000762939453,-37.79999923706055,29.15999984741211,-2.2869999408721924,1.6660000085830688,5.334000110626221,0.3779999911785126,-0.05299999937415123,-0.09700000286102295,,649720104314630,,movej_mid,0,0.4002491760253906,,0.4,,,,,0.0,0.0,0.0,0.0,0.0,0.0
10761,649720108531705,1788511163671150715,,,1,-34.459999084472656,-53.558998107910156,66.60700225830078,92.31900024414062,16.750999450683594,67.55500030517578,130.98399353027344,15.710000038146973,51.720001220703125,36.599998474121094,13.199999809265137,-24.239999771118164,-37.560001373291016,27.239999771118164,-0.9679999947547913,0.6230000257492065,6.585999965667725,0.4869999885559082,-0.029999999329447746,-0.12800000607967377,,649720109494124,,movej_mid,0,0.4002491760253906,,0.4,,,,,0.0,0.0,0.0,0.0,0.0,0.0
10762,649720113580069,1788511163676208335,,,1,-34.369998931884766,-53.23500061035156,66.79900360107422,92.38099670410156,16.618000030517578,67.33499908447266,131.1280059814453,16.559999465942383,49.31999969482422,33.84000015258789,12.119999885559082,-23.040000915527344,-36.599998474121094,25.68000030517578,-0.40700000524520874,-0.1899999976158142,5.343999862670898,0.47600001096725464,0.1120000034570694,-0.12099999934434891,,649720114684329,,movej_mid,0,0.4002491760253906,,0.4,,,,,0.0,0.0,0.0,0.0,0.0,0.0
10763,649720118571844,1788511163681195865,,,1,-34.28499984741211,-52.94300079345703,67.0009994506836,92.4489974975586,16.482999801635742,67.12899780273438,131.29200744628906,15.960000038146973,51.959999084472656,36.599998474121094,12.119999885559082,-22.68000030517578,-36.0,27.239999771118164,-1.13100004196167,0.8370000123977661,5.539000034332275,0.42100000381469727,-0.01899999938905239,-0.1509999930858612,,649720119904731,,movej_mid,0,0.4002491760253906,,0.4,,,,,0.0,0.0,0.0,0.0,0.0,0.0
10764,649720123545641,1788511163686169378,,,1,-34.222999572753906,-52.75899887084961,67.11900329589844,92.5,16.31100082397461,66.89299774169922,131.39199829101562,15.119999885559082,51.36000061035156,34.91999816894531,12.710000038146973,-22.68000030517578,-34.20000076293945,26.639999389648438,-0.38600000739097595,0.4429999887943268,5.718999862670898,0.4259999990463257,0.0,-0.13500000536441803,,649720125128896,,movej_mid,0,0.4001994323730469,,0.4,,,,,0.0,0.0,0.0,0.0,0.0,0.0
10765,649720128563960,1788511163691184027,,,1,-34.13100051879883,-52.417999267578125,67.31800079345703,92.56300354003906,16.22800064086914,66.77300262451172,131.5469970703125,14.039999961853027,49.68000030517578,33.0,12.119999885559082,-22.68000030517578,-34.43000030517578,25.200000762939453,-1.2209999561309814,2.878000020980835,4.894000053405762,0.1899999976158142,0.0430000014603138,-0.10999999940395355,,649720130203808,,movej_mid,0,0.4001994323730469,,0.4,,,,,0.0,0.0,0.0,0.0,0.0,0.0
10766,649720133622091,1788511163696251068,,,1,-34.084999084472656,-52.27399826049805,67.4280014038086,92.61699676513672,16.086000442504883,66.59700012207031,131.7050018310547,14.640000343322754,48.720001220703125,32.400001525878906,12.600000381469727,-21.600000381469727,-34.79999923706055,24.1200008392334,-0.46799999475479126,0.10499999672174454,5.802999973297119,0.5260000228881836,0.0,-0.125,,649720135277292,,movej_mid,0,0.4001994323730469,,0.4,,,,,0.0,0.0,0.0,0.0,0.0,0.0
10767,649720136946794,1788511163699561049,,,1,-33.979000091552734,-51.9370002746582,67.6729965209961,92.69400024414062,15.989999771118164,66.46499633789062,131.79600524902344,14.760000228881836,46.439998626708984,30.959999084472656,12.239999771118164,-23.399999618530273,-31.920000076293945,25.68000030517578,-2.0269999504089355,3.3389999866485596,5.406000137329102,0.21799999475479126,-0.029999999329447746,-0.1080000028014183,,649720140351187,,movej_mid,0,0.4001994323730469,,0.4,,,,,0.0,0.0,0.0,0.0,0.0,0.0
10768,649720143554066,1788511163706221616,,,1,-33.95100021362305,-51.84000015258789,67.7300033569336,92.74099731445312,15.845999717712402,66.26399993896484,131.96600341796875,13.4399995803833,45.119998931884766,30.360000610351562,11.760000228881836,-20.520000457763672,-30.239999771118164,21.959999084472656,-2.005000114440918,1.1100000143051147,5.76200008392334,0.4050000011920929,-0.07800000160932541,-0.04600000008940697,,649720145523398,,movej_mid,0,0.40015472412109376,,0.4,,,,,0.0,0.0,0.0,0.0,0.0,0.0
10769,649720148548650,1788511163711173366,,,1,-33.8390007019043,-51.457000732421875,67.98600006103516,92.83699798583984,15.737000465393066,66.10800170898438,132.0800018310547,12.239999771118164,42.36000061035156,27.84000015258789,11.520000457763672,-20.639999389648438,-29.280000686645508,21.0,-1.2719999551773071,0.5509999990463257,6.177000045776367,0.43799999356269836,0.0,-0.1550000011920929,,649720150653257,,movej_mid,0,0.40015472412109376,,0.4,,,,,0.0,0.0,0.0,0.0,0.0,0.0
10770,649720153664921,1788511163716289527,,,1,-33.79899978637695,-51.33300018310547,68.0719985961914,92.87699890136719,15.642999649047852,65.95999908447266,132.18800354003906,12.359999656677246,41.279998779296875,27.959999084472656,10.680000305175781,-17.040000915527344,-28.079999923706055,23.15999984741211,-1.3359999656677246,-0.41999998688697815,5.189000129699707,0.4690000116825104,0.06400000303983688,-0.13099999725818634,,649720155827181,,movej_mid,0,0.40015472412109376,,0.4,,,,,0.0,0.0,0.0,0.0,0.0,0.0
10771,649720158533261,1788511163721161411,,,1,-33.71500015258789,-51.060001373291016,68.26599884033203,92.9489974975586,15.574000358581543,65.86399841308594,132.26400756835938,12.0,36.47999954223633,24.479999542236328,9.960000038146973,-17.520000457763672,-28.079999923706055,21.360000610351562,-0.7319999933242798,0.9610000252723694,6.422999858856201,0.4169999957084656,-0.03500000014901161,-0.1340000033378601,,649720161118943,,movej_mid,0,0.40015472412109376,,0.4,,,,,0.0,0.0,0.0,0.0,0.0,0.0
10772,649720163537911,1788511163726160329,,,1,-33.680999755859375,-50.97100067138672,68.32499694824219,92.97699737548828,15.440999984741211,65.68299865722656,132.4040069580078,11.640000343322754,36.36000061035156,25.559999465942383,9.600000381469727,-16.920000076293945,-23.399999618530273,18.360000610351562,-1.5470000505447388,0.9929999709129333,5.525000095367432,0.3930000066757202,0.007000000216066837,-0.08399999886751175,,649720166198771,,movej_mid,0,0.4001103210449219,,0.4,,,,,0.0,0.0,0.0,0.0,0.0,0.0
10773,649720168535489,1788511163731154612,,,1,-33.62200164794922,-50.73699951171875,68.48400115966797,93.03900146484375,15.359999656677246,65.54299926757812,132.43800354003906,9.350000381469727,33.119998931884766,21.84000015258789,9.479999542236328,-16.440000534057617,-24.84000015258789,17.399999618530273,-0.8009999990463257,0.8730000257492065,6.380000114440918,0.43299999833106995,0.01899999938905239,-0.15600000321865082,,649720171318439,,movej_mid,0,0.4001103210449219,,0.4,,,,,0.0,0.0,0.0,0.0,0.0,0.0
10774,649720173569864,1788511163736225938,,,1,-33.56100082397461,-50.53499984741211,68.63400268554688,93.10600280761719,15.28600025177002,65.44100189208984,132.5800018310547,9.600000381469727,32.880001068115234,22.079999923706055,8.15999984741211,-15.239999771118164,-22.920000076293945,15.600000381469727,-2.003000020980835,-0.2800000011920929,5.546000003814697,0.5099999904632568,-0.061000000685453415,-0.10100000351667404,,649720176495367,,movej_mid,0,0.4001103210449219,,0.4,,,,,0.0,0.0,0.0,0.0,0.0,0.0
10775,649720178570109,1788511163741194765,,,1,-33.529998779296875,-50.41899871826172,68.70700073242188,93.13600158691406,15.187999725341797,65.2969970703125,132.625,8.399999618530273,29.520000457763672,19.68000030517578,8.520000457763672,-15.239999771118164,-21.479999542236328,15.600000381469727,-1.6469999551773071,2.9639999866485596,6.004000186920166,0.23999999463558197,-0.004999999888241291,-0.09099999815225601,,649720181708098,,movej_mid,0,0.4001103210449219,,0.4,,,,,0.0,0.0,0.0,0.0,0.0,0.0
10776,649720183832057,1788511163746466924,,,1,-33.486000061035156,-50.25699996948242,68.81700134277344,93.19100189208984,15.151000022888184,65.23799896240234,132.73500061035156,9.0,27.719999313354492,19.799999237060547,7.320000171661377,-13.4399995803833,-20.040000915527344,15.0,-1.75600004196167,0.7879999876022339,6.151000022888184,0.44200000166893005,-0.06800000369548798,-0.0989999994635582,,649720186922824,,movej_mid,0,0.40006553649902343,,0.4,,,,,0.0,0.0,0.0,0.0,0.0,0.0
10777,649720188541093,1788511163751155262,,,1,-33.43899917602539,-50.095001220703125,68.91799926757812,93.2300033569336,15.0649995803833,65.12200164794922,132.822998046875,7.920000076293945,25.309999465942383,16.920000076293945,6.480000019073486,-14.039999961853027,-19.079999923706055,12.600000381469727,-2.4730000495910645,0.8790000081062317,5.49399995803833,0.4000000059604645,-0.019999999552965164,-0.10999999940395355,,649720192106955,,movej_mid,0,0.40006553649902343,,0.4,,,,,0.0,0.0,0.0,0.0,0.0,0.0
10778,649720193534869,1788511163756149743,,,1,-33.404998779296875,-49.96699905395508,69.0199966430664,93.24600219726562,14.99899959564209,65.01499938964844,132.88999938964844,7.559999942779541,24.239999771118164,17.149999618530273,6.0,-12.239999771118164,-17.520000457763672,12.960000038146973,-2.4730000495910645,0.8790000081062317,5.49399995803833,0.4000000059604645,-0.019999999552965164,-0.10999999940395355,,649720197186318,,movej_mid,0,0.40006553649902343,,0.4,,,,,0.0,0.0,0.0,0.0,0.0,0.0
10779,649720198541909,1788511163761165476,,,1,-33.37699890136719,-49.882999420166016,69.08000183105469,93.29399871826172,14.972999572753906,64.97000122070312,132.91900634765625,6.960000038146973,22.920000076293945,16.200000762939453,5.400000095367432,-10.4399995803833,-16.200000762939453,10.199999809265137,-1.3370000123977661,1.9229999780654907,6.504000186920166,0.4090000092983246,-0.061000000685453415,-0.10999999940395355,,649720202265337,,movej_mid,0,0.40006553649902343,,0.4,,,,,0.0,0.0,0.0,0.0,0.0,0.0
10780,649720203578350,1788511163766196024,,,1,-33.3390007019043,-49.7400016784668,69.16000366210938,93.31999969482422,14.89799976348877,64.85900115966797,133.00100708007812,6.71999979019165,18.600000381469727,13.319999694824219,4.559999942779541,-10.4399995803833,-13.680000305175781,12.84000015258789,-1.906999945640564,1.7009999752044678,5.874000072479248,0.3479999899864197,-0.028999999165534973,-0.0729999989271164,,649720207342948,,movej_mid,0,0.40006553649902343,,0.4,,,,,0.0,0.0,0.0,0.0,0.0,0.0
10781,649720208527882,1788511163771145721,,,1,-33.31800079345703,-49.67300033569336,69.21299743652344,93.33499908447266,14.85200023651123,64.78199768066406,133.06199645996094,5.519999980926514,18.1200008392334,13.680000305175781,4.320000171661377,-8.15999984741211,-12.239999771118164,11.15999984741211,-0.7480000257492065,-0.2409999966621399,6.745999813079834,0.5329999923706055,0.0010000000474974513,-0.14300000667572021,,649720212422767,,movej_mid,0,0.40003578186035155,,0.4,,,,,0.0,0.0,0.0,0.0,0.0,0.0
10782,649720213535379,1788511163776186283,,,1,-33.2869987487793,-49.569000244140625,69.28500366210938,93.36100006103516,14.803999900817871,64.70800018310547,133.1020050048828,5.400000095367432,16.31999969482422,12.710000038146973,3.7200000286102295,-7.920000076293945,-11.880000114440918,8.520000457763672,-1.6430000066757202,0.8899999856948853,5.578000068664551,0.41200000047683716,0.01600000075995922,-0.13300000131130219,,649720217510844,,movej_mid,0,0.40003578186035155,,0.4,,,,,0.0,0.0,0.0,0.0,0.0,0.0
10783,649720218680118,1788511163781298277,,,1,-33.25899887084961,-49.487998962402344,69.35199737548828,93.38099670410156,14.765000343322754,64.63899993896484,133.14599609375,4.320000171661377,14.279999732971191,10.680000305175781,3.4800000190734863,-6.119999885559082,-10.800000190734863,8.640000343322754,-1.6430000066757202,0.8899999856948853,5.578000068664551,0.41200000047683716,0.01600000075995922,-0.13300000131130219,,649720222675222,,movej_mid,0,0.40003578186035155,,0.4,,,,,0.0,0.0,0.0,0.0,0.0,0.0
10784,649720223561485,1788511163786166579,,,1,-33.24399948120117,-49.4379997253418,69.38800048828125,93.39299774169922,14.743000030517578,64.6050033569336,133.19200134277344,4.670000076293945,13.079999923706055,9.239999771118164,3.240000009536743,-6.349999904632568,-10.4399995803833,7.800000190734863,-1.027999997138977,1.0859999656677246,6.169000148773193,0.43299999833106995,-0.03099999949336052,-0.11900000274181366,,649720227895409,,movej_mid,0,0.40003578186035155,,0.4,,,,,0.0,0.0,0.0,0.0,0.0,0.0
10785,649720228611334,1788511163791238002,,,1,-33.22100067138672,-49.367000579833984,69.44300079345703,93.41799926757812,14.708999633789062,64.552001953125,133.2310028076172,3.8399999141693115,12.0,8.15999984741211,2.759999990463257,-5.159999847412109,-8.880000114440918,5.400000095367432,-1.027999997138977,1.0859999656677246,6.169000148773193,0.43299999833106995,-0.03099999949336052,-0.11900000274181366,,649720233143585,,movej_mid,0,0.40002410888671874,,0.4,,,,,0.0,0.0,0.0,0.0,0.0,0.0
10786,649720233538557,1788511163796168277,,,1,-33.20000076293945,-49.30799865722656,69.49099731445312,93.43099975585938,14.675999641418457,64.51399993896484,133.25999450683594,3.359999895095825,9.720000267028809,7.559999942779541,2.1600000858306885,-5.159999847412109,-5.519999980926514,4.559999942779541,-1.0889999866485596,1.4010000228881836,5.790999889373779,0.3889999985694885,0.04800000041723251,-0.12300000339746475,,649720238317644,,movej_mid,0,0.40002410888671874,,0.4,,,,,0.0,0.0,0.0,0.0,0.0,0.0
10787,649720238512560,1788511163801133033,,,1,-33.20000076293945,-49.30799865722656,69.49099731445312,93.43099975585938,14.675999641418457,64.51399993896484,133.25999450683594,3.359999895095825,9.720000267028809,7.559999942779541,2.1600000858306885,-5.159999847412109,-5.519999980926514,4.559999942779541,-1.5490000247955322,1.2389999628067017,6.205999851226807,0.40299999713897705,-0.07900000363588333,-0.09700000286102295,,649720243534007,,movej_mid,0,0.40002410888671874,,0.4,,,,,0.0,0.0,0.0,0.0,0.0,0.0
10788,649720243559109,1788511163806197117,,,1,-33.16600036621094,-49.22100067138672,69.56199645996094,93.4530029296875,14.638999938964844,64.47100067138672,133.29100036621094,2.1600000858306885,6.0,4.440000057220459,1.440000057220459,-3.9600000381469727,-4.079999923706055,3.359999895095825,-0.9950000047683716,1.0980000495910645,6.326000213623047,0.42399999499320984,-0.028999999165534973,-0.12099999934434891,,649720248607540,,movej_mid,0,0.40002410888671874,,0.4,,,,,0.0,0.0,0.0,0.0,0.0,0.0
10790,649720253598597,1788511163816222138,,,1,-33.1510009765625,-49.18299865722656,69.59200286865234,93.46299743652344,14.609000205993652,64.44300079345703,133.31900024414062,1.2000000476837158,3.359999895095825,2.4000000953674316,0.6000000238418579,-1.6799999475479126,-1.7999999523162842,1.0800000429153442,-1.5759999752044678,0.9160000085830688,6.270999908447266,0.42500001192092896,-0.06300000101327896,-0.11599999666213989,,649720253683061,,movej_mid,0,0.4000205993652344,,0.4,,,,,0.0,0.0,0.0,0.0,0.0,0.0
10791,649720258665360,1788511163821285526,,,1,-33.1510009765625,-49.18299865722656,69.59200286865234,93.46299743652344,14.609000205993652,64.44300079345703,133.31900024414062,1.2000000476837158,3.359999895095825,2.4000000953674316,0.6000000238418579,-1.6799999475479126,-1.7999999523162842,1.0800000429153442,-1.190999984741211,0.527999997138977,5.668000221252441,0.4359999895095825,0.02199999988079071,-0.1120000034570694,,649720258758422,,movej_mid,0,0.4000205993652344,,0.4,,,,,0.0,0.0,0.0,0.0,0.0,0.0
10792,649720263703625,1788511163826325102,,,1,-33.14400100708008,-49.16899871826172,69.60600280761719,93.46399688720703,14.602999687194824,64.43599700927734,133.32400512695312,0.9599999785423279,1.9199999570846558,1.559999942779541,0.36000001430511475,-1.6799999475479126,-1.7999999523162842,0.7200000286102295,-0.9789999723434448,0.5720000267028809,5.784999847412109,0.4309999942779541,-0.004000000189989805,-0.13099999725818634,,649720263837497,,movej_mid,0,0.40001907348632815,,0.4,,,,,0.0,0.0,0.0,0.0,0.0,0.0
10793,649720268537686,1788511163831153651,,,1,-33.13800048828125,-49.1609992980957,69.61000061035156,93.46700286865234,14.595999717712402,64.4260025024414,133.3280029296875,0.7200000286102295,1.559999942779541,1.0800000429153442,0.0,-0.9599999785423279,-0.9599999785423279,0.7200000286102295,-1.4800000190734863,1.3040000200271606,5.796999931335449,0.38199999928474426,-0.023000000044703484,-0.11100000143051147,,649720268916424,,movej_mid,0,0.40001907348632815,,0.4,,,,,0.0,0.0,0.0,0.0,0.0,0.0
10794,649720273541630,1788511163836156320,,,1,-33.13999938964844,-49.1609992980957,69.61000061035156,93.46800231933594,14.585000038146973,64.4219970703125,133.3300018310547,0.23999999463558197,0.0,0.11999999731779099,0.0,0.0,0.0,0.36000001430511475,-1.6039999723434448,1.3450000286102295,5.554999828338623,0.3869999945163727,-0.02199999988079071,-0.08900000154972076,,649720273994702,,movej_mid,0,0.40001907348632815,,0.4,,,,,0.0,0.0,0.0,0.0,0.0,0.0
10795,649720278626218,1788511163841266053,,,1,-33.13800048828125,-49.159000396728516,69.61199951171875,93.46800231933594,14.585000038146973,64.4209976196289,133.3300018310547,0.0,-0.23999999463558197,0.0,0.0,-0.11999999731779099,0.0,-0.11999999731779099,-1.8070000410079956,1.2059999704360962,5.617000102996826,0.3889999985694885,-0.057999998331069946,-0.10199999809265137,,649720279175570,,movej_mid,0,0.40001907348632815,,0.4,,,,,0.0,0.0,0.0,0.0,0.0,0.0
10796,649720283579662,1788511163846211648,,,1,-33.13800048828125,-49.159000396728516,69.61299896240234,93.46800231933594,14.585000038146973,64.4229965209961,133.3300018310547,-0.11999999731779099,-0.8399999737739563,-0.47999998927116394,-0.23999999463558197,0.0,0.36000001430511475,-0.23999999463558197,-1.7039999961853027,1.3049999475479126,5.60099983215332,0.38100001215934753,-0.027000000700354576,-0.0989999994635582,,649720284262367,,movej_mid,0,0.40001907348632815,,0.4,,,,,0.0,0.0,0.0,0.0,0.0,0.0
10797,649720288491630,1788511163851131328,,,1,-33.13800048828125,-49.16899871826172,69.61000061035156,93.46600341796875,14.586999893188477,64.4229965209961,133.33200073242188,-0.36000001430511475,-1.7999999523162842,-0.8399999737739563,0.0,0.0,0.36000001430511475,-0.6000000238418579,-1.5540000200271606,1.003000020980835,5.791999816894531,0.41499999165534973,-0.04500000178813934,-0.0949999988079071,,649720289454258,,movej_mid,0,0.40001739501953126,,0.4,,,,,0.0,0.0,0.0,0.0,0.0,0.0
10798,649720293483858,1788511163856143839,,,1,-33.14099884033203,-49.17399978637695,69.60600280761719,93.46700286865234,14.586999893188477,64.42500305175781,133.33099365234375,-0.6000000238418579,-2.640000104904175,-1.559999942779541,-0.36000001430511475,0.47999998927116394,1.0800000429153442,-0.36000001430511475,-1.4040000438690186,0.6610000133514404,5.691999912261963,0.42399999499320984,-0.0020000000949949026,-0.12399999797344208,,649720294741263,,movej_mid,0,0.40001739501953126,,0.4,,,,,0.0,0.0,0.0,0.0,0.0,0.0
10799,649720298475328,1788511163861105719,,,1,-33.143001556396484,-49.198001861572266,69.60199737548828,93.46399688720703,14.586999893188477,64.42900085449219,133.3300018310547,-0.8399999737739563,-3.7200000286102295,-1.7999999523162842,-0.36000001430511475,0.36000001430511475,1.440000057220459,-1.0800000429153442,-1.149999976158142,0.843999981880188,5.585000038146973,0.41100001335144043,0.010999999940395355,-0.12700000405311584,,649720299819930,,movej_mid,0,0.40001739501953126,,0.4,,,,,0.0,0.0,0.0,0.0,0.0,0.0
10800,649720303486265,1788511163866126217,,,1,-33.14500045776367,-49.2130012512207,69.58000183105469,93.45999908447266,14.592000007629395,64.44100189208984,133.3249969482422,-1.2000000476837158,-4.079999923706055,-2.880000114440918,-0.7200000286102295,1.3200000524520874,2.759999990463257,-1.440000057220459,-1.0360000133514404,1.190000057220459,5.835999965667725,0.38600000739097595,-0.028999999165534973,-0.11299999803304672,,649720304982472,,movej_mid,0,0.40001708984375,,0.4,,,,,0.0,0.0,0.0,0.0,0.0,0.0
10801,649720308490532,1788511163871109163,,,1,-33.14899826049805,-49.233001708984375,69.56800079345703,93.45500183105469,14.598999977111816,64.45800018310547,133.31700134277344,-1.3200000524520874,-4.800000190734863,-3.240000009536743,-1.440000057220459,1.7999999523162842,2.880000114440918,-1.559999942779541,-1.2769999504089355,0.8840000033378601,5.6579999923706055,0.40700000524520874,0.006000000052154064,-0.12200000137090683,,649720310209102,,movej_mid,0,0.40001708984375,,0.4,,,,,0.0,0.0,0.0,0.0,0.0,0.0
10802,649720313578690,1788511163876247372,,,1,-33.154998779296875,-49.249000549316406,69.55400085449219,93.4489974975586,14.605999946594238,64.47100067138672,133.3090057373047,-1.559999942779541,-5.519999980926514,-3.4800000190734863,-1.3200000524520874,1.7999999523162842,3.7200000286102295,-2.1600000858306885,-1.2680000066757202,0.6800000071525574,5.815999984741211,0.4300000071525574,-0.017000000923871994,-0.11500000208616257,,649720315290964,,movej_mid,0,0.40001708984375,,0.4,,,,,0.0,0.0,0.0,0.0,0.0,0.0
10803,649720318550312,1788511163881166969,,,1,-33.165000915527344,-49.28799819946289,69.52400207519531,93.44100189208984,14.61400032043457,64.49099731445312,133.2969970703125,-1.6799999475479126,-5.760000228881836,-3.9600000381469727,-1.440000057220459,2.4000000953674316,3.5999999046325684,-2.2799999713897705,-1.2680000066757202,1.1859999895095825,5.803999900817871,0.38199999928474426,-0.02199999988079071,-0.11100000143051147,,649720320412538,,movej_mid,0,0.40001708984375,,0.4,,,,,0.0,0.0,0.0,0.0,0.0,0.0
10804,649720323548146,1788511163886179459,,,1,-33.17399978637695,-49.323001861572266,69.49600219726562,93.42900085449219,14.62600040435791,64.51399993896484,133.28399658203125,-1.6799999475479126,-5.880000114440918,-4.079999923706055,-1.559999942779541,2.509999990463257,3.8399999141693115,-2.640000104904175,-1.2680000066757202,1.1859999895095825,5.803999900817871,0.38199999928474426,-0.02199999988079071,-0.11100000143051147,,649720325601620,,movej_mid,0,0.4000165557861328,,0.4,,,,,0.0,0.0,0.0,0.0,0.0,0.0
10805,649720328562218,1788511163891214264,,,1,-33.18000030517578,-49.361000061035156,69.46800231933594,93.42500305175781,14.635000228881836,64.5260009765625,133.27499389648438,-1.7999999523162842,-6.0,-3.9600000381469727,-1.440000057220459,2.509999990463257,3.8399999141693115,-2.509999990463257,-1.6069999933242798,1.1390000581741333,5.765999794006348,0.4009999930858612,-0.023000000044703484,-0.10599999874830246,,649720330774822,,movej_mid,0,0.4000165557861328,,0.4,,,,,0.0,0.0,0.0,0.0,0.0,0.0
10806,649720333551140,1788511163896179003,,,1,-33.18199920654297,-49.38199996948242,69.4469985961914,93.41899871826172,14.649999618530273,64.5469970703125,133.2570037841797,-1.6799999475479126,-4.920000076293945,-3.9600000381469727,-1.440000057220459,2.759999990463257,3.5999999046325684,-2.880000114440918,-2.065999984741211,1.090999960899353,5.883999824523926,0.4050000011920929,-0.0729999989271164,-0.09300000220537186,,649720335988055,,movej_mid,0,0.4000165557861328,,0.4,,,,,0.0,0.0,0.0,0.0,0.0,0.0
10807,649720338607394,1788511163901309425,,,1,-33.1879997253418,-49.4109992980957,69.4260025024414,93.40499877929688,14.66100025177002,64.56800079345703,133.24000549316406,-1.6799999475479126,-5.159999847412109,-3.5999999046325684,-1.440000057220459,2.759999990463257,3.8399999141693115,-2.640000104904175,-1.6759999990463257,1.409000039100647,5.859000205993652,0.3889999985694885,-0.02199999988079071,-0.10199999809265137,,649720341196792,,movej_mid,0,0.40001625061035156,,0.4,,,,,0.0,0.0,0.0,0.0,0.0,0.0
10808,649720342040276,1788511163904670692,,,1,-33.1879997253418,-49.4109992980957,69.4260025024414,93.40499877929688,14.66100025177002,64.56800079345703,133.24000549316406,-1.6799999475479126,-5.159999847412109,-3.5999999046325684,-1.440000057220459,2.759999990463257,3.8399999141693115,-2.640000104904175,-1.7350000143051147,1.5190000534057617,5.639999866485596,0.3700000047683716,-0.04600000008940697,-0.09000000357627869,,649720346330414,,movej_mid,0,0.40001625061035156,,0.4,,,,,0.0,0.0,0.0,0.0,0.0,0.0
10809,649720348496650,1788511163911128525,,,1,-33.185001373291016,-49.4630012512207,69.37799835205078,93.38899993896484,14.692000389099121,64.5999984741211,133.21600341796875,-1.3200000524520874,-4.559999942779541,-3.4800000190734863,-1.559999942779541,3.240000009536743,3.359999895095825,-2.880000114440918,-1.9709999561309814,1.6030000448226929,5.874000072479248,0.3659999966621399,-0.0689999982714653,-0.09099999815225601,,649720351511419,,movej_mid,0,0.40001625061035156,,0.4,,,,,0.0,0.0,0.0,0.0,0.0,0.0
10810,649720353669470,1788511163916291986,,,1,-33.185001373291016,-49.4630012512207,69.37799835205078,93.38899993896484,14.692000389099121,64.5999984741211,133.21600341796875,-1.3200000524520874,-4.559999942779541,-3.4800000190734863,-1.559999942779541,3.240000009536743,3.359999895095825,-2.880000114440918,-2.1510000228881836,1.2519999742507935,5.617000102996826,0.39100000262260437,-0.039000000804662704,-0.09700000286102295,,649720356734581,,movej_mid,0,0.40001564025878905,,0.4,,,,,0.0,0.0,0.0,0.0,0.0,0.0
10811,649720356954504,1788511163919569569,,,1,-33.185001373291016,-49.48099899291992,69.37000274658203,93.37899780273438,14.713000297546387,64.61599731445312,133.1999969482422,-1.440000057220459,-4.199999809265137,-3.0,-1.6799999475479126,2.880000114440918,3.0,-2.640000104904175,-1.8480000495910645,1.1410000324249268,5.640999794006348,0.3930000066757202,-0.04600000008940697,-0.10000000149011612,,649720362006247,,movej_mid,0,0.40001564025878905,,0.4,,,,,0.0,0.0,0.0,0.0,0.0,0.0
10812,649720363547090,1788511163926221497,,,1,-33.19200134277344,-49.52199935913086,69.33999633789062,93.35900115966797,14.739999771118164,64.64399719238281,133.17799377441406,-1.2000000476837158,-3.5999999046325684,-2.1600000858306885,-1.440000057220459,2.759999990463257,2.880000114440918,-2.1600000858306885,-1.2760000228881836,1.4149999618530273,5.561999797821045,0.36899998784065247,-0.01600000075995922,-0.10300000011920929,,649720367327016,,movej_mid,0,0.40001564025878905,,0.4,,,,,0.0,0.0,0.0,0.0,0.0,0.0
10813,649720368542307,1788511163931245691,,,1,-33.19200134277344,-49.52199935913086,69.33999633789062,93.35900115966797,14.739999771118164,64.64399719238281,133.17799377441406,-1.2000000476837158,-3.5999999046325684,-2.1600000858306885,-1.440000057220459,2.759999990463257,2.880000114440918,-2.1600000858306885,-1.659000039100647,1.281999945640564,5.196000099182129,0.3700000047683716,-0.020999999716877937,-0.10700000077486038,,649720372503876,,movej_mid,0,0.40001564025878905,,0.4,,,,,0.0,0.0,0.0,0.0,0.0,0.0
10814,649720373539928,1788511163936200096,,,1,-33.19499969482422,-49.5369987487793,69.33200073242188,93.35199737548828,14.758000373840332,64.66200256347656,133.16299438476562,-1.0800000429153442,-3.0,-2.1600000858306885,-1.440000057220459,2.880000114440918,3.0,-1.9199999570846558,-1.0740000009536743,0.8539999723434448,5.466000080108643,0.41200000047683716,-0.004000000189989805,-0.11999999731779099,,649720377582101,,movej_mid,0,0.4000150299072266,,0.4,,,,,0.0,0.0,0.0,0.0,0.0,0.0
10815,649720378584112,1788511163941290180,,,1,-33.20000076293945,-49.55500030517578,69.32099914550781,93.34500122070312,14.774999618530273,64.66999816894531,133.1580047607422,-1.6799999475479126,-2.2799999713897705,-1.6799999475479126,-1.0800000429153442,2.0399999618530273,3.0,-2.1600000858306885,-1.1339999437332153,1.159999966621399,5.381999969482422,0.3799999952316284,0.008999999612569809,-0.11500000208616257,,649720382664051,,movej_mid,0,0.4000150299072266,,0.4,,,,,0.0,0.0,0.0,0.0,0.0,0.0
10816,649720383843813,1788511163946526269,,,1,-33.21099853515625,-49.566001892089844,69.31099700927734,93.33899688720703,14.784000396728516,64.69400024414062,133.1439971923828,-1.559999942779541,-2.2799999713897705,-1.440000057220459,-1.0800000429153442,1.9199999570846558,2.509999990463257,-1.7999999523162842,-1.2860000133514404,0.8799999952316284,5.440000057220459,0.41200000047683716,-0.02199999988079071,-0.10899999737739563,,649720387746542,,movej_mid,0,0.4000150299072266,,0.4,,,,,0.0,0.0,0.0,0.0,0.0,0.0
10817,649720388591998,1788511163951266310,,,1,-33.21500015258789,-49.57699966430664,69.30400085449219,93.33799743652344,14.791000366210938,64.70500183105469,133.13299560546875,-1.440000057220459,-2.2799999713897705,-1.440000057220459,-0.9599999785423279,1.7999999523162842,2.509999990463257,-1.7999999523162842,-1.7649999856948853,0.9850000143051147,5.26200008392334,0.3869999945163727,-0.039000000804662704,-0.10999999940395355,,649720392825765,,movej_mid,0,0.4000146484375,,0.4,,,,,0.0,0.0,0.0,0.0,0.0,0.0
10818,649720393565514,1788511163956240340,,,1,-33.22600173950195,-49.590999603271484,69.29199981689453,93.33000183105469,14.805000305175781,64.71600341796875,133.1219940185547,-1.559999942779541,-2.1600000858306885,-1.559999942779541,-0.6000000238418579,1.440000057220459,2.509999990463257,-2.1600000858306885,-1.5920000076293945,1.0230000019073486,5.436999797821045,0.4009999930858612,-0.014999999664723873,-0.1080000028014183,,649720397904950,,movej_mid,0,0.4000146484375,,0.4,,,,,0.0,0.0,0.0,0.0,0.0,0.0
10819,649720398591541,1788511163961235646,,,1,-33.23500061035156,-49.606998443603516,69.28600311279297,93.3239974975586,14.809000015258789,64.7249984741211,133.11500549316406,-1.3200000524520874,-1.9199999570846558,-1.0800000429153442,-0.7200000286102295,1.7999999523162842,2.4000000953674316,-1.7999999523162842,-1.5260000228881836,1.184000015258789,5.4720001220703125,0.3869999945163727,-0.02800000086426735,-0.10899999737739563,,649720402983793,,movej_mid,0,0.4000146484375,,0.4,,,,,0.0,0.0,0.0,0.0,0.0,0.0
10820,649720403603492,1788511163966236060,,,1,-33.24100112915039,-49.617000579833984,69.28099822998047,93.31999969482422,14.817000389099121,64.73899841308594,133.10299682617188,-1.440000057220459,-2.0399999618530273,-1.440000057220459,-0.23999999463558197,1.2000000476837158,2.1600000858306885,-1.7999999523162842,-1.8049999475479126,1.4220000505447388,5.291999816894531,0.35600000619888306,-0.03500000014901161,-0.09700000286102295,,649720408062574,,movej_mid,0,0.40001419067382815,,0.4,,,,,0.0,0.0,0.0,0.0,0.0,0.0
10821,649720408607966,1788511163971235323,,,1,-33.25,-49.62799835205078,69.27100372314453,93.31999969482422,14.82800006866455,64.7490005493164,133.09100341796875,-1.440000057220459,-1.7999999523162842,-0.8399999737739563,-0.7200000286102295,1.440000057220459,2.0399999618530273,-1.7999999523162842,-1.3700000047683716,1.0540000200271606,5.576000213623047,0.4009999930858612,-0.014999999664723873,-0.1120000034570694,,649720413141634,,movej_mid,0,0.40001419067382815,,0.4,,,,,0.0,0.0,0.0,0.0,0.0,0.0
10822,649720413887300,1788511163976510711,,,1,-33.255001068115234,-49.63199996948242,69.27300262451172,93.31700134277344,14.840999603271484,64.76699829101562,133.0800018310547,-1.2000000476837158,-1.6799999475479126,-0.8399999737739563,-0.36000001430511475,1.3200000524520874,1.7999999523162842,-1.440000057220459,-1.1330000162124634,1.0110000371932983,5.5920000076293945,0.40400001406669617,0.009999999776482582,-0.11900000274181366,,649720418217525,,movej_mid,0,0.40001419067382815,,0.4,,,,,0.0,0.0,0.0,0.0,0.0,0.0
10824,649720422040006,1788511163984664385,,,1,-33.268001556396484,-49.64500045776367,69.25900268554688,93.31500244140625,14.848999977111816,64.78700256347656,133.05999755859375,-1.0800000429153442,-1.440000057220459,-1.0800000429153442,0.0,0.7200000286102295,1.440000057220459,-1.7999999523162842,-1.3819999694824219,0.8939999938011169,5.789000034332275,0.414000004529953,-0.03099999949336052,-0.11400000005960464,,649720423292979,,movej_mid,0,0.4000135040283203,,0.4,,,,,0.0,0.0,0.0,0.0,0.0,0.0
10825,649720428494305,1788511163991186645,,,1,-33.277000427246094,-49.6510009765625,69.2490005493164,93.31199645996094,14.848999977111816,64.79000091552734,133.05599975585938,-0.8399999737739563,-1.2000000476837158,-0.8399999737739563,-0.11999999731779099,0.6000000238418579,1.3200000524520874,-1.7999999523162842,-1.7680000066757202,0.9779999852180481,5.816999912261963,0.4090000092983246,-0.02500000037252903,-0.10899999737739563,,649720433444620,,movej_mid,0,0.4000135040283203,,0.4,,,,,0.0,0.0,0.0,0.0,0.0,0.0
10827,649720438547976,1788511164001170002,,,1,-33.290000915527344,-49.66899871826172,69.23500061035156,93.31199645996094,14.857000350952148,64.80899810791016,133.0330047607422,-0.7200000286102295,-1.0800000429153442,-0.9599999785423279,-0.23999999463558197,0.9599999785423279,1.0800000429153442,-1.440000057220459,-1.8020000457763672,1.3860000371932983,5.882999897003174,0.3880000114440918,-0.04699999839067459,-0.09600000083446503,,649720438655286,,movej_mid,0,0.4000128173828125,,0.4,,,,,0.0,0.0,0.0,0.0,0.0,0.0
10828,649720443540265,1788511164006163549,,,1,-33.29100036621094,-49.67399978637695,69.23300170898438,93.30899810791016,14.861000061035156,64.81199645996094,133.0290069580078,-0.7200000286102295,-0.9599999785423279,-0.7200000286102295,0.0,0.36000001430511475,0.7200000286102295,-1.440000057220459,-1.7649999856948853,1.3070000410079956,5.7129998207092285,0.39100000262260437,-0.039000000804662704,-0.09799999743700027,,649720443825015,,movej_mid,0,0.4000128173828125,,0.4,,,,,0.0,0.0,0.0,0.0,0.0,0.0
10829,649720448552451,1788511164011179399,,,1,-33.29199981689453,-49.68299865722656,69.22599792480469,93.30799865722656,14.864999771118164,64.81500244140625,133.02499389648438,-0.47999998927116394,-0.8399999737739563,-0.7200000286102295,-0.36000001430511475,0.7200000286102295,0.7200000286102295,-0.8399999737739563,-1.7869999408721924,1.503000020980835,5.952000141143799,0.3799999952316284,-0.035999998450279236,-0.10000000149011612,,649720448908143,,movej_mid,0,0.4000128173828125,,0.4,,,,,0.0,0.0,0.0,0.0,0.0,0.0
10830,649720453552091,1788511164016172421,,,1,-33.29800033569336,-49.69200134277344,69.2239990234375,93.30599975585938,14.868000030517578,64.822998046875,133.01600646972656,-0.47999998927116394,-0.8399999737739563,-0.7200000286102295,0.0,0.36000001430511475,0.7200000286102295,-1.0800000429153442,-1.75600004196167,1.2949999570846558,5.835999965667725,0.38999998569488525,-0.03700000047683716,-0.09600000083446503,,649720454130314,,movej_mid,0,0.4000120544433594,,0.4,,,,,0.0,0.0,0.0,0.0,0.0,0.0
10831,649720458719552,1788511164021353811,,,1,-33.29899978637695,-49.69200134277344,69.22200012207031,93.30500030517578,14.871999740600586,64.83100128173828,133.01499938964844,-0.23999999463558197,-1.0800000429153442,-0.36000001430511475,-0.23999999463558197,0.7200000286102295,0.7200000286102295,-0.8399999737739563,-1.531999945640564,1.2610000371932983,5.739999771118164,0.39399999380111694,-0.028999999165534973,-0.11100000143051147,,649720459307591,,movej_mid,0,0.4000120544433594,,0.4,,,,,0.0,0.0,0.0,0.0,0.0,0.0
10832,649720462069277,1788511164024677746,,,1,-33.29899978637695,-49.69900131225586,69.21900177001953,93.302001953125,14.878000259399414,64.83100128173828,133.00999450683594,-0.23999999463558197,-0.7200000286102295,-0.36000001430511475,-0.36000001430511475,0.47999998927116394,0.8399999737739563,-1.0800000429153442,-1.5670000314712524,1.1059999465942383,5.656000137329102,0.3959999978542328,-0.020999999716877937,-0.10300000011920929,,649720464482538,,movej_mid,0,0.4000120544433594,,0.4,,,,,0.0,0.0,0.0,0.0,0.0,0.0
10833,649720468546547,1788511164031179197,,,1,-33.30099868774414,-49.70000076293945,69.21800231933594,93.302001953125,14.878999710083008,64.83699798583984,133.00399780273438,-0.36000001430511475,-0.6000000238418579,-0.47999998927116394,-0.36000001430511475,0.6000000238418579,0.36000001430511475,-0.36000001430511475,-1.8040000200271606,1.1649999618530273,5.704999923706055,0.3970000147819519,-0.03400000184774399,-0.10700000077486038,,649720469686282,,movej_mid,0,0.4000120544433594,,0.4,,,,,0.0,0.0,0.0,0.0,0.0,0.0
10834,649720473549320,1788511164036245265,,,1,-33.303001403808594,-49.70600128173828,69.21600341796875,93.30000305175781,14.883000373840332,64.84100341796875,133.0030059814453,0.0,-0.7200000286102295,0.0,0.0,0.6000000238418579,0.7200000286102295,-0.7200000286102295,-1.7359999418258667,1.1089999675750732,5.6620001792907715,0.3970000147819519,-0.03799999877810478,-0.10499999672174454,,649720474872948,,movej_mid,0,0.40001121520996097,,0.4,,,,,0.0,0.0,0.0,0.0,0.0,0.0
10835,649720478539393,1788511164041229735,,,1,-33.305999755859375,-49.709999084472656,69.21299743652344,93.2969970703125,14.888999938964844,64.84500122070312,132.99899291992188,-0.47999998927116394,-0.47999998927116394,-0.11999999731779099,-0.36000001430511475,0.36000001430511475,0.47999998927116394,-0.7200000286102295,-1.5529999732971191,1.0509999990463257,5.508999824523926,0.3889999985694885,-0.026000000536441803,-0.0989999994635582,,649720480051534,,movej_mid,0,0.40001121520996097,,0.4,,,,,0.0,0.0,0.0,0.0,0.0,0.0
