scenario,seed,variant,onset_time_s,onset_path_m,left_censored,recovered,right_censored,recovery_start_s,confirmed_s,duration_s,confirmed_phase,observation_end_s,observed_followup_s
delayed_execution,0,full,1.3449999999999616,0.02669638659305042,False,True,False,1.5199999999999578,1.7199999999999536,0.17499999999999627,scan,3.30499999999992,
delayed_execution,0,baseline,1.3399999999999617,0.026638180826492087,False,True,False,1.509999999999958,1.7099999999999538,0.16999999999999638,scan,3.2599999999999207,
delayed_execution,0,image_only,1.3399999999999617,0.026638180826041337,False,True,False,1.509999999999958,1.7099999999999538,0.16999999999999638,scan,3.2599999999999207,
delayed_execution,0,no_aperture,1.3449999999999616,0.026696386592426357,False,True,False,1.5199999999999578,1.7199999999999536,0.17499999999999627,scan,3.30499999999992,
delayed_execution,0,full_consistency,1.3449999999999616,0.026696386593044904,False,True,False,1.5199999999999578,1.7199999999999536,0.17499999999999627,scan,3.30499999999992,
delayed_execution,0,matched_scan_speed,1.3449999999999616,0.02669638659290131,False,True,False,1.5199999999999578,1.7199999999999536,0.17499999999999627,scan,3.30499999999992,
delayed_execution,0,matched_rocking,1.3349999999999618,0.02653817798900868,False,True,False,1.5299999999999576,1.7299999999999534,0.19499999999999584,scan,3.2599999999999207,
delayed_execution,1,full,1.3499999999999615,0.026833564985062903,False,True,False,1.4899999999999585,1.6899999999999542,0.13999999999999702,scan,3.2799999999999203,
delayed_execution,1,baseline,1.3499999999999615,0.026838181499804385,False,True,False,1.4899999999999585,1.6899999999999542,0.13999999999999702,scan,3.2599999999999207,
delayed_execution,1,image_only,1.3499999999999615,0.026838181499822988,False,True,False,1.4899999999999585,1.6899999999999542,0.13999999999999702,scan,3.2599999999999207,
delayed_execution,1,no_aperture,1.3499999999999615,0.026833564985372545,False,True,False,1.4899999999999585,1.6899999999999542,0.13999999999999702,scan,3.2799999999999203,
delayed_execution,1,full_consistency,1.3499999999999615,0.026833564985140466,False,True,False,1.4899999999999585,1.6899999999999542,0.13999999999999702,scan,3.2799999999999203,
delayed_execution,1,matched_scan_speed,1.3499999999999615,0.026833564985329874,False,True,False,1.4899999999999585,1.6899999999999542,0.13999999999999702,scan,3.2799999999999203,
delayed_execution,1,matched_rocking,1.3449999999999616,0.026738181961499758,False,True,False,1.514999999999958,1.7149999999999537,0.16999999999999638,scan,3.2599999999999207,
delayed_execution,2,full,1.3299999999999619,0.02618758446967488,False,True,False,1.514999999999958,1.7149999999999537,0.18499999999999606,scan,3.3299999999999192,
delayed_execution,2,baseline,1.319999999999962,0.026238158331747224,False,True,False,1.5249999999999577,1.7249999999999535,0.20499999999999563,scan,3.2599999999999207,
delayed_execution,2,image_only,1.319999999999962,0.026238158331909296,False,True,False,1.5249999999999577,1.7249999999999535,0.20499999999999563,scan,3.2599999999999207,
delayed_execution,2,no_aperture,1.3299999999999619,0.026187584469637138,False,True,False,1.514999999999958,1.7149999999999537,0.18499999999999606,scan,3.3299999999999192,
delayed_execution,2,full_consistency,1.3299999999999619,0.026187584469512176,False,True,False,1.514999999999958,1.7149999999999537,0.18499999999999606,scan,3.3299999999999192,
delayed_execution,2,matched_scan_speed,1.3299999999999619,0.026187584469512835,False,True,False,1.514999999999958,1.7149999999999537,0.18499999999999606,scan,3.3299999999999192,
delayed_execution,2,matched_rocking,1.3149999999999622,0.02613814780740326,False,True,False,1.5499999999999572,1.749999999999953,0.234999999999995,scan,3.2599999999999207,
delayed_execution,3,full,1.3049999999999624,0.025848788356669927,False,True,False,1.5899999999999563,1.789999999999952,0.2849999999999939,scan,3.3649999999999185,
delayed_execution,3,baseline,1.2999999999999625,0.02583810361155264,False,True,False,1.5849999999999564,1.7849999999999522,0.2849999999999939,scan,3.2599999999999207,
delayed_execution,3,image_only,1.3049999999999624,0.025895022951168394,False,True,False,1.5849999999999564,1.7849999999999522,0.27999999999999403,scan,3.2649999999999206,
delayed_execution,3,no_aperture,1.3049999999999624,0.02584878835691956,False,True,False,1.5899999999999563,1.789999999999952,0.2849999999999939,scan,3.3649999999999185,
delayed_execution,3,full_consistency,1.3049999999999624,0.025848788356669927,False,True,False,1.5949999999999562,1.794999999999952,0.2899999999999938,scan,3.3649999999999185,
delayed_execution,3,matched_scan_speed,1.2999999999999625,0.025748682488592203,False,True,False,1.5949999999999562,1.794999999999952,0.2949999999999937,scan,3.3649999999999185,
delayed_execution,3,matched_rocking,1.2949999999999626,0.025738084609973216,False,True,False,1.5999999999999561,1.7999999999999519,0.3049999999999935,scan,3.2599999999999207,
delayed_execution,4,full,1.3399999999999617,0.026571463690114563,False,True,False,1.5299999999999576,1.7299999999999534,0.18999999999999595,scan,3.3099999999999197,
delayed_execution,4,baseline,1.3349999999999618,0.02653817798900868,False,True,False,1.5249999999999577,1.7249999999999535,0.18999999999999595,scan,3.2599999999999207,
delayed_execution,4,image_only,1.3349999999999618,0.026527432365549646,False,True,False,1.5249999999999577,1.7249999999999535,0.18999999999999595,scan,3.2599999999999207,
delayed_execution,4,no_aperture,1.3399999999999617,0.02657146369011113,False,True,False,1.5349999999999575,1.7349999999999532,0.19499999999999584,scan,3.3099999999999197,
delayed_execution,4,full_consistency,1.3399999999999617,0.026571463690178498,False,True,False,1.5299999999999576,1.7299999999999534,0.18999999999999595,scan,3.3099999999999197,
delayed_execution,4,matched_scan_speed,1.3399999999999617,0.026571463690101535,False,True,False,1.5299999999999576,1.7299999999999534,0.18999999999999595,scan,3.3099999999999197,
delayed_execution,4,matched_rocking,1.3349999999999618,0.02653817798900868,False,True,False,1.5399999999999574,1.7399999999999531,0.20499999999999563,scan,3.2599999999999207,
delayed_execution,5,full,1.3449999999999616,0.026542902150406417,False,True,False,1.5199999999999578,1.7199999999999536,0.17499999999999627,scan,3.3099999999999197,
delayed_execution,5,baseline,1.3349999999999618,0.02653817798900868,False,True,False,1.514999999999958,1.7149999999999537,0.17999999999999616,scan,3.2599999999999207,
delayed_execution,5,image_only,1.3399999999999617,0.026570527492128498,False,True,False,1.514999999999958,1.7149999999999537,0.17499999999999627,scan,3.2649999999999206,
delayed_execution,5,no_aperture,1.3449999999999616,0.026542902147078353,False,True,False,1.5199999999999578,1.7199999999999536,0.17499999999999627,scan,3.3099999999999197,
delayed_execution,5,full_consistency,1.3449999999999616,0.026542902150333152,False,True,False,1.5199999999999578,1.7199999999999536,0.17499999999999627,scan,3.3099999999999197,
delayed_execution,5,matched_scan_speed,1.3449999999999616,0.026542902150243398,False,True,False,1.5199999999999578,1.7199999999999536,0.17499999999999627,scan,3.3099999999999197,
delayed_execution,5,matched_rocking,1.3299999999999619,0.02643817335120355,False,True,False,1.5349999999999575,1.7349999999999532,0.20499999999999563,scan,3.2599999999999207,
delayed_execution,6,full,1.3599999999999612,0.027028498461350487,False,True,False,1.469999999999959,1.6699999999999546,0.10999999999999766,scan,3.2749999999999204,
delayed_execution,6,baseline,1.3599999999999612,0.02703817624041616,False,True,False,1.469999999999959,1.6699999999999546,0.10999999999999766,scan,3.2599999999999207,
delayed_execution,6,image_only,1.3599999999999612,0.02703817596127559,False,True,False,1.469999999999959,1.6699999999999546,0.10999999999999766,scan,3.2599999999999207,
delayed_execution,6,no_aperture,1.3599999999999612,0.027028498461349516,False,True,False,1.469999999999959,1.6699999999999546,0.10999999999999766,scan,3.2749999999999204,
delayed_execution,6,full_consistency,1.3599999999999612,0.027028498461350487,False,True,False,1.469999999999959,1.6699999999999546,0.10999999999999766,scan,3.2749999999999204,
delayed_execution,6,matched_scan_speed,1.3599999999999612,0.02702849846118844,False,True,False,1.469999999999959,1.6699999999999546,0.10999999999999766,scan,3.2749999999999204,
delayed_execution,6,matched_rocking,1.3499999999999615,0.026838181499804385,False,True,False,1.4899999999999585,1.6899999999999542,0.13999999999999702,scan,3.2599999999999207,
delayed_execution,7,full,1.3449999999999616,0.026680175640924755,False,True,False,1.4999999999999583,1.699999999999954,0.1549999999999967,scan,3.29499999999992,
delayed_execution,7,baseline,1.3449999999999616,0.026738181961499758,False,True,False,1.4949999999999584,1.694999999999954,0.1499999999999968,scan,3.2599999999999207,
delayed_execution,7,image_only,1.3449999999999616,0.026686440335514934,False,True,False,1.4949999999999584,1.694999999999954,0.1499999999999968,scan,3.2649999999999206,
delayed_execution,7,no_aperture,1.3449999999999616,0.02668017564078363,False,True,False,1.4999999999999583,1.699999999999954,0.1549999999999967,scan,3.29499999999992,
delayed_execution,7,full_consistency,1.3449999999999616,0.026680175640924755,False,True,False,1.4999999999999583,1.699999999999954,0.1549999999999967,scan,3.29499999999992,
delayed_execution,7,matched_scan_speed,1.3449999999999616,0.026680175640865257,False,True,False,1.4949999999999584,1.694999999999954,0.1499999999999968,scan,3.29499999999992,
delayed_execution,7,matched_rocking,1.3399999999999617,0.026638180826492087,False,True,False,1.5199999999999578,1.7199999999999536,0.17999999999999616,scan,3.2599999999999207,
delayed_execution,9,full,1.3449999999999616,0.02662894366099548,False,True,False,1.5049999999999581,1.7049999999999539,0.1599999999999966,scan,3.3099999999999197,
delayed_execution,9,baseline,1.3399999999999617,0.026638180826492087,False,True,False,1.4999999999999583,1.699999999999954,0.1599999999999966,scan,3.2599999999999207,
delayed_execution,9,image_only,1.3449999999999616,0.026695065725241544,False,True,False,1.4999999999999583,1.699999999999954,0.1549999999999967,scan,3.2649999999999206,
delayed_execution,9,no_aperture,1.3449999999999616,0.026628943660154985,False,True,False,1.5049999999999581,1.7049999999999539,0.1599999999999966,scan,3.30499999999992,
delayed_execution,9,full_consistency,1.3449999999999616,0.02662894366099525,False,True,False,1.5049999999999581,1.7049999999999539,0.1599999999999966,scan,3.3099999999999197,
delayed_execution,9,matched_scan_speed,1.3449999999999616,0.026628943660831753,False,True,False,1.5049999999999581,1.7049999999999539,0.1599999999999966,scan,3.3099999999999197,
delayed_execution,9,matched_rocking,1.3349999999999618,0.02653817798900868,False,True,False,1.5249999999999577,1.7249999999999535,0.18999999999999595,scan,3.2599999999999207,
hard_contact,0,full,0.6749999999999758,0.01333775678576212,False,False,True,,,,,5.274999999999878,4.599999999999902
hard_contact,0,baseline,0.6799999999999757,0.0134380041524729,False,True,False,2.0949999999999456,2.2949999999999413,1.4149999999999698,scan,3.2599999999999207,
hard_contact,0,baseline,2.35999999999994,0.04703800431024045,False,True,False,2.9799999999999267,3.1799999999999224,0.6199999999999868,stop_tail,3.2599999999999207,
hard_contact,0,image_only,0.7299999999999747,0.014438004271745283,False,True,False,2.064999999999946,2.264999999999942,1.3349999999999715,scan,3.2599999999999207,
hard_contact,0,image_only,2.924999999999928,0.05833799795251515,False,False,True,,,,,3.2599999999999207,0.33499999999999286
hard_contact,0,no_aperture,0.669999999999976,0.013237754169194645,False,False,True,,,,,5.259999999999878,4.589999999999902
hard_contact,0,full_consistency,0.6749999999999758,0.01333775678576212,False,True,False,3.614999999999913,3.814999999999909,2.9399999999999373,scan,5.17999999999988,
hard_contact,0,full_consistency,3.8249999999999087,0.043393555060493666,False,False,True,,,,,5.17999999999988,1.3549999999999711
hard_contact,0,matched_scan_speed,0.6799999999999757,0.013437759217955453,False,True,False,4.664999999999891,4.8649999999998865,3.984999999999915,scan,5.274999999999878,
hard_contact,0,matched_rocking,0.6799999999999757,0.0134380041524729,False,True,False,2.129999999999945,2.3299999999999406,1.449999999999969,scan,3.2599999999999207,
hard_contact,0,matched_rocking,2.549999999999936,0.05083800431024036,False,True,False,2.969999999999927,3.1699999999999227,0.41999999999999105,stop_tail,3.2599999999999207,
hard_contact,1,full,0.6749999999999758,0.013338004107509894,False,False,True,,,,,5.324999999999877,4.649999999999901
hard_contact,1,baseline,0.6849999999999756,0.013538004173324132,False,True,False,2.0999999999999455,2.299999999999941,1.4149999999999698,scan,3.2599999999999207,
hard_contact,1,baseline,2.3749999999999396,0.04733800431024044,False,True,False,2.9799999999999267,3.1799999999999224,0.6049999999999871,stop_tail,3.2599999999999207,
hard_contact,1,image_only,0.7199999999999749,0.014238004212575303,False,True,False,2.074999999999946,2.2749999999999417,1.3549999999999711,scan,3.2599999999999207,
hard_contact,1,no_aperture,0.669999999999976,0.013238004103146867,False,False,True,,,,,5.299999999999877,4.629999999999901
hard_contact,1,full_consistency,0.6749999999999758,0.013338004107509894,False,True,False,3.6549999999999123,3.854999999999908,2.9799999999999365,scan,5.244999999999878,
hard_contact,1,full_consistency,3.8749999999999076,0.04330940879164411,False,False,True,,,,,5.244999999999878,1.3699999999999708
hard_contact,1,matched_scan_speed,0.6849999999999756,0.0135380041518517,False,True,False,4.6799999999998905,4.879999999999886,3.994999999999915,scan,5.324999999999877,
hard_contact,1,matched_rocking,0.6849999999999756,0.013538004173324132,False,True,False,2.1349999999999447,2.3349999999999405,1.449999999999969,scan,3.2599999999999207,
hard_contact,1,matched_rocking,2.5599999999999357,0.05103800431024035,False,True,False,2.969999999999927,3.1699999999999227,0.40999999999999126,stop_tail,3.2599999999999207,
hard_contact,3,full,0.6749999999999758,0.013307146456133782,False,True,False,5.024999999999883,5.224999999999879,4.349999999999907,stop_tail,5.339999999999876,
hard_contact,3,baseline,0.6799999999999757,0.0134380041524729,False,True,False,2.0899999999999457,2.2899999999999414,1.40999999999997,scan,3.2599999999999207,
hard_contact,3,baseline,2.35499999999994,0.04693800431024046,False,True,False,2.974999999999927,3.1749999999999226,0.6199999999999868,stop_tail,3.2599999999999207,
hard_contact,3,image_only,0.7299999999999747,0.014428741104986494,False,True,False,2.069999999999946,2.269999999999942,1.3399999999999714,scan,3.2599999999999207,
hard_contact,3,no_aperture,0.6749999999999758,0.013307146479753099,False,True,False,4.9599999999998845,5.15999999999988,4.284999999999909,stop_tail,5.244999999999878,
hard_contact,3,full_consistency,0.6749999999999758,0.013307146455988959,False,True,False,3.619999999999913,3.819999999999909,2.9449999999999372,scan,5.16999999999988,
hard_contact,3,full_consistency,3.849999999999908,0.04377295352549585,False,True,False,4.924999999999885,5.124999999999881,1.074999999999977,stop_tail,5.16999999999988,
hard_contact,3,matched_scan_speed,0.6799999999999757,0.013407146474085457,False,True,False,4.70499999999989,4.904999999999886,4.024999999999914,scan,5.339999999999876,
hard_contact,3,matched_rocking,0.6799999999999757,0.0134380041524729,False,True,False,2.124999999999945,2.3249999999999407,1.4449999999999692,scan,3.2599999999999207,
hard_contact,3,matched_rocking,2.539999999999936,0.05063800431024037,False,True,False,2.959999999999927,3.159999999999923,0.41999999999999105,stop_tail,3.2599999999999207,
hard_contact,7,full,0.6749999999999758,0.013248795557549587,False,False,True,,,,,5.284999999999878,4.609999999999902
hard_contact,7,baseline,0.6799999999999757,0.0134380041524729,False,True,False,2.0999999999999455,2.299999999999941,1.4199999999999697,scan,3.2599999999999207,
hard_contact,7,baseline,2.3699999999999397,0.047238004310240445,False,True,False,2.9849999999999266,3.1849999999999223,0.6149999999999869,stop_tail,3.2599999999999207,
hard_contact,7,image_only,0.7549999999999741,0.014938003342593712,False,True,False,2.069999999999946,2.269999999999942,1.314999999999972,scan,3.2599999999999207,
hard_contact,7,no_aperture,0.6849999999999756,0.013448808104406382,False,False,True,,,,,5.199999999999879,4.514999999999904
hard_contact,7,full_consistency,0.6749999999999758,0.013248795557518575,False,True,False,3.614999999999913,3.814999999999909,2.9399999999999373,scan,5.18999999999988,
hard_contact,7,full_consistency,3.8299999999999086,0.04398381580908663,False,False,True,,,,,5.18999999999988,1.359999999999971
hard_contact,7,matched_scan_speed,0.6849999999999756,0.01344880810428187,False,True,False,4.794999999999888,4.994999999999884,4.109999999999912,scan,5.284999999999878,
hard_contact,7,matched_rocking,0.6799999999999757,0.0134380041524729,False,True,False,2.1399999999999446,2.3399999999999403,1.4599999999999689,scan,3.2599999999999207,
hard_contact,7,matched_rocking,2.5549999999999358,0.050938004310240356,False,True,False,2.964999999999927,3.1649999999999228,0.40999999999999126,stop_tail,3.2599999999999207,
hard_contact,8,full,0.6749999999999758,0.01320038745503147,False,False,True,,,,,5.414999999999875,4.739999999999899
hard_contact,8,baseline,0.6799999999999757,0.0134380041524729,False,True,False,2.0949999999999456,2.2949999999999413,1.4149999999999698,scan,3.2599999999999207,
hard_contact,8,baseline,2.36499999999994,0.04713800431024045,False,True,False,2.9799999999999267,3.1799999999999224,0.6149999999999869,stop_tail,3.2599999999999207,
hard_contact,8,image_only,0.759999999999974,0.01502687193157654,False,True,False,2.0549999999999464,2.254999999999942,1.2949999999999724,scan,3.2599999999999207,
hard_contact,8,no_aperture,0.7649999999999739,0.014997065590413952,False,False,True,,,,,5.254999999999878,4.489999999999904
hard_contact,8,full_consistency,0.6749999999999758,0.013200387455026864,False,True,False,3.614999999999913,3.814999999999909,2.9399999999999373,scan,5.219999999999879,
hard_contact,8,full_consistency,3.8349999999999085,0.043844250801905287,False,False,True,,,,,5.219999999999879,1.3849999999999705
hard_contact,8,matched_scan_speed,0.6849999999999756,0.01339735744035083,False,True,False,4.734999999999889,4.934999999999885,4.049999999999914,scan,5.414999999999875,
hard_contact,8,matched_rocking,0.6799999999999757,0.0134380041524729,False,True,False,2.124999999999945,2.3249999999999407,1.4449999999999692,scan,3.2599999999999207,
hard_contact,8,matched_rocking,2.539999999999936,0.05063800431024037,False,True,False,2.964999999999927,3.1649999999999228,0.42499999999999094,stop_tail,3.2599999999999207,
hard_contact,9,full,0.6749999999999758,0.013338004097076108,False,True,False,5.059999999999882,5.259999999999878,4.3849999999999065,stop_tail,5.264999999999878,
hard_contact,9,baseline,0.6799999999999757,0.0134380041524729,False,True,False,2.0899999999999457,2.2899999999999414,1.40999999999997,scan,3.2599999999999207,
hard_contact,9,baseline,2.35999999999994,0.04703800431024045,False,True,False,2.974999999999927,3.1749999999999226,0.6149999999999869,stop_tail,3.2599999999999207,
hard_contact,9,image_only,0.6949999999999754,0.013738004064027993,False,True,False,2.074999999999946,2.2749999999999417,1.3799999999999706,scan,3.2599999999999207,
hard_contact,9,no_aperture,0.669999999999976,0.013238004102834613,False,False,True,,,,,5.234999999999879,4.564999999999903
hard_contact,9,full_consistency,0.6749999999999758,0.013338004097076108,False,True,False,3.5599999999999143,3.75999999999991,2.8849999999999385,scan,5.2399999999998785,
hard_contact,9,full_consistency,3.7849999999999095,0.04317286024165249,False,True,False,5.009999999999883,5.209999999999879,1.2249999999999739,stop_tail,5.2399999999998785,
hard_contact,9,matched_scan_speed,0.6799999999999757,0.013438004117055766,False,True,False,4.69999999999989,4.899999999999886,4.019999999999914,scan,5.264999999999878,
hard_contact,9,matched_rocking,0.6799999999999757,0.0134380041524729,False,True,False,2.119999999999945,2.3199999999999408,1.4399999999999693,scan,3.2599999999999207,
hard_contact,9,matched_rocking,2.5299999999999363,0.05043800431024038,False,True,False,2.959999999999927,3.159999999999923,0.42999999999999083,stop_tail,3.2599999999999207,
left_gap,0,full,1.3999999999999604,0.027595499355155803,False,True,False,1.5299999999999576,1.7299999999999534,0.12999999999999723,scan,3.28999999999992,
left_gap,0,baseline,1.3849999999999607,0.027538004310240893,False,True,False,1.5199999999999578,1.7199999999999536,0.13499999999999712,scan,3.2599999999999207,
left_gap,0,image_only,1.3899999999999606,0.027638003812708877,False,True,False,1.5199999999999578,1.7199999999999536,0.12999999999999723,scan,3.2599999999999207,
left_gap,0,no_aperture,1.3999999999999604,0.027595499355368022,False,True,False,1.5299999999999576,1.7299999999999534,0.12999999999999723,scan,3.28999999999992,
left_gap,0,full_consistency,1.3999999999999604,0.02759549935523696,False,True,False,1.5299999999999576,1.7299999999999534,0.12999999999999723,scan,3.28999999999992,
left_gap,0,matched_scan_speed,1.3949999999999605,0.027495499353591704,False,True,False,1.5349999999999575,1.7349999999999532,0.13999999999999702,scan,3.28999999999992,
left_gap,0,matched_rocking,1.3799999999999608,0.027438004310240897,False,True,False,1.5349999999999575,1.7349999999999532,0.1549999999999967,scan,3.2599999999999207,
left_gap,1,full,1.4249999999999599,0.027914446023738618,False,True,False,1.5299999999999576,1.7299999999999534,0.10499999999999776,scan,3.3199999999999195,
left_gap,1,baseline,1.3999999999999604,0.02783800431024088,False,True,False,1.514999999999958,1.7149999999999537,0.11499999999999755,scan,3.2599999999999207,
left_gap,1,image_only,1.4049999999999603,0.027938004109114872,False,True,False,1.5049999999999581,1.7049999999999539,0.09999999999999787,scan,3.2599999999999207,
left_gap,1,no_aperture,1.4249999999999599,0.027914446021442815,False,True,False,1.5299999999999576,1.7299999999999534,0.10499999999999776,scan,3.3199999999999195,
left_gap,1,full_consistency,1.4249999999999599,0.027914446023850296,False,True,False,1.5299999999999576,1.7299999999999534,0.10499999999999776,scan,3.3199999999999195,
left_gap,1,matched_scan_speed,1.41999999999996,0.027814446753853927,False,True,False,1.5349999999999575,1.7349999999999532,0.11499999999999755,scan,3.3199999999999195,
left_gap,1,matched_rocking,1.3899999999999606,0.02763800431024089,False,True,False,1.5249999999999577,1.7249999999999535,0.13499999999999712,scan,3.2599999999999207,
left_gap,2,full,1.374999999999961,0.027189122237618733,False,True,False,1.554999999999957,1.7549999999999528,0.17999999999999616,scan,3.3099999999999197,
left_gap,2,baseline,1.3649999999999611,0.027138004310240906,False,True,False,1.5499999999999572,1.749999999999953,0.18499999999999606,scan,3.2599999999999207,
left_gap,2,image_only,1.3649999999999611,0.027138004310402954,False,True,False,1.5499999999999572,1.749999999999953,0.18499999999999606,scan,3.2599999999999207,
left_gap,2,no_aperture,1.374999999999961,0.02718912223800343,False,True,False,1.554999999999957,1.7549999999999528,0.17999999999999616,scan,3.3099999999999197,
left_gap,2,full_consistency,1.374999999999961,0.027189122237909397,False,True,False,1.554999999999957,1.7549999999999528,0.17999999999999616,scan,3.3099999999999197,
left_gap,2,matched_scan_speed,1.374999999999961,0.027189122237456675,False,True,False,1.554999999999957,1.7549999999999528,0.17999999999999616,scan,3.3099999999999197,
left_gap,2,matched_rocking,1.3599999999999612,0.027038004310240907,False,True,False,1.554999999999957,1.7549999999999528,0.19499999999999584,scan,3.2599999999999207,
left_gap,3,full,1.3949999999999605,0.02747321618163817,False,True,False,1.5349999999999575,1.7349999999999532,0.13999999999999702,scan,3.30499999999992,
left_gap,3,baseline,1.3799999999999608,0.027438004310240897,False,True,False,1.5249999999999577,1.7249999999999535,0.1449999999999969,scan,3.2599999999999207,
left_gap,3,image_only,1.3799999999999608,0.02743800431040294,False,True,False,1.5249999999999577,1.7249999999999535,0.1449999999999969,scan,3.2599999999999207,
left_gap,3,no_aperture,1.3949999999999605,0.027473216182247205,False,True,False,1.5349999999999575,1.7349999999999532,0.13999999999999702,scan,3.30499999999992,
left_gap,3,full_consistency,1.3949999999999605,0.027473216181484485,False,True,False,1.5349999999999575,1.7349999999999532,0.13999999999999702,scan,3.30499999999992,
left_gap,3,matched_scan_speed,1.3949999999999605,0.027473216181476124,False,True,False,1.5349999999999575,1.7349999999999532,0.13999999999999702,scan,3.30499999999992,
left_gap,3,matched_rocking,1.374999999999961,0.0273380043102409,False,True,False,1.5349999999999575,1.7349999999999532,0.1599999999999966,scan,3.2599999999999207,
left_gap,4,full,1.3599999999999612,0.026785103249558063,False,True,False,1.559999999999957,1.7599999999999527,0.19999999999999574,scan,3.3299999999999192,
left_gap,4,baseline,1.3449999999999616,0.02673800431024091,False,True,False,1.5449999999999573,1.744999999999953,0.19999999999999574,scan,3.2599999999999207,
left_gap,4,image_only,1.3449999999999616,0.02673800431040296,False,True,False,1.5449999999999573,1.744999999999953,0.19999999999999574,scan,3.2599999999999207,
left_gap,4,no_aperture,1.3599999999999612,0.026785103249746093,False,True,False,1.559999999999957,1.7599999999999527,0.19999999999999574,scan,3.3299999999999192,
left_gap,4,full_consistency,1.3599999999999612,0.0267851032496864,False,True,False,1.559999999999957,1.7599999999999527,0.19999999999999574,scan,3.3299999999999192,
left_gap,4,matched_scan_speed,1.3599999999999612,0.02678510324939602,False,True,False,1.559999999999957,1.7599999999999527,0.19999999999999574,scan,3.3299999999999192,
left_gap,4,matched_rocking,1.3399999999999617,0.02663800431024091,False,True,False,1.559999999999957,1.7599999999999527,0.2199999999999953,scan,3.2599999999999207,
left_gap,5,full,1.4299999999999597,0.028213281922355473,False,True,False,1.4949999999999584,1.694999999999954,0.06499999999999861,scan,3.28999999999992,
left_gap,5,baseline,1.41999999999996,0.028238004310240865,False,True,False,1.4849999999999586,1.6849999999999543,0.06499999999999861,scan,3.2599999999999207,
left_gap,5,image_only,1.41999999999996,0.028238002953646816,False,True,False,1.4849999999999586,1.6849999999999543,0.06499999999999861,scan,3.2599999999999207,
left_gap,5,no_aperture,1.4349999999999596,0.028302765474334177,False,True,False,1.4949999999999584,1.694999999999954,0.05999999999999872,scan,3.28999999999992,
left_gap,5,full_consistency,1.4299999999999597,0.028213281922349388,False,True,False,1.4949999999999584,1.694999999999954,0.06499999999999861,scan,3.28999999999992,
left_gap,5,matched_scan_speed,1.4299999999999597,0.028213281922193422,False,True,False,1.4999999999999583,1.699999999999954,0.06999999999999851,scan,3.28999999999992,
left_gap,5,matched_rocking,1.4049999999999603,0.027938004310240877,False,True,False,1.5049999999999581,1.7049999999999539,0.09999999999999787,scan,3.2599999999999207,
left_gap,6,full,1.3799999999999608,0.027321669281967574,False,True,False,1.5299999999999576,1.7299999999999534,0.1499999999999968,scan,3.3149999999999196,
left_gap,6,baseline,1.374999999999961,0.0273380043102409,False,True,False,1.5199999999999578,1.7199999999999536,0.1449999999999969,scan,3.2599999999999207,
left_gap,6,image_only,1.374999999999961,0.027338004310402945,False,True,False,1.5199999999999578,1.7199999999999536,0.1449999999999969,scan,3.2599999999999207,
left_gap,6,no_aperture,1.3799999999999608,0.027321669281852604,False,True,False,1.5299999999999576,1.7299999999999534,0.1499999999999968,scan,3.3149999999999196,
left_gap,6,full_consistency,1.3799999999999608,0.027321669281968376,False,True,False,1.5299999999999576,1.7299999999999534,0.1499999999999968,scan,3.3149999999999196,
left_gap,6,matched_scan_speed,1.3799999999999608,0.027321669281805527,False,True,False,1.5299999999999576,1.7299999999999534,0.1499999999999968,scan,3.3149999999999196,
left_gap,6,matched_rocking,1.369999999999961,0.027238004310240906,False,True,False,1.5349999999999575,1.7349999999999532,0.16499999999999648,scan,3.2599999999999207,
left_gap,7,matched_rocking,1.4249999999999599,0.02833800431024086,False,True,False,1.4799999999999587,1.6799999999999544,0.05499999999999883,scan,3.2599999999999207,
left_gap,8,full,1.3849999999999607,0.027460340330755825,False,True,False,1.5349999999999575,1.7349999999999532,0.1499999999999968,scan,3.28499999999992,
left_gap,8,baseline,1.3799999999999608,0.027438004310240897,False,True,False,1.5299999999999576,1.7299999999999534,0.1499999999999968,scan,3.2599999999999207,
left_gap,8,image_only,1.3849999999999607,0.0274962775157859,False,True,False,1.5299999999999576,1.7299999999999534,0.1449999999999969,scan,3.2649999999999206,
left_gap,8,no_aperture,1.3849999999999607,0.027460340330767354,False,True,False,1.5349999999999575,1.7349999999999532,0.1499999999999968,scan,3.28499999999992,
left_gap,8,full_consistency,1.3849999999999607,0.027460340330755825,False,True,False,1.5349999999999575,1.7349999999999532,0.1499999999999968,scan,3.28499999999992,
left_gap,8,matched_scan_speed,1.3849999999999607,0.027460340330593778,False,True,False,1.5349999999999575,1.7349999999999532,0.1499999999999968,scan,3.28499999999992,
left_gap,8,matched_rocking,1.374999999999961,0.0273380043102409,False,True,False,1.5399999999999574,1.7399999999999531,0.16499999999999648,scan,3.2599999999999207,
left_gap,9,full,1.3449999999999616,0.026574229001516684,False,True,False,1.5749999999999567,1.7749999999999524,0.2299999999999951,scan,3.339999999999919,
left_gap,9,baseline,1.3349999999999618,0.02653800431024091,False,True,False,1.5649999999999569,1.7649999999999526,0.2299999999999951,scan,3.2599999999999207,
left_gap,9,image_only,1.3349999999999618,0.026538004310365383,False,True,False,1.5649999999999569,1.7649999999999526,0.2299999999999951,scan,3.2599999999999207,
left_gap,9,no_aperture,1.3449999999999616,0.026574229001510373,False,True,False,1.5749999999999567,1.7749999999999524,0.2299999999999951,scan,3.339999999999919,
left_gap,9,full_consistency,1.3449999999999616,0.02657422900144796,False,True,False,1.5749999999999567,1.7749999999999524,0.2299999999999951,scan,3.339999999999919,
left_gap,9,matched_scan_speed,1.3449999999999616,0.02657422900147588,False,True,False,1.5749999999999567,1.7749999999999524,0.2299999999999951,scan,3.339999999999919,
left_gap,9,matched_rocking,1.3299999999999619,0.02643800431024091,False,True,False,1.5699999999999568,1.7699999999999525,0.23999999999999488,scan,3.2599999999999207,
nonmonotonic,0,full,1.319999999999962,0.026177086591676783,False,True,False,1.5999999999999561,1.7999999999999519,0.27999999999999403,scan,3.3549999999999187,
nonmonotonic,0,baseline,1.3149999999999622,0.026138004310240912,False,True,False,1.5849999999999564,1.7849999999999522,0.26999999999999424,scan,3.2599999999999207,
nonmonotonic,0,image_only,1.3149999999999622,0.02613800419079658,False,True,False,1.5849999999999564,1.7849999999999522,0.26999999999999424,scan,3.2599999999999207,
nonmonotonic,0,no_aperture,1.319999999999962,0.02617708659166612,False,True,False,1.5999999999999561,1.7999999999999519,0.27999999999999403,scan,3.3549999999999187,
nonmonotonic,0,full_consistency,1.319999999999962,0.026177086591741235,False,True,False,1.604999999999956,1.8049999999999518,0.2849999999999939,scan,3.3549999999999187,
nonmonotonic,0,matched_scan_speed,1.319999999999962,0.026177086591514735,False,True,False,1.604999999999956,1.8049999999999518,0.2849999999999939,scan,3.3549999999999187,
nonmonotonic,0,matched_rocking,1.3099999999999623,0.026038004310240913,False,True,False,1.5949999999999562,1.794999999999952,0.2849999999999939,scan,3.2599999999999207,
nonmonotonic,1,full,1.324999999999962,0.026257193182301998,False,True,False,1.5999999999999561,1.7999999999999519,0.27499999999999414,scan,3.3299999999999192,
nonmonotonic,1,baseline,1.319999999999962,0.02623800431024091,False,True,False,1.5849999999999564,1.7849999999999522,0.26499999999999435,scan,3.2599999999999207,
nonmonotonic,1,image_only,1.319999999999962,0.026238004310402963,False,True,False,1.5799999999999566,1.7799999999999523,0.25999999999999446,scan,3.2599999999999207,
nonmonotonic,1,no_aperture,1.324999999999962,0.02625719318197865,False,True,False,1.5999999999999561,1.7999999999999519,0.27499999999999414,scan,3.3299999999999192,
nonmonotonic,1,full_consistency,1.324999999999962,0.026257193182335145,False,True,False,1.5999999999999561,1.7999999999999519,0.27499999999999414,scan,3.3299999999999192,
nonmonotonic,1,matched_scan_speed,1.324999999999962,0.02625719318213995,False,True,False,1.5999999999999561,1.7999999999999519,0.27499999999999414,scan,3.3299999999999192,
nonmonotonic,1,matched_rocking,1.3149999999999622,0.026138004310240912,False,True,False,1.5899999999999563,1.789999999999952,0.27499999999999414,scan,3.2599999999999207,
nonmonotonic,2,full,1.3299999999999619,0.026397344559315142,False,True,False,1.5849999999999564,1.7849999999999522,0.25499999999999456,scan,3.344999999999919,
nonmonotonic,2,baseline,1.3299999999999619,0.02643800431024091,False,True,False,1.5799999999999566,1.7799999999999523,0.24999999999999467,scan,3.2599999999999207,
nonmonotonic,2,image_only,1.3299999999999619,0.026438004278964738,False,True,False,1.5749999999999567,1.7749999999999524,0.24499999999999478,scan,3.2599999999999207,
nonmonotonic,2,no_aperture,1.3299999999999619,0.0263973445594336,False,True,False,1.5849999999999564,1.7849999999999522,0.25499999999999456,scan,3.344999999999919,
nonmonotonic,2,full_consistency,1.3299999999999619,0.026397344559315142,False,True,False,1.5899999999999563,1.789999999999952,0.25999999999999446,scan,3.344999999999919,
nonmonotonic,2,matched_scan_speed,1.3299999999999619,0.026397344559153095,False,True,False,1.5899999999999563,1.789999999999952,0.25999999999999446,scan,3.344999999999919,
nonmonotonic,2,matched_rocking,1.324999999999962,0.02633800431024091,False,True,False,1.5849999999999564,1.7849999999999522,0.25999999999999446,scan,3.2599999999999207,
nonmonotonic,3,full,1.3649999999999611,0.026963056224494217,False,True,False,1.5649999999999569,1.7649999999999526,0.19999999999999574,scan,3.3299999999999192,
nonmonotonic,3,baseline,1.3549999999999613,0.026938004310240907,False,True,False,1.554999999999957,1.7549999999999528,0.19999999999999574,scan,3.2599999999999207,
nonmonotonic,3,image_only,1.3549999999999613,0.02693800431040296,False,True,False,1.554999999999957,1.7549999999999528,0.19999999999999574,scan,3.2599999999999207,
nonmonotonic,3,no_aperture,1.3649999999999611,0.026963056225046748,False,True,False,1.5649999999999569,1.7649999999999526,0.19999999999999574,scan,3.3299999999999192,
nonmonotonic,3,full_consistency,1.3649999999999611,0.026963056224452248,False,True,False,1.5649999999999569,1.7649999999999526,0.19999999999999574,scan,3.3299999999999192,
nonmonotonic,3,matched_scan_speed,1.3649999999999611,0.02696305622433217,False,True,False,1.5649999999999569,1.7649999999999526,0.19999999999999574,scan,3.3299999999999192,
nonmonotonic,3,matched_rocking,1.3499999999999615,0.026838004310240908,False,True,False,1.5649999999999569,1.7649999999999526,0.21499999999999542,scan,3.2599999999999207,
nonmonotonic,4,full,1.4049999999999603,0.027756614562314652,False,True,False,1.5399999999999574,1.7399999999999531,0.13499999999999712,scan,3.29999999999992,
nonmonotonic,4,baseline,1.3799999999999608,0.027438004310240897,False,True,False,1.5249999999999577,1.7249999999999535,0.1449999999999969,scan,3.2599999999999207,
nonmonotonic,4,image_only,1.3799999999999608,0.027438004184801065,False,True,False,1.5249999999999577,1.7249999999999535,0.1449999999999969,scan,3.2599999999999207,
nonmonotonic,4,no_aperture,1.4049999999999603,0.027756614562254207,False,True,False,1.5399999999999574,1.7399999999999531,0.13499999999999712,scan,3.29999999999992,
nonmonotonic,4,full_consistency,1.4049999999999603,0.027756614562312244,False,True,False,1.5399999999999574,1.7399999999999531,0.13499999999999712,scan,3.29999999999992,
nonmonotonic,4,matched_scan_speed,1.4049999999999603,0.027756614562152605,False,True,False,1.5399999999999574,1.7399999999999531,0.13499999999999712,scan,3.29999999999992,
nonmonotonic,4,matched_rocking,1.374999999999961,0.0273380043102409,False,True,False,1.5349999999999575,1.7349999999999532,0.1599999999999966,scan,3.2599999999999207,
nonmonotonic,5,full,1.3649999999999611,0.026879378728301442,False,True,False,1.5649999999999569,1.7649999999999526,0.19999999999999574,scan,3.3199999999999195,
nonmonotonic,5,baseline,1.3449999999999616,0.02673800431024091,False,True,False,1.5499999999999572,1.749999999999953,0.20499999999999563,scan,3.2599999999999207,
nonmonotonic,5,image_only,1.3449999999999616,0.02673800431040296,False,True,False,1.5499999999999572,1.749999999999953,0.20499999999999563,scan,3.2599999999999207,
nonmonotonic,5,no_aperture,1.3649999999999611,0.026879378727634688,False,True,False,1.5649999999999569,1.7649999999999526,0.19999999999999574,scan,3.3199999999999195,
nonmonotonic,5,full_consistency,1.3649999999999611,0.026879378728235245,False,True,False,1.5649999999999569,1.7649999999999526,0.19999999999999574,scan,3.3199999999999195,
nonmonotonic,5,matched_scan_speed,1.3649999999999611,0.02687937872813939,False,True,False,1.5649999999999569,1.7649999999999526,0.19999999999999574,scan,3.3199999999999195,
nonmonotonic,5,matched_rocking,1.3399999999999617,0.02663800431024091,False,True,False,1.559999999999957,1.7599999999999527,0.2199999999999953,scan,3.2599999999999207,
nonmonotonic,6,full,1.4799999999999587,0.02907746414311932,False,True,False,1.9149999999999494,2.114999999999945,0.4349999999999907,scan,3.5099999999999154,
nonmonotonic,6,baseline,1.459999999999959,0.029038004310240853,False,True,False,1.7849999999999522,1.984999999999948,0.32499999999999307,scan,3.2599999999999207,
nonmonotonic,6,image_only,1.459999999999959,0.029038004310402904,False,False,True,,,,,3.2599999999999207,1.7999999999999616
nonmonotonic,6,no_aperture,1.4799999999999587,0.02907746414312914,False,True,False,1.9149999999999494,2.114999999999945,0.4349999999999907,scan,3.519999999999915,
nonmonotonic,6,full_consistency,1.4799999999999587,0.02907746414265739,False,True,False,1.9199999999999493,2.119999999999945,0.4399999999999906,scan,3.5099999999999154,
nonmonotonic,6,matched_scan_speed,1.4799999999999587,0.029077464142957272,False,True,False,1.8599999999999506,2.0599999999999463,0.3799999999999919,scan,3.5099999999999154,
nonmonotonic,6,matched_rocking,1.4499999999999593,0.028838004310240854,False,True,False,1.7999999999999519,1.9999999999999476,0.34999999999999254,scan,3.2599999999999207,
nonmonotonic,7,full,1.4299999999999597,0.02831194586884889,False,True,False,1.4849999999999586,1.6849999999999543,0.05499999999999883,scan,3.2749999999999204,
nonmonotonic,7,baseline,1.4249999999999599,0.02833800431024086,False,True,False,1.4799999999999587,1.6799999999999544,0.05499999999999883,scan,3.2599999999999207,
nonmonotonic,7,image_only,1.4299999999999597,0.028400427647916737,False,True,False,1.4849999999999586,1.6849999999999543,0.05499999999999883,scan,3.2599999999999207,
nonmonotonic,7,no_aperture,1.4299999999999597,0.02832005635845833,False,True,False,1.4849999999999586,1.6849999999999543,0.05499999999999883,scan,3.2749999999999204,
nonmonotonic,7,full_consistency,1.4299999999999597,0.02831194586884889,False,True,False,1.4849999999999586,1.6849999999999543,0.05499999999999883,scan,3.2749999999999204,
nonmonotonic,7,matched_scan_speed,1.4299999999999597,0.028311945868838534,False,True,False,1.4849999999999586,1.6849999999999543,0.05499999999999883,scan,3.2749999999999204,
nonmonotonic,7,matched_rocking,1.4099999999999602,0.028038004310240873,False,True,False,1.609999999999956,1.8099999999999516,0.19999999999999574,scan,3.2599999999999207,
nonmonotonic,8,full,1.3899999999999606,0.027496543569489877,False,True,False,1.5399999999999574,1.7399999999999531,0.1499999999999968,scan,3.29999999999992,
nonmonotonic,8,baseline,1.3799999999999608,0.027438004310240897,False,True,False,1.5299999999999576,1.7299999999999534,0.1499999999999968,scan,3.2599999999999207,
nonmonotonic,8,image_only,1.3799999999999608,0.02743800431040294,False,True,False,1.5299999999999576,1.7299999999999534,0.1499999999999968,scan,3.2599999999999207,
nonmonotonic,8,no_aperture,1.3899999999999606,0.027496543567452507,False,True,False,1.5399999999999574,1.7399999999999531,0.1499999999999968,scan,3.29999999999992,
nonmonotonic,8,full_consistency,1.3899999999999606,0.027496543569489877,False,True,False,1.5399999999999574,1.7399999999999531,0.1499999999999968,scan,3.29999999999992,
nonmonotonic,8,matched_scan_speed,1.3899999999999606,0.02749654356932783,False,True,False,1.5399999999999574,1.7399999999999531,0.1499999999999968,scan,3.29999999999992,
nonmonotonic,8,matched_rocking,1.374999999999961,0.0273380043102409,False,True,False,1.5399999999999574,1.7399999999999531,0.16499999999999648,scan,3.2599999999999207,
nonmonotonic,9,full,1.324999999999962,0.026105381192515504,False,True,False,1.6149999999999558,1.8149999999999515,0.2899999999999938,scan,3.349999999999919,
nonmonotonic,9,baseline,1.3099999999999623,0.026038004310240913,False,True,False,1.5949999999999562,1.794999999999952,0.2849999999999939,scan,3.2599999999999207,
nonmonotonic,9,image_only,1.3099999999999623,0.026026871805831853,False,True,False,1.5949999999999562,1.794999999999952,0.2849999999999939,scan,3.2599999999999207,
nonmonotonic,9,no_aperture,1.324999999999962,0.02610538119351694,False,True,False,1.6149999999999558,1.8149999999999515,0.2899999999999938,scan,3.349999999999919,
nonmonotonic,9,full_consistency,1.324999999999962,0.02610538119246807,False,True,False,1.6149999999999558,1.8149999999999515,0.2899999999999938,scan,3.349999999999919,
nonmonotonic,9,matched_scan_speed,1.324999999999962,0.02610538119250389,False,True,False,1.6149999999999558,1.8149999999999515,0.2899999999999938,scan,3.349999999999919,
nonmonotonic,9,matched_rocking,1.3099999999999623,0.026038004310240913,False,True,False,1.5999999999999561,1.7999999999999519,0.2899999999999938,scan,3.2599999999999207,
right_gap,0,full,1.3849999999999607,0.027282594132323097,False,True,False,1.5499999999999572,1.749999999999953,0.16499999999999648,scan,3.30499999999992,
right_gap,0,baseline,1.369999999999961,0.027238004310240906,False,True,False,1.5349999999999575,1.7349999999999532,0.16499999999999648,scan,3.2599999999999207,
right_gap,0,image_only,1.369999999999961,0.027238004045385164,False,True,False,1.5349999999999575,1.7349999999999532,0.16499999999999648,scan,3.2599999999999207,
right_gap,0,no_aperture,1.3849999999999607,0.027282594132448854,False,True,False,1.5499999999999572,1.749999999999953,0.16499999999999648,scan,3.30499999999992,
right_gap,0,full_consistency,1.3849999999999607,0.027282594132323097,False,True,False,1.5499999999999572,1.749999999999953,0.16499999999999648,scan,3.30499999999992,
right_gap,0,matched_scan_speed,1.3849999999999607,0.027282594132369175,False,True,False,1.5499999999999572,1.749999999999953,0.16499999999999648,scan,3.30499999999992,
right_gap,0,matched_rocking,1.3649999999999611,0.027138004310240906,False,True,False,1.5449999999999573,1.744999999999953,0.17999999999999616,scan,3.2599999999999207,
right_gap,1,full,1.3549999999999613,0.02693800431040296,False,True,False,1.5449999999999573,1.744999999999953,0.18999999999999595,scan,3.29499999999992,
right_gap,1,baseline,1.3549999999999613,0.026938004310240907,False,True,False,1.5449999999999573,1.744999999999953,0.18999999999999595,scan,3.2599999999999207,
right_gap,1,image_only,1.3549999999999613,0.02693800431040296,False,True,False,1.5449999999999573,1.744999999999953,0.18999999999999595,scan,3.2599999999999207,
right_gap,1,no_aperture,1.3549999999999613,0.02693800431040296,False,True,False,1.5449999999999573,1.744999999999953,0.18999999999999595,scan,3.29499999999992,
right_gap,1,full_consistency,1.3549999999999613,0.02693800431040296,False,True,False,1.5449999999999573,1.744999999999953,0.18999999999999595,scan,3.29499999999992,
right_gap,1,matched_scan_speed,1.3549999999999613,0.026938004310240907,False,True,False,1.5449999999999573,1.744999999999953,0.18999999999999595,scan,3.29499999999992,
right_gap,1,matched_rocking,1.3449999999999616,0.02673800431024091,False,True,False,1.554999999999957,1.7549999999999528,0.20999999999999552,scan,3.2599999999999207,
right_gap,2,full,1.3299999999999619,0.026328931636970736,False,True,False,1.5899999999999563,1.789999999999952,0.25999999999999446,scan,3.349999999999919,
right_gap,2,baseline,1.324999999999962,0.02633800431024091,False,True,False,1.5749999999999567,1.7749999999999524,0.24999999999999467,scan,3.2599999999999207,
right_gap,2,image_only,1.324999999999962,0.026327510549815344,False,True,False,1.5749999999999567,1.7749999999999524,0.24999999999999467,scan,3.2599999999999207,
right_gap,2,no_aperture,1.3299999999999619,0.026328931636978747,False,True,False,1.5899999999999563,1.789999999999952,0.25999999999999446,scan,3.349999999999919,
right_gap,2,full_consistency,1.3299999999999619,0.026328931636974248,False,True,False,1.5899999999999563,1.789999999999952,0.25999999999999446,scan,3.349999999999919,
right_gap,2,matched_scan_speed,1.3299999999999619,0.026338770142176785,False,True,False,1.5849999999999564,1.7849999999999522,0.25499999999999456,scan,3.349999999999919,
right_gap,2,matched_rocking,1.324999999999962,0.02633800431024091,False,True,False,1.5799999999999566,1.7799999999999523,0.25499999999999456,scan,3.2599999999999207,
right_gap,3,full,1.369999999999961,0.02654552772185987,False,True,False,1.5999999999999561,1.7999999999999519,0.2299999999999951,scan,3.3699999999999184,
right_gap,3,baseline,1.3399999999999617,0.02663800431024091,False,True,False,1.559999999999957,1.7599999999999527,0.2199999999999953,scan,3.2599999999999207,
right_gap,3,image_only,1.3399999999999617,0.026568440564704924,False,True,False,1.5649999999999569,1.7649999999999526,0.2249999999999952,scan,3.2649999999999206,
right_gap,3,no_aperture,1.369999999999961,0.02654552772505213,False,True,False,1.5999999999999561,1.7999999999999519,0.2299999999999951,scan,3.3699999999999184,
right_gap,3,full_consistency,1.369999999999961,0.026545527721886546,False,True,False,1.5999999999999561,1.7999999999999519,0.2299999999999951,scan,3.3699999999999184,
right_gap,3,matched_scan_speed,1.369999999999961,0.026545527721697822,False,True,False,1.5949999999999562,1.794999999999952,0.2249999999999952,scan,3.3699999999999184,
right_gap,3,matched_rocking,1.3349999999999618,0.02653800431024091,False,True,False,1.5699999999999568,1.7699999999999525,0.234999999999995,scan,3.2599999999999207,
right_gap,4,full,1.4399999999999595,0.02852709277908547,False,True,False,1.4749999999999588,1.6749999999999545,0.034999999999999254,scan,3.2749999999999204,
right_gap,4,baseline,1.4349999999999596,0.028538004310240856,False,True,False,1.469999999999959,1.6699999999999546,0.034999999999999254,scan,3.2599999999999207,
right_gap,4,image_only,1.4349999999999596,0.02853800428027437,False,True,False,1.469999999999959,1.6699999999999546,0.034999999999999254,scan,3.2599999999999207,
right_gap,4,no_aperture,1.4399999999999595,0.02852709277911982,False,True,False,1.4749999999999588,1.6749999999999545,0.034999999999999254,scan,3.2749999999999204,
right_gap,4,full_consistency,1.4399999999999595,0.02852709277909283,False,True,False,1.4749999999999588,1.6749999999999545,0.034999999999999254,scan,3.2749999999999204,
right_gap,4,matched_scan_speed,1.4399999999999595,0.028527092778923423,False,True,False,1.4749999999999588,1.6749999999999545,0.034999999999999254,scan,3.2749999999999204,
right_gap,4,matched_rocking,1.41499999999996,0.02813800431024087,False,True,False,1.4949999999999584,1.694999999999954,0.0799999999999983,scan,3.2599999999999207,
right_gap,5,full,1.3449999999999616,0.026685949314310783,False,True,False,1.559999999999957,1.7599999999999527,0.21499999999999542,scan,3.29499999999992,
right_gap,5,baseline,1.3449999999999616,0.02673800431024091,False,True,False,1.559999999999957,1.7599999999999527,0.21499999999999542,scan,3.2599999999999207,
right_gap,5,image_only,1.3449999999999616,0.02673800355156602,False,True,False,1.559999999999957,1.7599999999999527,0.21499999999999542,scan,3.2599999999999207,
right_gap,5,no_aperture,1.3449999999999616,0.026685949314310353,False,True,False,1.5649999999999569,1.7649999999999526,0.2199999999999953,scan,3.29499999999992,
right_gap,5,full_consistency,1.3449999999999616,0.026685949314310783,False,True,False,1.559999999999957,1.7599999999999527,0.21499999999999542,scan,3.29499999999992,
right_gap,5,matched_scan_speed,1.3449999999999616,0.02668594931414874,False,True,False,1.559999999999957,1.7599999999999527,0.21499999999999542,scan,3.29499999999992,
right_gap,5,matched_rocking,1.3399999999999617,0.02663800431024091,False,True,False,1.5699999999999568,1.7699999999999525,0.2299999999999951,scan,3.2599999999999207,
right_gap,6,matched_rocking,1.4399999999999595,0.028638004310240855,False,True,False,1.4799999999999587,1.6799999999999544,0.03999999999999915,scan,3.2599999999999207,
right_gap,8,full,1.3599999999999612,0.027037875604892108,False,True,False,1.5399999999999574,1.7399999999999531,0.17999999999999616,scan,3.3149999999999196,
right_gap,8,baseline,1.3599999999999612,0.027038004310240907,False,True,False,1.5399999999999574,1.7399999999999531,0.17999999999999616,scan,3.2599999999999207,
right_gap,8,image_only,1.3599999999999612,0.027038004310402958,False,True,False,1.5399999999999574,1.7399999999999531,0.17999999999999616,scan,3.2599999999999207,
right_gap,8,no_aperture,1.3599999999999612,0.027037875605016793,False,True,False,1.5399999999999574,1.7399999999999531,0.17999999999999616,scan,3.3149999999999196,
right_gap,8,full_consistency,1.3599999999999612,0.02703787560493051,False,True,False,1.5399999999999574,1.7399999999999531,0.17999999999999616,scan,3.3149999999999196,
right_gap,8,matched_scan_speed,1.3599999999999612,0.02703787560473006,False,True,False,1.5399999999999574,1.7399999999999531,0.17999999999999616,scan,3.3149999999999196,
right_gap,8,matched_rocking,1.3549999999999613,0.026938004310240907,False,True,False,1.5499999999999572,1.749999999999953,0.19499999999999584,scan,3.2599999999999207,
right_gap,9,full,1.3999999999999604,0.027070898434874355,False,True,False,1.5849999999999564,1.7849999999999522,0.18499999999999606,scan,3.349999999999919,
right_gap,9,baseline,1.3649999999999611,0.027138004310240906,False,True,False,1.5449999999999573,1.744999999999953,0.17999999999999616,scan,3.2599999999999207,
right_gap,9,image_only,1.3549999999999613,0.02689627567250448,False,True,False,1.554999999999957,1.7549999999999528,0.19999999999999574,scan,3.2649999999999206,
right_gap,9,no_aperture,1.3949999999999605,0.026969499277490122,False,True,False,1.5899999999999563,1.789999999999952,0.19499999999999584,scan,3.349999999999919,
right_gap,9,full_consistency,1.3999999999999604,0.027070898434847654,False,True,False,1.5849999999999564,1.7849999999999522,0.18499999999999606,scan,3.349999999999919,
right_gap,9,matched_scan_speed,1.4049999999999603,0.027172531706983322,False,True,False,1.5799999999999566,1.7799999999999523,0.17499999999999627,scan,3.349999999999919,
right_gap,9,matched_rocking,1.3599999999999612,0.027038004310240907,False,True,False,1.5499999999999572,1.749999999999953,0.18999999999999595,scan,3.2599999999999207,
shadow,0,full,0.0,0.0,True,False,True,,,,,7.449999999999999,7.449999999999999
shadow,0,baseline,0.0,0.0,True,False,True,,,,,3.2599999999999207,3.2599999999999207
shadow,0,image_only,0.0,0.0,True,False,True,,,,,3.2599999999999207,3.2599999999999207
shadow,0,no_aperture,0.0,0.0,True,False,True,,,,,7.449999999999999,7.449999999999999
shadow,0,full_consistency,0.0,0.0,True,False,True,,,,,7.3999999999999915,7.3999999999999915
shadow,0,matched_scan_speed,0.0,0.0,True,False,True,,,,,7.449999999999999,7.449999999999999
shadow,0,matched_rocking,0.0,0.0,True,False,True,,,,,3.2599999999999207,3.2599999999999207
shadow,1,full,0.0,0.0,True,False,True,,,,,7.449999999999999,7.449999999999999
shadow,1,baseline,0.0,0.0,True,False,True,,,,,3.2599999999999207,3.2599999999999207
shadow,1,image_only,0.0,0.0,True,False,True,,,,,3.2649999999999206,3.2649999999999206
shadow,1,no_aperture,0.0,0.0,True,False,True,,,,,7.449999999999999,7.449999999999999
shadow,1,full_consistency,0.0,0.0,True,False,True,,,,,7.449999999999999,7.449999999999999
shadow,1,matched_scan_speed,0.0,0.0,True,False,True,,,,,7.449999999999999,7.449999999999999
shadow,1,matched_rocking,0.0,0.0,True,False,True,,,,,3.2599999999999207,3.2599999999999207
shadow,2,full,0.0,0.0,True,False,True,,,,,4.70499999999989,4.70499999999989
shadow,2,baseline,0.0,0.0,True,False,True,,,,,3.2599999999999207,3.2599999999999207
shadow,2,image_only,0.0,0.0,True,False,True,,,,,3.2649999999999206,3.2649999999999206
shadow,2,no_aperture,0.0,0.0,True,False,True,,,,,7.449999999999999,7.449999999999999
shadow,2,full_consistency,0.0,0.0,True,False,True,,,,,7.449999999999999,7.449999999999999
shadow,2,matched_scan_speed,0.0,0.0,True,False,True,,,,,24.24999999999916,24.24999999999916
shadow,2,matched_rocking,0.0,0.0,True,False,True,,,,,3.2599999999999207,3.2599999999999207
shadow,3,full,0.0,0.0,True,False,True,,,,,1.1149999999999665,1.1149999999999665
shadow,3,baseline,0.0,0.0,True,False,True,,,,,3.2599999999999207,3.2599999999999207
shadow,3,image_only,0.0,0.0,True,False,True,,,,,3.2649999999999206,3.2649999999999206
shadow,3,no_aperture,0.0,0.0,True,False,True,,,,,7.449999999999999,7.449999999999999
shadow,3,full_consistency,0.0,0.0,True,False,True,,,,,6.844999999999905,6.844999999999905
shadow,3,matched_scan_speed,0.0,0.0,True,False,True,,,,,24.24999999999916,24.24999999999916
shadow,3,matched_rocking,0.0,0.0,True,False,True,,,,,3.2599999999999207,3.2599999999999207
shadow,4,full,0.0,0.0,True,False,True,,,,,7.449999999999999,7.449999999999999
shadow,4,baseline,0.0,0.0,True,False,True,,,,,3.2599999999999207,3.2599999999999207
shadow,4,image_only,0.0,0.0,True,False,True,,,,,3.2649999999999206,3.2649999999999206
shadow,4,no_aperture,0.0,0.0,True,False,True,,,,,7.449999999999999,7.449999999999999
shadow,4,full_consistency,0.0,0.0,True,False,True,,,,,7.449999999999999,7.449999999999999
shadow,4,matched_scan_speed,0.0,0.0,True,False,True,,,,,7.449999999999999,7.449999999999999
shadow,4,matched_rocking,0.0,0.0,True,False,True,,,,,3.2599999999999207,3.2599999999999207
shadow,5,full,0.0,0.0,True,False,True,,,,,7.449999999999999,7.449999999999999
shadow,5,baseline,0.0,0.0,True,False,True,,,,,3.2599999999999207,3.2599999999999207
shadow,5,image_only,0.0,0.0,True,False,True,,,,,3.2649999999999206,3.2649999999999206
shadow,5,no_aperture,0.0,0.0,True,False,True,,,,,7.449999999999999,7.449999999999999
shadow,5,full_consistency,0.0,0.0,True,False,True,,,,,7.449999999999999,7.449999999999999
shadow,5,matched_scan_speed,0.0,0.0,True,False,True,,,,,7.449999999999999,7.449999999999999
shadow,5,matched_rocking,0.0,0.0,True,False,True,,,,,3.2599999999999207,3.2599999999999207
shadow,6,full,0.0,0.0,True,False,True,,,,,3.28999999999992,3.28999999999992
shadow,6,baseline,0.0,0.0,True,False,True,,,,,3.2599999999999207,3.2599999999999207
shadow,6,image_only,0.0,0.0,True,False,True,,,,,3.2649999999999206,3.2649999999999206
shadow,6,no_aperture,0.0,0.0,True,False,True,,,,,7.449999999999999,7.449999999999999
shadow,6,full_consistency,0.0,0.0,True,False,True,,,,,7.449999999999999,7.449999999999999
shadow,6,matched_scan_speed,0.0,0.0,True,False,True,,,,,24.24999999999916,24.24999999999916
shadow,6,matched_rocking,0.0,0.0,True,False,True,,,,,3.2599999999999207,3.2599999999999207
shadow,7,full,0.0,0.0,True,False,True,,,,,7.449999999999999,7.449999999999999
shadow,7,baseline,0.0,0.0,True,False,True,,,,,3.2599999999999207,3.2599999999999207
shadow,7,image_only,0.0,0.0,True,False,True,,,,,3.2649999999999206,3.2649999999999206
shadow,7,no_aperture,0.0,0.0,True,False,True,,,,,7.449999999999999,7.449999999999999
shadow,7,full_consistency,0.0,0.0,True,False,True,,,,,5.779999999999867,5.779999999999867
shadow,7,matched_scan_speed,0.0,0.0,True,False,True,,,,,7.449999999999999,7.449999999999999
shadow,7,matched_rocking,0.0,0.0,True,False,True,,,,,3.2599999999999207,3.2599999999999207
shadow,8,full,0.0,0.0,True,False,True,,,,,7.294999999999975,7.294999999999975
shadow,8,baseline,0.0,0.0,True,False,True,,,,,3.2599999999999207,3.2599999999999207
shadow,8,image_only,0.0,0.0,True,False,True,,,,,3.2649999999999206,3.2649999999999206
shadow,8,no_aperture,0.0,0.0,True,False,True,,,,,7.449999999999999,7.449999999999999
shadow,8,full_consistency,0.0,0.0,True,False,True,,,,,7.449999999999999,7.449999999999999
shadow,8,matched_scan_speed,0.0,0.0,True,False,True,,,,,24.24999999999916,24.24999999999916
shadow,8,matched_rocking,0.0,0.0,True,False,True,,,,,3.2599999999999207,3.2599999999999207
shadow,9,full,0.0,0.0,True,False,True,,,,,4.089999999999903,4.089999999999903
shadow,9,baseline,0.0,0.0,True,False,True,,,,,3.2599999999999207,3.2599999999999207
shadow,9,image_only,0.0,0.0,True,False,True,,,,,3.2649999999999206,3.2649999999999206
shadow,9,no_aperture,0.0,0.0,True,False,True,,,,,7.449999999999999,7.449999999999999
shadow,9,full_consistency,0.0,0.0,True,False,True,,,,,4.094999999999903,4.094999999999903
shadow,9,matched_scan_speed,0.0,0.0,True,False,True,,,,,24.24999999999916,24.24999999999916
shadow,9,matched_rocking,0.0,0.0,True,False,True,,,,,3.2599999999999207,3.2599999999999207
wrong_direction,1,full,1.3849999999999607,0.02728436771761087,False,True,False,1.5399999999999574,1.7399999999999531,0.1549999999999967,scan,3.3099999999999197,
wrong_direction,1,baseline,1.374999999999961,0.0273380043102409,False,True,False,1.5299999999999576,1.7299999999999534,0.1549999999999967,scan,3.2599999999999207,
wrong_direction,1,image_only,1.374999999999961,0.027338004310402945,False,True,False,1.5299999999999576,1.7299999999999534,0.1549999999999967,scan,3.2599999999999207,
wrong_direction,1,no_aperture,1.3849999999999607,0.027284367717497437,False,True,False,1.5399999999999574,1.7399999999999531,0.1549999999999967,scan,3.3099999999999197,
wrong_direction,1,full_consistency,1.3849999999999607,0.027284367717655227,False,True,False,1.5399999999999574,1.7399999999999531,0.1549999999999967,scan,3.3099999999999197,
wrong_direction,1,matched_scan_speed,1.3849999999999607,0.027284367717448823,False,True,False,1.5399999999999574,1.7399999999999531,0.1549999999999967,scan,3.3099999999999197,
wrong_direction,1,matched_rocking,1.3649999999999611,0.027138004310240906,False,True,False,1.5399999999999574,1.7399999999999531,0.17499999999999627,scan,3.2599999999999207,
wrong_direction,2,full,1.3299999999999619,0.026413314892150003,False,True,False,1.5799999999999566,1.7799999999999523,0.24999999999999467,scan,3.3099999999999197,
wrong_direction,2,baseline,1.3299999999999619,0.02643800431024091,False,True,False,1.5749999999999567,1.7749999999999524,0.24499999999999478,scan,3.2599999999999207,
wrong_direction,2,image_only,1.3299999999999619,0.02641783452419214,False,True,False,1.5749999999999567,1.7749999999999524,0.24499999999999478,scan,3.2599999999999207,
wrong_direction,2,no_aperture,1.3299999999999619,0.026413314892294756,False,True,False,1.5799999999999566,1.7799999999999523,0.24999999999999467,scan,3.3099999999999197,
wrong_direction,2,full_consistency,1.3299999999999619,0.026413314892150003,False,True,False,1.5799999999999566,1.7799999999999523,0.24999999999999467,scan,3.3099999999999197,
wrong_direction,2,matched_scan_speed,1.3299999999999619,0.026413314891987952,False,True,False,1.5799999999999566,1.7799999999999523,0.24999999999999467,scan,3.3099999999999197,
wrong_direction,2,matched_rocking,1.324999999999962,0.02633800431024091,False,True,False,1.5799999999999566,1.7799999999999523,0.25499999999999456,scan,3.2599999999999207,
wrong_direction,3,full,1.3899999999999606,0.02739014413327747,False,True,False,1.5349999999999575,1.7349999999999532,0.1449999999999969,scan,3.29999999999992,
wrong_direction,3,baseline,1.3799999999999608,0.027438004310240897,False,True,False,1.5249999999999577,1.7249999999999535,0.1449999999999969,scan,3.2599999999999207,
wrong_direction,3,image_only,1.3799999999999608,0.027396277635570513,False,True,False,1.5249999999999577,1.7249999999999535,0.1449999999999969,scan,3.2649999999999206,
wrong_direction,3,no_aperture,1.3949999999999605,0.02749042619149645,False,True,False,1.5349999999999575,1.7349999999999532,0.13999999999999702,scan,3.29999999999992,
wrong_direction,3,full_consistency,1.3899999999999606,0.027390144133277478,False,True,False,1.5349999999999575,1.7349999999999532,0.1449999999999969,scan,3.29999999999992,
wrong_direction,3,matched_scan_speed,1.3899999999999606,0.027390144133115423,False,True,False,1.5349999999999575,1.7349999999999532,0.1449999999999969,scan,3.29999999999992,
wrong_direction,3,matched_rocking,1.369999999999961,0.027238004310240906,False,True,False,1.5349999999999575,1.7349999999999532,0.16499999999999648,scan,3.2599999999999207,
wrong_direction,4,full,1.3549999999999613,0.026898107164096477,False,True,False,1.5499999999999572,1.749999999999953,0.19499999999999584,scan,3.29999999999992,
wrong_direction,4,baseline,1.3549999999999613,0.026938004310240907,False,True,False,1.5449999999999573,1.744999999999953,0.18999999999999595,scan,3.2599999999999207,
wrong_direction,4,image_only,1.3549999999999613,0.026926872648214632,False,True,False,1.5449999999999573,1.744999999999953,0.18999999999999595,scan,3.2599999999999207,
wrong_direction,4,no_aperture,1.3549999999999613,0.026898107163995783,False,True,False,1.5499999999999572,1.749999999999953,0.19499999999999584,scan,3.29999999999992,
wrong_direction,4,full_consistency,1.3549999999999613,0.02689810716408916,False,True,False,1.5499999999999572,1.749999999999953,0.19499999999999584,scan,3.29999999999992,
wrong_direction,4,matched_scan_speed,1.3549999999999613,0.026898107163934426,False,True,False,1.5499999999999572,1.749999999999953,0.19499999999999584,scan,3.29999999999992,
wrong_direction,4,matched_rocking,1.3499999999999615,0.026838004310240908,False,True,False,1.554999999999957,1.7549999999999528,0.20499999999999563,scan,3.2599999999999207,
wrong_direction,5,full,1.3449999999999616,0.026650780301440555,False,True,False,1.5699999999999568,1.7699999999999525,0.2249999999999952,scan,3.29499999999992,
wrong_direction,5,baseline,1.3399999999999617,0.02663800431024091,False,True,False,1.5649999999999569,1.7649999999999526,0.2249999999999952,scan,3.2599999999999207,
wrong_direction,5,image_only,1.3399999999999617,0.026638004295225136,False,True,False,1.5649999999999569,1.7649999999999526,0.2249999999999952,scan,3.2599999999999207,
wrong_direction,5,no_aperture,1.3449999999999616,0.02665078030142287,False,True,False,1.5699999999999568,1.7699999999999525,0.2249999999999952,scan,3.29499999999992,
wrong_direction,5,full_consistency,1.3449999999999616,0.026650780301438932,False,True,False,1.5699999999999568,1.7699999999999525,0.2249999999999952,scan,3.29499999999992,
wrong_direction,5,matched_scan_speed,1.3449999999999616,0.02665078030130482,False,True,False,1.5699999999999568,1.7699999999999525,0.2249999999999952,scan,3.29499999999992,
wrong_direction,5,matched_rocking,1.3349999999999618,0.02653800431024091,False,True,False,1.5749999999999567,1.7749999999999524,0.23999999999999488,scan,3.2599999999999207,
wrong_direction,6,full,1.4399999999999595,0.028438567904230636,False,True,False,1.4899999999999585,1.6899999999999542,0.049999999999998934,scan,3.2799999999999203,
wrong_direction,6,baseline,1.41999999999996,0.028238004310240865,False,True,False,1.4849999999999586,1.6849999999999543,0.06499999999999861,scan,3.2599999999999207,
wrong_direction,6,image_only,1.4299999999999597,0.028438004025173907,False,True,False,1.4799999999999587,1.6799999999999544,0.049999999999998934,scan,3.2599999999999207,
wrong_direction,6,no_aperture,1.4399999999999595,0.028438567904229748,False,True,False,1.4849999999999586,1.6849999999999543,0.04499999999999904,scan,3.2799999999999203,
wrong_direction,6,full_consistency,1.4399999999999595,0.028438567904230636,False,True,False,1.4899999999999585,1.6899999999999542,0.049999999999998934,scan,3.2799999999999203,
wrong_direction,6,matched_scan_speed,1.4299999999999597,0.028238567903819935,False,True,False,1.4949999999999584,1.694999999999954,0.06499999999999861,scan,3.2799999999999203,
wrong_direction,6,matched_rocking,1.3999999999999604,0.02783800431024088,False,True,False,1.5049999999999581,1.7049999999999539,0.10499999999999776,scan,3.2599999999999207,
wrong_direction,7,full,1.3399999999999617,0.025985249003075903,False,True,False,1.6399999999999553,1.839999999999951,0.2999999999999936,scan,3.379999999999918,
wrong_direction,7,baseline,1.3049999999999624,0.025938004310240913,False,True,False,1.5949999999999562,1.794999999999952,0.2899999999999938,scan,3.2599999999999207,
wrong_direction,7,image_only,1.3049999999999624,0.025877264521232173,False,True,False,1.5999999999999561,1.7999999999999519,0.2949999999999937,scan,3.2649999999999206,
wrong_direction,7,no_aperture,1.3349999999999618,0.025885249049689914,False,True,False,1.6399999999999553,1.839999999999951,0.3049999999999935,scan,3.379999999999918,
wrong_direction,7,full_consistency,1.3399999999999617,0.025985249002934908,False,True,False,1.6349999999999554,1.8349999999999511,0.2949999999999937,scan,3.379999999999918,
wrong_direction,7,matched_scan_speed,1.3399999999999617,0.025987820347172657,False,True,False,1.6349999999999554,1.8349999999999511,0.2949999999999937,scan,3.379999999999918,
wrong_direction,7,matched_rocking,1.2999999999999625,0.025838004310240914,False,True,False,1.604999999999956,1.8049999999999518,0.3049999999999935,scan,3.2599999999999207,
wrong_direction,8,full,1.3299999999999619,0.026240556031859204,False,True,False,1.604999999999956,1.8049999999999518,0.27499999999999414,scan,3.339999999999919,
wrong_direction,8,baseline,1.319999999999962,0.02623800431024091,False,True,False,1.5849999999999564,1.7849999999999522,0.26499999999999435,scan,3.2599999999999207,
wrong_direction,8,image_only,1.319999999999962,0.026207320057434178,False,True,False,1.5849999999999564,1.7849999999999522,0.26499999999999435,scan,3.2599999999999207,
wrong_direction,8,no_aperture,1.3299999999999619,0.02624055603126323,False,True,False,1.604999999999956,1.8049999999999518,0.27499999999999414,scan,3.339999999999919,
wrong_direction,8,full_consistency,1.3299999999999619,0.0262405560318141,False,True,False,1.604999999999956,1.8049999999999518,0.27499999999999414,scan,3.339999999999919,
wrong_direction,8,matched_scan_speed,1.3299999999999619,0.02624055603172688,False,True,False,1.604999999999956,1.8049999999999518,0.27499999999999414,scan,3.339999999999919,
wrong_direction,8,matched_rocking,1.3149999999999622,0.026138004310240912,False,True,False,1.5949999999999562,1.794999999999952,0.27999999999999403,scan,3.2599999999999207,
wrong_direction,9,full,1.4399999999999595,0.028162144229147725,False,True,False,1.509999999999958,1.7099999999999538,0.06999999999999851,scan,3.3149999999999196,
wrong_direction,9,baseline,1.41499999999996,0.02813800431024087,False,True,False,1.4899999999999585,1.6899999999999542,0.0749999999999984,scan,3.2599999999999207,
wrong_direction,9,image_only,1.41499999999996,0.02809627628349643,False,True,False,1.4949999999999584,1.694999999999954,0.0799999999999983,scan,3.2649999999999206,
wrong_direction,9,no_aperture,1.4399999999999595,0.028162144228687996,False,True,False,1.514999999999958,1.7149999999999537,0.0749999999999984,scan,3.3149999999999196,
wrong_direction,9,full_consistency,1.4399999999999595,0.02816214422925306,False,True,False,1.509999999999958,1.7099999999999538,0.06999999999999851,scan,3.3149999999999196,
wrong_direction,9,matched_scan_speed,1.4449999999999594,0.028262182601362894,False,True,False,1.509999999999958,1.7099999999999538,0.06499999999999861,scan,3.3149999999999196,
wrong_direction,9,matched_rocking,1.3999999999999604,0.02783800431024088,False,True,False,1.5049999999999581,1.7049999999999539,0.10499999999999776,scan,3.2599999999999207,
