scan,mode,moving_controls,accepted_controls,strict_moving_coverage,counterfactual_segment_restarts,tank_min_j,tank_end_j,weak_side_mean_m_s,omega_error_p95_rad_s,pair_residual_p95_m_s,alpha_mean,cost_mean_s,cost_p95_s,deferrals,publication_rejections,old_candidate_final_omega_p95_rad_s
001/RH_Per_C_DtP,recorded_old,4838,4838,,0,0.09793125335521065,0.09816621103219812,,,,0.9791916447707354,0.002424132569888346,0.003177503748884191,0,1,0.02134779766925399
001/RH_Per_C_DtP,confidence_angular_v1,4838,4838,1.0,0,0.1,0.10927196576493481,,3.505293352912545e-11,7.43040557468072e-14,0.9999999997989637,0.0023438246039748497,0.0024330255975655744,0,,
001/RH_Per_C_DtP,confidence_cop_v1,4838,4838,1.0,0,0.1,0.10927197280994473,,3.505293352912545e-11,7.459260721207509e-14,0.9999999997989637,0.0023436369794980257,0.0024332083463377784,0,,
001/RH_Per_C_PtD,recorded_old,4845,4843,,0,0.09999993846327677,0.1180633951934052,0.0011955285273994296,,,0.9121509173579657,0.002777948295704778,0.0037077425993629733,0,2,0.008951338017258344
001/RH_Per_C_PtD,confidence_angular_v1,4845,4845,1.0,0,0.1,0.11978955956677165,0.0010135325970567768,5.4109302455307434e-11,2.3564760362386205e-13,0.9295345386668543,0.002433399404475085,0.002551022199622821,0,,
001/RH_Per_C_PtD,confidence_cop_v1,4845,4845,1.0,0,0.1,0.11918078936136792,0.0010401845787775808,5.410930106752865e-11,2.27288959951233e-13,0.9295345386668641,0.0024331441668073803,0.002550364400667604,0,,
001/RH_Per_L_DtP,recorded_old,4878,4876,,0,0.1,0.10912741196914309,,,,0.9774452087230362,0.0023361984091933453,0.0030482197522360365,0,1,0.03499160916720041
001/RH_Per_L_DtP,confidence_angular_v1,4878,4878,1.0,0,0.1,0.12297238769277609,,3.5172049043802386e-11,7.138407703485831e-14,0.999999999817716,0.002441374966208815,0.00262902750109788,0,,
001/RH_Per_L_DtP,confidence_cop_v1,4878,4878,1.0,0,0.1,0.12297237157744194,,3.5172049043802386e-11,7.185357788322799e-14,0.9999999998177158,0.002438623496899951,0.0026270485461282076,0,,
001/RH_Per_L_PtD,recorded_old,5027,5027,,0,0.09997871158359538,0.10431950123495538,0.0008473909296200329,,,0.8909835270788329,0.0027283282733107316,0.0035604773976956492,0,0,0.00468803367198832
001/RH_Per_L_PtD,confidence_angular_v1,5027,5027,1.0,0,0.1,0.10636916821392092,0.000756294436351444,4.5906457368099996e-11,1.333867911956773e-13,0.9053033412108812,0.002412707423102744,0.002527964399632765,0,,
001/RH_Per_L_PtD,confidence_cop_v1,5027,5027,1.0,0,0.1,0.10618939443568308,0.0007785506267588392,4.5906457368099996e-11,1.2518082578817027e-13,0.9053033412108811,0.002411525431103519,0.0025241690971597565,0,,
001/RH_Per_S_DtP,recorded_old,4857,4855,,0,0.09766249464909404,0.09767048464040698,,,,0.9829365608902348,0.002457844649854231,0.003275333395868074,0,2,0.0206601173054296
001/RH_Per_S_DtP,confidence_angular_v1,4857,4857,1.0,0,0.1,0.10903701799173447,,3.906962877228536e-11,7.361134271577362e-14,0.9999999998089742,0.002399059068368505,0.002482235198840499,0,,
001/RH_Per_S_DtP,confidence_cop_v1,4857,4857,1.0,0,0.1,0.1090370389676088,,3.906962877228536e-11,7.384045232200926e-14,0.9999999998089742,0.002395802018542761,0.0024820471997372808,0,,
003/LH_Per_C_DtP,recorded_old,4126,4126,,0,0.1,0.1498833433288194,-0.00016992701654423273,,,0.9230414145039559,0.002597892767885103,0.003447740253250231,0,1,0.033625985778982695
003/LH_Per_C_DtP,confidence_angular_v1,4126,4126,1.0,0,0.1,0.15,-0.0005829858131567942,5.4298723623877223e-11,2.6746996544674273e-13,0.9766006862509222,0.0024112235704755926,0.002488016751158284,0,,
003/LH_Per_C_DtP,confidence_cop_v1,4126,4126,1.0,0,0.1,0.15,-0.0005863504188434452,5.4298723623877223e-11,2.6746989374269473e-13,0.9766006862509221,0.0024089401815214923,0.002483770504113636,0,,
003/LH_Per_C_PtD,recorded_old,4582,4579,,0,0.09861900926364295,0.09906227283377236,0.001329686234300998,,,0.8560495754704551,0.0027410476631140658,0.0036709021966089485,0,2,0.03461253080423479
003/LH_Per_C_PtD,confidence_angular_v1,4582,4582,1.0,0,0.1,0.1061027159007558,0.0011740632099430754,5.674370977433446e-11,2.6419121881490753e-13,0.9015470275426208,0.002407650867964139,0.002491979447950143,0,,
003/LH_Per_C_PtD,confidence_cop_v1,4582,4582,1.0,0,0.1,0.10609781740879692,0.0011636075335046806,5.674370977433446e-11,2.620886516305304e-13,0.9015470275426208,0.002407611051897858,0.0024907935519877357,0,,
003/LH_Per_L_DtP,recorded_old,4044,4044,,0,0.09999988873618841,0.1389722852111188,-0.00017325104642193642,,,0.959702684926419,0.0024122580071285755,0.0031946368999342663,0,0,0.015890113929139187
003/LH_Per_L_DtP,confidence_angular_v1,4044,4044,1.0,0,0.1,0.14190632227943425,-0.0007472892495529519,4.8957575942201984e-11,2.8203381470526214e-13,0.9980879488491463,0.0023921006706675084,0.0024770619500486648,0,,
003/LH_Per_L_DtP,confidence_cop_v1,4044,4044,1.0,0,0.1,0.14191758302064605,-0.0007484575045468799,4.8957575942201984e-11,2.912659319141954e-13,0.9980879488491463,0.002389907654005772,0.002475749847872066,0,,
003/LH_Per_L_PtD,recorded_old,3918,3918,,0,0.1,0.10041286420167847,0.0009392187394209301,,,0.9498010484658099,0.0025990986269205066,0.003437905299506383,0,0,0.0011753743210891627
003/LH_Per_L_PtD,confidence_angular_v1,3918,3918,1.0,0,0.1,0.10511148599270073,0.0009471380790010298,5.899188536754852e-11,2.7988702935161053e-13,0.9884637827775947,0.0023774838499078933,0.0024636850466777105,0,,
003/LH_Per_L_PtD,confidence_cop_v1,3918,3918,1.0,0,0.1,0.10511869456325482,0.0009457761433870988,5.899188536754852e-11,2.916764408889889e-13,0.9884637827775947,0.002377622008095682,0.0024611707453004784,0,,
003/LH_Per_S_DtP,recorded_old,4801,4799,,0,0.09996033935539489,0.14821158125399106,0.0005322692529626895,,,0.8759146835601189,0.002625688776746727,0.003484532004222274,0,1,0.02376986216586809
003/LH_Per_S_DtP,confidence_angular_v1,4801,4801,1.0,0,0.1,0.14498752357682768,2.2783201631905998e-05,3.5899752788559613e-11,1.4838022303897969e-13,0.9461702552277431,0.0023575283121938986,0.002443445999233518,0,,
003/LH_Per_S_DtP,confidence_cop_v1,4801,4801,1.0,0,0.1,0.1448777381251729,4.6025154441109363e-05,3.5899752788559613e-11,1.4700356623217038e-13,0.9461702552277431,0.0023556595317438234,0.0024418539978796616,0,,
003/LH_Per_S_PtD,recorded_old,4294,4294,,0,0.0970995226191927,0.09885561485437128,0.0016767461101681958,,,0.9209555402931439,0.0026202341521365372,0.0035238505479355804,0,0,0.02884660119687195
003/LH_Per_S_PtD,confidence_angular_v1,4294,4294,1.0,0,0.1,0.10565511000951722,0.0013444123671487013,5.898745635069612e-11,2.614323904928661e-13,0.9717411942518672,0.0023584608702805587,0.002456118402915308,0,,
003/LH_Per_S_PtD,confidence_cop_v1,4294,4294,1.0,0,0.1,0.1056539320951978,0.0013532998694711117,5.898745635069612e-11,2.5970544412184117e-13,0.9717411942518672,0.0023562702631515385,0.002453119450365193,0,,
003/RH_Per_C_DtP,recorded_old,3862,3862,,0,0.09994788408371151,0.10252402757336972,0.00015276818595401682,,,0.9414875243789804,0.002665025481134321,0.003574996948736952,0,0,0.017024094667531003
003/RH_Per_C_DtP,confidence_angular_v1,3862,3862,1.0,0,0.1,0.1100722907588623,-0.0001675318574707464,4.540755039767605e-11,1.5741150787354495e-13,0.9737653224978489,0.002305542583142767,0.0024031082495639565,0,,
003/RH_Per_C_DtP,confidence_cop_v1,3862,3862,1.0,0,0.1,0.11007289897968986,-0.00016597654328193566,4.540755039767605e-11,1.5955875720447537e-13,0.9737653224978489,0.002303637588538465,0.002401026600637124,0,,
003/RH_Per_C_PtD,recorded_old,3615,3615,,0,0.1,0.11340669681338382,0.0010731383020503309,,,0.9563682861100292,0.00277243920437345,0.003695978999166982,0,0,0.028012777092936862
003/RH_Per_C_PtD,confidence_angular_v1,3615,3615,1.0,0,0.1,0.11282100676118088,0.0007997981548985147,6.797708215770027e-11,1.8233674119183477e-13,0.9828838372301597,0.002356276991147948,0.0024456567000015637,0,,
003/RH_Per_C_PtD,confidence_cop_v1,3615,3615,1.0,0,0.1,0.11282998216053966,0.0008003134353513248,6.802090084664588e-11,1.800183410613838e-13,0.9828838372301599,0.002353250726970588,0.002442795396927977,0,,
003/RH_Per_L_DtP,recorded_old,3951,3951,,0,0.09646908977394643,0.09804717265983674,1.9568557501335386e-05,,,0.9584656308225811,0.0024528321219426893,0.0032851370015123393,0,0,0.014787768002027777
003/RH_Per_L_DtP,confidence_angular_v1,3951,3951,1.0,0,0.1,0.10993338809608354,-0.00026894892272029825,5.572354435674658e-11,1.17689928982867e-13,0.9966606510494652,0.0023529576256625957,0.0024405764997936785,0,,
003/RH_Per_L_DtP,confidence_cop_v1,3951,3951,1.0,0,0.1,0.10994023214023496,-0.00027136940644474834,5.572354435674658e-11,1.1769116395540484e-13,0.996660651049465,0.002351644842093672,0.002439776999381138,0,,
003/RH_Per_L_PtD,recorded_old,3682,3681,,0,0.09999926650985985,0.10892402131053545,0.0006588071724700027,,,0.9592070956686753,0.002584315974769619,0.0034795049461536108,0,1,0.004499869497107598
003/RH_Per_L_PtD,confidence_angular_v1,3682,3682,1.0,0,0.1,0.11011382862551165,0.0005802466735159199,4.9114154575622787e-11,9.747571673435199e-14,0.9887459022588593,0.0023257454318485245,0.0024359464972803836,0,,
003/RH_Per_L_PtD,confidence_cop_v1,3682,3682,1.0,0,0.1,0.11008333596879279,0.000586031025156133,4.9114154575622787e-11,9.565825901887581e-14,0.9887459022588593,0.0023246146309559928,0.0024342004471691325,0,,
003/RH_Per_S_DtP,recorded_old,4202,4201,,0,0.09969694477620325,0.10374082671649962,0.00024009615782932044,,,0.87584696664666,0.0027556616392175196,0.003656263254379155,0,0,0.07204617173006796
003/RH_Per_S_DtP,confidence_angular_v1,4202,4202,1.0,0,0.1,0.10960970842661194,-0.00010465759445290484,2.4265248445090466e-11,9.580228862819657e-14,0.9048734913871895,0.0023625969316733958,0.0024548684988985768,0,,
003/RH_Per_S_DtP,confidence_cop_v1,4202,4202,1.0,0,0.1,0.10956079646825959,-9.439097615987924e-05,2.4265248445090466e-11,1.1360244449711475e-13,0.9048734913871895,0.002359242356937278,0.002449523249742924,0,,
003/RH_Per_S_PtD,recorded_old,3920,3919,,0,0.1,0.11835502319179429,0.0012329993856275158,,,0.9331813851014902,0.0027283191383280702,0.003663568650517845,0,1,0.028161887461938373
003/RH_Per_S_PtD,confidence_angular_v1,3920,3920,1.0,0,0.1,0.11892650295011042,0.0009161884781043588,4.752186615140235e-11,1.1924046819378187e-13,0.9574902497548351,0.0023424794257579733,0.0024578980002843307,0,,
003/RH_Per_S_PtD,confidence_cop_v1,3920,3920,1.0,0,0.1,0.11886257859478522,0.000930497729079367,4.752186617308639e-11,1.1459416323121557e-13,0.9574902497548058,0.002341599425293754,0.0024625070032925577,0,,
007/LH_Per_C_DtP,recorded_old,3827,3819,,0,0.1,0.15,8.67360572849981e-05,,,0.9429622142057814,0.0029875216984735103,0.004106467203382635,0,9,0.02042261365029085
007/LH_Per_C_DtP,confidence_angular_v1,3827,3827,1.0,0,0.1,0.14999999999659888,-0.0005198135280133026,4.7233580449172644e-11,2.006933248061002e-13,0.9800554377703387,0.00243402046747506,0.002550727802736219,0,,
007/LH_Per_C_DtP,confidence_cop_v1,3827,3827,1.0,0,0.1,0.14999999999239852,-0.0005174786228965238,4.723358045400073e-11,1.9774266849863794e-13,0.9800554377703387,0.002434086253162753,0.00254480280491407,0,,
007/LH_Per_C_PtD,recorded_old,3308,3302,,0,0.09999806081419751,0.10423690612762755,0.0009335660992167298,,,0.9687716609558473,0.002944810346748658,0.004101707596782944,0,4,0.015952994568438655
007/LH_Per_C_PtD,confidence_angular_v1,3308,3308,1.0,0,0.1,0.10744386932988025,0.0008808913336746967,4.1974939621108486e-11,2.144670129423235e-13,0.9911777996495192,0.0024572447647894942,0.0026669572482205693,0,,
007/LH_Per_C_PtD,confidence_cop_v1,3308,3308,1.0,0,0.1,0.10744261771705596,0.0008870919662916811,4.1974939621108486e-11,2.1399310162704973e-13,0.9911777996495192,0.0024580026548230533,0.0026674141983676234,0,,
007/LH_Per_L_DtP,recorded_old,3325,3316,,0,0.1,0.1451395806599736,-0.00011552510936441469,,,0.9720475798438775,0.0027939499789565326,0.003848750999895855,0,8,0.005136698969963829
007/LH_Per_L_DtP,confidence_angular_v1,3325,3325,1.0,0,0.1,0.14902761202758893,-0.0003366770943605878,4.036659554388547e-11,2.3531484920347147e-13,0.9987499420376423,0.0024132125392705866,0.0025074220015085303,0,,
007/LH_Per_L_DtP,confidence_cop_v1,3325,3325,1.0,0,0.1,0.14903426709811415,-0.0003378866677898388,4.036659554388547e-11,2.3559413152972136e-13,0.9987499420376423,0.0024152425566317925,0.0025075394005398266,0,,
007/LH_Per_L_PtD,recorded_old,3327,3317,,0,0.09995547267065666,0.09996604951251428,,,,0.9706397687522497,0.0027796756925842978,0.0038251534002483817,0,10,7.711868207710552e-08
007/LH_Per_L_PtD,confidence_angular_v1,3327,3327,1.0,0,0.1,0.10556737562538158,,1.779683232112354e-11,7.428186754934728e-14,0.9999913055848862,0.0024098604836521897,0.002512293600739213,0,,
007/LH_Per_L_PtD,confidence_cop_v1,3327,3327,1.0,0,0.1,0.10556737862526776,,1.779683232112354e-11,7.428182368460822e-14,0.9999913055848862,0.002407990159583698,0.002507598701777169,0,,
007/LH_Per_S_DtP,recorded_old,3418,3417,,0,0.09949669080043048,0.15,-0.0002539274654937164,,,0.9816786025989198,0.002874281665306534,0.003947000198604655,0,0,0.010941681476505177
007/LH_Per_S_DtP,confidence_angular_v1,3418,3418,1.0,0,0.1,0.1499999999411784,-0.0007853179282185462,3.4052607096916184e-11,2.3950846731249346e-13,0.9997648482284273,0.0024000707899831213,0.0024838235549395904,0,,
007/LH_Per_S_DtP,confidence_cop_v1,3418,3418,1.0,0,0.1,0.1499999999643512,-0.0007852690495187308,3.4052607096916184e-11,2.3951132908582624e-13,0.9997648482284273,0.00240062239705306,0.00248414659545233,0,,
007/LH_Per_S_PtD,recorded_old,3460,3458,,0,0.09999726632201093,0.1006780031788725,,,,0.9664097095248051,0.0028679021841631408,0.003935159899629071,0,2,0.005265675468693296
007/LH_Per_S_PtD,confidence_angular_v1,3460,3460,1.0,0,0.1,0.107629995860131,,1.6209256501848007e-11,7.341406670947897e-14,0.9999999998055177,0.0023874372586040493,0.002475812098782626,0,,
007/LH_Per_S_PtD,confidence_cop_v1,3460,3460,1.0,0,0.1,0.10763001372535783,,1.6209256501848007e-11,7.341545299400922e-14,0.9999999998055177,0.0023871298366892617,0.002475865196902305,0,,
007/RH_Per_C_DtP,recorded_old,3595,3587,,0,0.1,0.1082665713928675,-5.809707966036536e-05,,,0.9456269629946867,0.002904735243670715,0.003969299002346815,0,8,0.03770696474617912
007/RH_Per_C_DtP,confidence_angular_v1,3595,3595,1.0,0,0.1,0.11503817771954308,-0.0008019830127055639,2.991068924683857e-11,2.1802615571832242e-13,0.9975694429426216,0.0023901735468876387,0.0024801071973342913,0,,
007/RH_Per_C_DtP,confidence_cop_v1,3595,3595,1.0,0,0.1,0.11503475832850665,-0.0007951281751933493,2.991068924683857e-11,2.215082347705173e-13,0.9975694429426216,0.002390335497627458,0.002480011799343629,0,,
007/RH_Per_C_PtD,recorded_old,3539,3529,,0,0.1,0.10692609697120611,0.0015635116997707698,,,0.9443926693737246,0.002920576619689791,0.003984191502240719,0,8,0.021887514185478435
007/RH_Per_C_PtD,confidence_angular_v1,3539,3539,1.0,0,0.1,0.1105492000180234,0.0012586501112487882,3.003970750130194e-11,3.1663942301474176e-13,0.9980502370521381,0.002393540612260136,0.002477002501836978,0,,
007/RH_Per_C_PtD,confidence_cop_v1,3539,3539,1.0,0,0.1,0.11054805988283836,0.0012653323806226687,3.003970750130194e-11,3.180934798563566e-13,0.9980502370521381,0.0023931521593190458,0.0024774188990704716,0,,
007/RH_Per_L_DtP,recorded_old,3581,3571,,0,0.1,0.10578395704728785,-0.0003639165158096414,,,0.9536531280756176,0.002784702474535536,0.0038197570029296912,0,5,0.005185262308570837
007/RH_Per_L_DtP,confidence_angular_v1,3581,3581,1.0,0,0.1,0.11364117471232307,-0.0008417297343209805,2.8487009192529333e-11,1.7216306505418721e-13,0.9999285679423328,0.0023887559029280385,0.002469444996677339,0,,
007/RH_Per_L_DtP,confidence_cop_v1,3581,3581,1.0,0,0.1,0.11364176967140906,-0.0008427121571290902,2.8487009192529333e-11,1.7216157397758785e-13,0.9999285679423328,0.002388558451899532,0.0024688159974175505,0,,
007/RH_Per_L_PtD,recorded_old,3549,3539,,0,0.1,0.1068032610872144,,,,0.9568613751125259,0.002793865144197768,0.003803753398824483,0,12,7.793058260801583e-05
007/RH_Per_L_PtD,confidence_angular_v1,3549,3549,1.0,0,0.1,0.10881569189039138,,1.7457374699991712e-11,2.2144057421069546e-13,0.9999999997886697,0.0023626156235813903,0.0024457762032398024,0,,
007/RH_Per_L_PtD,confidence_cop_v1,3549,3549,1.0,0,0.1,0.1088156913424657,,1.7457374699991712e-11,2.097013923370007e-13,0.9999999997886697,0.002364410269160166,0.0024472207995131614,0,,
007/RH_Per_S_DtP,recorded_old,3809,3800,,0,0.1,0.1147014839887674,0.0002817181864012012,,,0.9223196899483379,0.0030318862659911142,0.004182442199089564,0,10,0.05693969576298801
007/RH_Per_S_DtP,confidence_angular_v1,3809,3809,1.0,0,0.1,0.11927080609418872,-0.00033700935495340704,3.673338059239064e-11,1.4257822353314076e-13,0.9668069411896009,0.0023690897789548134,0.0024502551998011766,0,,
007/RH_Per_S_DtP,confidence_cop_v1,3809,3809,1.0,0,0.1,0.11924166389300132,-0.0003191121360801083,3.673338059239064e-11,1.5007193798454108e-13,0.9668069411896009,0.0023680764956708457,0.002450661397597287,0,,
007/RH_Per_S_PtD,recorded_old,3782,3775,,0,0.1,0.1157784628162981,0.00255913426235084,,,0.9414389763394789,0.0029809160370156736,0.0041281906491349215,0,7,0.015072477893374169
007/RH_Per_S_PtD,confidence_angular_v1,3782,3782,1.0,0,0.1,0.11106628807069603,0.0016533894447444241,4.179571990153144e-11,2.651221690103119e-13,0.9811708998051191,0.002366103200721467,0.0024473448040225774,0,,
007/RH_Per_S_PtD,confidence_cop_v1,3782,3782,1.0,0,0.1,0.11104192640749179,0.0016875868378935885,4.179571990153144e-11,2.4219649932763915e-13,0.9811708998051191,0.002366169034138102,0.0024464652025926624,0,,
jiaqi/LH_Per_C_DtP,recorded_old,4154,4153,,0,0.1,0.15,-9.046152835790415e-06,,,0.9404601171713663,0.0024660431268862977,0.0032639271463267504,0,1,0.01021870591128928
jiaqi/LH_Per_C_DtP,confidence_angular_v1,4154,4154,1.0,0,0.1,0.15,-0.00034709401344698625,2.372371529863264e-11,2.223957563246559e-13,0.9866801920753994,0.0023435851707560742,0.002428636898912373,0,,
jiaqi/LH_Per_C_DtP,confidence_cop_v1,4154,4154,1.0,0,0.1,0.15,-0.0003595111474520905,2.372371529863264e-11,2.2634417885256973e-13,0.9866801920754,0.002343142436517408,0.002429650200792821,0,,
jiaqi/LH_Per_C_PtD,recorded_old,4712,4710,,0,0.0906422560920098,0.0906422560920098,0.0011785650172506,,,0.8455940792149922,0.002588146097096721,0.0034151080973970236,0,1,0.044552842250477794
jiaqi/LH_Per_C_PtD,confidence_angular_v1,4712,4712,1.0,0,0.1,0.10455414743600089,0.0010555675390239304,4.4477623103653106e-11,1.9446240407880428e-13,0.9315527405368166,0.002448842185028447,0.002583352548026596,0,,
jiaqi/LH_Per_C_PtD,confidence_cop_v1,4712,4712,1.0,0,0.1,0.10454781987422776,0.0010570104540776947,4.4477623103653106e-11,1.912291007479115e-13,0.9315527405368166,0.0024484004886177048,0.0025819319536822148,0,,
jiaqi/LH_Per_L_DtP,recorded_old,4159,4159,,0,0.1,0.15,-0.00021577188036448521,,,0.9596360873605944,0.002334559007256086,0.003032632799295243,0,0,0.006971617814186628
jiaqi/LH_Per_L_DtP,confidence_angular_v1,4159,4159,1.0,0,0.1,0.15,-0.0006231669304387585,3.3534572992074604e-11,2.6623761788940877e-13,0.9999874976138703,0.0024688466823596074,0.002642318303696811,0,,
jiaqi/LH_Per_L_DtP,confidence_cop_v1,4159,4159,1.0,0,0.1,0.15,-0.000623010855067353,3.3534572992074604e-11,2.662414624150898e-13,0.9999874976138703,0.0024683829620175293,0.0026434295949002264,0,,
jiaqi/LH_Per_L_PtD,recorded_old,4147,4146,,0,0.09852920541236068,0.09852920541236068,,,,0.959112665892284,0.002315593087061197,0.003004532899649348,0,1,0.00013877330639747848
jiaqi/LH_Per_L_PtD,confidence_angular_v1,4147,4147,1.0,0,0.1,0.10445132242800023,,1.9017994240593644e-11,2.279128491836089e-13,0.9999963750253307,0.0024331765966433207,0.0025418504999834115,0,,
jiaqi/LH_Per_L_PtD,confidence_cop_v1,4147,4147,1.0,0,0.1,0.10445133268902634,,1.9017994240593644e-11,2.2791310261169304e-13,0.9999963750253307,0.0024332581191217418,0.0025425540989090223,0,,
jiaqi/LH_Per_S_DtP,recorded_old,4334,4333,,0,0.1,0.14999980891868278,0.0004080237920318753,,,0.9529641197755863,0.002470556361051974,0.0033231016474019235,0,1,0.017952551958297282
jiaqi/LH_Per_S_DtP,confidence_angular_v1,4334,4334,1.0,0,0.1,0.14998154517392112,4.018020649280805e-05,2.7373237845620645e-11,2.31491702976788e-13,0.9963886615771518,0.002415836807592138,0.0025083307045861147,0,,
jiaqi/LH_Per_S_DtP,confidence_cop_v1,4334,4334,1.0,0,0.1,0.1499404310587201,4.5322861237544196e-05,2.7373237845620645e-11,2.389173034715188e-13,0.9963886615771518,0.0024138936871821027,0.002503975047147833,0,,
jiaqi/LH_Per_S_PtD,recorded_old,4809,4808,,0,0.09834983597099613,0.10112897479073693,0.0013823236358639604,,,0.8530179366820361,0.0025621169524439047,0.0033819931966718284,0,1,0.03678798398334162
jiaqi/LH_Per_S_PtD,confidence_angular_v1,4809,4809,1.0,0,0.1,0.1064528109241557,0.001125399917024156,5.1480476773770306e-11,2.1127982176294397e-13,0.914739729708656,0.0024092975273078947,0.0025006387993926184,0,,
jiaqi/LH_Per_S_PtD,confidence_cop_v1,4809,4809,1.0,0,0.1,0.10646239261301131,0.0010658301866456141,5.1480476773770306e-11,2.4423028161704663e-13,0.914739729708656,0.0024082954266989084,0.0024995632003992794,0,,
jiaqi/RH_Per_C_DtP,recorded_old,3949,3949,,0,0.09530090880282474,0.1024463308334033,-0.00017731651532847722,,,0.921553982566117,0.0027144420425963046,0.0036245129987946705,0,0,0.06422536253676352
jiaqi/RH_Per_C_DtP,confidence_angular_v1,3949,3949,1.0,0,0.1,0.11414782354610221,-0.000883263582379475,4.815242311203357e-11,2.0703807591948559e-13,0.9732736807018658,0.0024335010493602596,0.002510727402113844,0,,
jiaqi/RH_Per_C_DtP,confidence_cop_v1,3949,3949,1.0,0,0.1,0.1141371621679629,-0.0008811071534858546,4.815242311203357e-11,2.1330647806134535e-13,0.9732736807018658,0.002432271801937357,0.0025103315987507814,0,,
jiaqi/RH_Per_C_PtD,recorded_old,4068,4067,,0,0.1,0.11121093505614303,0.0013817363356629917,,,0.861137930652687,0.0028519149191277844,0.003738922604679828,0,1,0.004595830409567101
jiaqi/RH_Per_C_PtD,confidence_angular_v1,4068,4068,1.0,0,0.1,0.11738021433079546,0.001263321764205034,7.17900776697847e-11,3.417821256047887e-13,0.9028612203188215,0.002451361472277253,0.0025227309513866205,0,,
jiaqi/RH_Per_C_PtD,confidence_cop_v1,4068,4068,1.0,0,0.1,0.1171850295872413,0.0012766598367287085,7.17900776697847e-11,3.2144011863678577e-13,0.9028612203188217,0.002450664160008317,0.0025218790480721507,0,,
jiaqi/RH_Per_L_DtP,recorded_old,3906,3904,,0,0.09957318090119889,0.100729144871028,-0.00020754080650358604,,,0.9474914706319476,0.0024247428499328595,0.0032873324998945463,0,1,0.013484690485118248
jiaqi/RH_Per_L_DtP,confidence_angular_v1,3906,3906,1.0,0,0.1,0.11092858504688587,-0.0005868996152749031,5.4875578981859654e-11,7.191016987602439e-14,0.9985462277731219,0.0023873165351293024,0.002468654500262346,0,,
jiaqi/RH_Per_L_DtP,confidence_cop_v1,3906,3906,1.0,0,0.1,0.11092464821250689,-0.0005844754647224808,5.4875578981859654e-11,7.194647318701992e-14,0.9985462277731219,0.00238618194288063,0.0024634434976178454,0,,
jiaqi/RH_Per_L_PtD,recorded_old,3755,3754,,0,0.1,0.10993529367402385,0.0013489776534463746,,,0.9349241668232812,0.0026820055688170225,0.003563443500752328,0,1,0.002963550459364094
jiaqi/RH_Per_L_PtD,confidence_angular_v1,3755,3755,1.0,0,0.1,0.11218905574821418,0.0013353923472663254,6.819577511745813e-11,3.3331102634870356e-13,0.9670306526217628,0.002406818926436768,0.0024781992942735087,0,,
jiaqi/RH_Per_L_PtD,confidence_cop_v1,3755,3755,1.0,0,0.1,0.11212459303725555,0.0013439925044863234,6.819577511745813e-11,3.2811503105926376e-13,0.9670306526217628,0.0024035951784046458,0.0024756667997280603,0,,
jiaqi/RH_Per_S_DtP,recorded_old,4335,4334,,0,0.08706635884317405,0.08971550462709373,-1.4122043929310115e-05,,,0.9093903283454435,0.002706311917622765,0.003607296694826801,0,1,0.19937112668582258
jiaqi/RH_Per_S_DtP,confidence_angular_v1,4335,4335,1.0,0,0.1,0.11284830774170328,-0.0006501766500728522,5.484695740111401e-11,1.6294238094211125e-13,0.9580466217323127,0.0023893747101867524,0.0024762406028457917,0,,
jiaqi/RH_Per_S_DtP,confidence_cop_v1,4335,4335,1.0,0,0.1,0.11282674325242043,-0.0006453546142984184,5.484695740111401e-11,1.6498071740644836e-13,0.9580466217323127,0.002387486593309718,0.0024746596012846568,0,,
jiaqi/RH_Per_S_PtD,recorded_old,4317,4315,,0,0.1,0.11619803397896956,0.00158113088805062,,,0.8635301717084691,0.00275545371746174,0.0036277449980843804,0,2,0.005678488421661371
jiaqi/RH_Per_S_PtD,confidence_angular_v1,4317,4317,1.0,0,0.1,0.12023166501174395,0.0013981575884971888,6.56328899215075e-11,3.293969264017701e-13,0.8975602989384978,0.002369448317333487,0.0024510264047421515,0,,
jiaqi/RH_Per_S_PtD,confidence_cop_v1,4317,4317,1.0,0,0.1,0.11987261639857553,0.001422598772646494,6.56328899215075e-11,3.1577378748659693e-13,0.8975602989384978,0.0023641961378955156,0.002444821604876779,0,,
pei/LH_Per_C_DtP,recorded_old,3080,3074,,0,0.1,0.15,0.00025106554626011046,,,0.9620378931363268,0.002951253333507244,0.004049669150481349,0,5,0.014927304471976623
pei/LH_Per_C_DtP,confidence_angular_v1,3080,3080,1.0,0,0.1,0.14999995462758103,2.851338339493059e-05,3.255874959926189e-11,2.6892320835469706e-13,0.981605707760481,0.0024319486893439823,0.0025428332504816354,0,,
pei/LH_Per_C_DtP,confidence_cop_v1,3080,3080,1.0,0,0.1,0.14999871881367668,2.0114875335043646e-05,3.255874959931483e-11,2.6869242266452347e-13,0.981605707760481,0.0024304630928604814,0.002542643453853088,0,,
pei/LH_Per_L_DtP,recorded_old,3012,3007,,0,0.1,0.15,2.8433001598546586e-05,,,0.9819322100500933,0.0027470721221568334,0.003778031899855705,0,5,0.004927980116351489
pei/LH_Per_L_DtP,confidence_angular_v1,3012,3012,1.0,0,0.1,0.14999999998503866,-1.3396432099271699e-06,3.44477296895427e-11,2.0146728684398423e-13,0.9999200693126766,0.002433323145403214,0.0026174958988121944,0,,
pei/LH_Per_L_DtP,confidence_cop_v1,3012,3012,1.0,0,0.1,0.15,-1.4378642563374818e-06,3.44477296895427e-11,2.2088376839220263e-13,0.9999200693126766,0.0024325917968081806,0.00261230005089601,0,,
pei/RH_Per_C_DtP,recorded_old,4063,4054,,0,0.0997294917025791,0.14339158684148598,0.0007422117465749248,,,0.8657579639793831,0.0031643288424770925,0.004311134300223784,0,8,0.0362884145089502
pei/RH_Per_C_DtP,confidence_angular_v1,4063,4063,1.0,0,0.1,0.14162901081623455,3.0295379774650425e-05,4.711767443766641e-11,1.0676101929590884e-13,0.944461748571593,0.0024129578168959514,0.0025146377003693486,0,,
pei/RH_Per_C_DtP,confidence_cop_v1,4063,4063,1.0,0,0.1,0.14142006655280434,5.7409188229470014e-05,4.711767443766641e-11,9.259990943685462e-14,0.944461748571593,0.0024122792770554877,0.0025144696970528456,0,,
pei/RH_Per_C_PtD,recorded_old,3910,3897,,0,0.09984988809380298,0.11083462159032195,0.0013296786871989017,,,0.8105609771263464,0.0033756583263302464,0.0044484763489890606,0,13,0.013915363912445442
pei/RH_Per_C_PtD,confidence_angular_v1,3910,3910,1.0,0,0.1,0.11379043948087186,0.0010516795555933918,6.588019964357936e-11,2.6975601656944985e-13,0.8677399833874364,0.0024410154595391263,0.0025435125000512924,0,,
pei/RH_Per_C_PtD,confidence_cop_v1,3910,3910,1.0,0,0.1,0.11357783221136694,0.0010747986558384116,6.556219919176178e-11,2.6409983145614014e-13,0.8677399833874625,0.0024393944319861176,0.002536652299386333,0,,
pei/RH_Per_L_DtP,recorded_old,3893,3884,,0,0.09964510145948147,0.10804574553019929,8.924143870940101e-05,,,0.9212541460151102,0.002972633226826232,0.004100312196533196,0,4,0.02026507703638126
pei/RH_Per_L_DtP,confidence_angular_v1,3893,3893,1.0,0,0.1,0.11734300598583856,-0.0002432080006369559,2.8675043927067847e-11,1.4164781549705578e-13,0.9930416257977206,0.002397141169426723,0.0024872776004485784,0,,
pei/RH_Per_L_DtP,confidence_cop_v1,3893,3893,1.0,0,0.1,0.11731936869180917,-0.00023550652744172348,2.8675043927067847e-11,1.376163803943606e-13,0.9930416257977206,0.002393410721502254,0.002484686201205477,0,,
pei/RH_Per_L_PtD,recorded_old,3692,3680,,0,0.1,0.10514969188690719,0.0010108584903848617,,,0.8649259832581129,0.003276753251120602,0.004384801349806365,0,10,0.00505373235316068
pei/RH_Per_L_PtD,confidence_angular_v1,3692,3692,1.0,0,0.1,0.1061369681315101,0.0008889669038455567,5.9140916729844e-11,2.6859185448674253e-13,0.9161702943063343,0.0024230311368305143,0.002505905699217692,0,,
pei/RH_Per_L_PtD,confidence_cop_v1,3692,3692,1.0,0,0.1,0.10606315266943908,0.0009083426728568654,5.9140916729844e-11,2.561845546694718e-13,0.9161702943063343,0.0024191440286868483,0.0025018087515491063,0,,
pei/RH_Per_S_DtP,recorded_old,4222,4212,,0,0.09997572386516061,0.1373093780269012,0.0006715197260597032,,,0.9017830587249676,0.0031548043425530187,0.004266809849650598,0,12,0.08425926802880153
pei/RH_Per_S_DtP,confidence_angular_v1,4222,4222,1.0,0,0.1,0.1397997650808348,6.462061972377039e-05,4.6810718307142015e-11,1.6710959872823215e-13,0.963448021872804,0.002408725571076192,0.0024966198478068692,0,,
pei/RH_Per_S_DtP,confidence_cop_v1,4222,4222,1.0,0,0.1,0.13973995037289597,7.948515120450523e-05,4.6810718328063726e-11,1.7629819122486695e-13,0.963448021872804,0.002406735449858776,0.0024936165511462603,0,,
pei/RH_Per_S_PtD,recorded_old,3976,3968,,0,0.1,0.11423540539268297,0.0013224019666110618,,,0.8536111289309019,0.003185210451975915,0.004285944496587035,0,8,0.016361428195668597
pei/RH_Per_S_PtD,confidence_angular_v1,3976,3976,1.0,0,0.1,0.12030226160019734,0.0010288978644206494,5.632629410633194e-11,2.9294486758243976e-13,0.9166084640558317,0.002418765300991991,0.002503478004655335,0,,
pei/RH_Per_S_PtD,confidence_cop_v1,3976,3976,1.0,0,0.1,0.12014131877786817,0.0010570111766508327,5.632629410633194e-11,2.7967492078197036e-13,0.9166084640558317,0.002415848235116497,0.0025010092522279592,0,,
