scan,weak_ticks,unique_weak_ticks,nondeadband_unique_weak_ticks,direction_conflict_ticks,positive_gate_conflict_ticks,weak_held_s,unique_weak_held_s,direction_conflict_held_s,unique_weak_frames,nondeadband_unique_weak_frames,direction_conflict_frames,requested_omega_mean_rad_s,requested_omega_abs_mean_rad_s,requested_omega_abs_p95_rad_s
001/RH_Per_C_DtP,0,0,0,0,0,0.0,0.0,0.0,0,0,0,,,
001/RH_Per_C_PtD,2951,2951,2951,0,0,19.511669652980345,19.511669652980345,0.0,386,386,0,-0.004130164897953454,0.004130164897953454,0.006849503021676721
001/RH_Per_L_DtP,0,0,0,0,0,0.0,0.0,0.0,0,0,0,,,
001/RH_Per_L_PtD,3705,3705,3705,0,0,23.905384651996428,23.905384651996428,0.0,473,473,0,-0.004485385466259938,0.004485385466259938,0.008489660515656052
001/RH_Per_S_DtP,0,0,0,0,0,0.0,0.0,0.0,0,0,0,,,
003/LH_Per_C_DtP,1393,1393,1385,0,0,9.288418141004513,9.288418141004513,0.0,184,183,0,-0.001543439930403917,0.001543439930403917,0.0025053968711201005
003/LH_Per_C_PtD,2329,2329,2329,0,0,15.777495418995386,15.777495418995386,0.0,312,312,0,-0.005059495821604224,0.005059495821604224,0.006966520855708748
003/LH_Per_L_DtP,352,352,336,0,0,2.2750622000021394,2.2750622000021394,0.0,46,44,0,-0.0014991670707758715,0.0014991670707758715,0.002405772456134428
003/LH_Per_L_PtD,1575,1575,1575,0,0,10.31242581798142,10.31242581798142,0.0,204,204,0,-0.0012973575493537089,0.0012973575493537089,0.002097163505493713
003/LH_Per_S_DtP,1718,1607,1607,0,0,11.486862814999768,10.769492002000334,0.0,213,213,0,-0.003100902613712648,0.003100902613712648,0.005917196554184372
003/LH_Per_S_PtD,1369,1369,1284,0,0,9.363222742009384,9.363222742009384,0.0,186,174,0,-0.0026024876653086915,0.0026024876653086915,0.004762760802891171
003/RH_Per_C_DtP,1570,1562,1232,0,0,10.708950939013448,10.655076657014433,0.0,211,167,0,-0.0007969562466650095,0.0007969562466650095,0.0016644838442755683
003/RH_Per_C_PtD,1979,1744,1021,0,0,13.71214214101201,12.088835091017245,0.0,238,141,0,-0.0006822159587570123,0.0006822159587570123,0.0012729090678237933
003/RH_Per_L_DtP,730,730,730,0,0,4.899694579005882,4.899694579005882,0.0,98,98,0,-0.0012427180825820155,0.0012427180825820155,0.0021841131273358174
003/RH_Per_L_PtD,1219,1219,1202,0,0,8.34643617500842,8.34643617500842,0.0,164,162,0,-0.001220835938864082,0.001220835938864082,0.0019748372730199466
003/RH_Per_S_DtP,2134,1735,1683,0,0,14.510481811004865,11.77954642700206,0.0,234,227,0,-0.0042595734623831795,0.0042595734623831795,0.007035991951592513
003/RH_Per_S_PtD,1648,1276,1232,0,0,11.373914702009642,8.765773875005834,0.0,174,168,0,-0.002133173087481395,0.002133173087481395,0.004445004782148424
007/LH_Per_C_DtP,1166,1166,871,0,0,9.213216345007822,9.213216345007822,0.0,182,136,0,-0.0009003769704336909,0.0009003769704336909,0.001822977260786221
007/LH_Per_C_PtD,344,344,344,0,0,2.7597900870023295,2.7597900870023295,0.0,55,55,0,-0.002371506732526815,0.002371506732526815,0.0035892249983809593
007/LH_Per_L_DtP,221,221,214,0,0,1.6710349779968965,1.6710349779968965,0.0,33,32,0,-0.0007145430991359659,0.0007145430991359659,0.0015733267583777123
007/LH_Per_L_PtD,0,0,0,0,0,0.0,0.0,0.0,0,0,0,,,
007/LH_Per_S_DtP,81,81,50,0,0,0.6339971050110762,0.6339971050110762,0.0,13,8,0,-0.0002845044562397879,0.0002845044562397879,0.0005596974477864113
007/LH_Per_S_PtD,0,0,0,0,0,0.0,0.0,0.0,0,0,0,,,
007/RH_Per_C_DtP,214,214,214,0,0,1.740700181995635,1.740700181995635,0.0,35,35,0,-0.001930791342365913,0.001930791342365913,0.0029258784563850316
007/RH_Per_C_PtD,179,179,179,0,0,1.4669787530074245,1.4669787530074245,0.0,29,29,0,-0.0009929417293804742,0.0009929417293804742,0.0017440493758224974
007/RH_Per_L_DtP,24,24,24,0,0,0.19925349900586298,0.19925349900586298,0.0,4,4,0,-0.0010304316854327434,0.0010304316854327434,0.001261433764932733
007/RH_Per_L_PtD,0,0,0,0,0,0.0,0.0,0.0,0,0,0,,,
007/RH_Per_S_DtP,920,920,920,0,0,7.412046082012239,7.412046082012239,0.0,148,148,0,-0.0038630310774511695,0.0038630310774511695,0.0058780472192336754
007/RH_Per_S_PtD,608,608,608,0,0,4.837851587006298,4.837851587006298,0.0,95,95,0,-0.003357638043955723,0.003357638043955723,0.005173688510430555
jiaqi/LH_Per_C_DtP,530,530,514,0,0,3.374865560013859,3.374865560013859,0.0,67,65,0,-0.003031003894632404,0.003031003894632404,0.005400239490521328
jiaqi/LH_Per_C_PtD,1935,1935,1935,0,0,12.761915790004423,12.761915790004423,0.0,252,252,0,-0.0043140407756717125,0.0043140407756717125,0.007002317411239484
jiaqi/LH_Per_L_DtP,16,16,16,0,0,0.10093426799721783,0.10093426799721783,0.0,2,2,0,-0.0019448255469475836,0.0019448255469475836,0.00197866944098194
jiaqi/LH_Per_L_PtD,0,0,0,0,0,0.0,0.0,0.0,0,0,0,,,
jiaqi/LH_Per_S_DtP,506,506,506,0,0,3.4026972859937814,3.4026972859937814,0.0,67,67,0,-0.001142125738358607,0.001142125738358607,0.0018190641419679962
jiaqi/LH_Per_S_PtD,1474,1456,1456,0,0,9.810519046011905,9.689523452012509,0.0,193,193,0,-0.007344544555297951,0.007344544555297951,0.01046033678547505
jiaqi/RH_Per_C_DtP,1973,1973,1871,0,0,13.65947905700159,13.65947905700159,0.0,270,256,0,-0.0020808616917477544,0.0020808616917477544,0.0033277996680169406
jiaqi/RH_Per_C_PtD,2903,2785,2785,0,0,20.001746911002556,19.199200128001394,0.0,380,380,0,-0.0031492810092820693,0.0031492810092820693,0.0048914250762706205
jiaqi/RH_Per_L_DtP,358,358,358,0,0,2.4393950529993162,2.4393950529993162,0.0,49,49,0,-0.0021497494650643567,0.0021497494650643567,0.0028372975596012632
jiaqi/RH_Per_L_PtD,2074,2074,2074,0,0,14.258133107010508,14.258133107010508,0.0,282,282,0,-0.002313621205780442,0.002313621205780442,0.003923058727072969
jiaqi/RH_Per_S_DtP,2231,2231,2125,0,0,15.087525169976288,15.087525169976288,0.0,299,285,0,-0.002822149035035747,0.002822149035035747,0.0051484178201190904
jiaqi/RH_Per_S_PtD,2447,2426,2426,0,0,16.93729125199752,16.789113811995776,0.0,332,332,0,-0.004847119228969071,0.004847119228969071,0.007688688672576613
pei/LH_Per_C_DtP,601,601,601,0,0,4.797567159999744,4.797567159999744,0.0,95,95,0,-0.003688893921337716,0.003688893921337716,0.004795061934452302
pei/LH_Per_L_DtP,12,12,12,0,0,0.08876395999686792,0.08876395999686792,0.0,2,2,0,-0.0017779452940221883,0.0017779452940221883,0.001866870156566328
pei/RH_Per_C_DtP,2042,2042,2042,0,0,16.222144787992875,16.222144787992875,0.0,321,321,0,-0.004051644453265876,0.004051644453265876,0.005492011020804038
pei/RH_Per_C_PtD,3392,3392,3392,0,0,27.30340481401072,27.30340481401072,0.0,540,540,0,-0.00420693308671189,0.00420693308671189,0.006756512106527443
pei/RH_Per_L_DtP,1196,1196,1196,0,0,9.416291922003438,9.416291922003438,0.0,186,186,0,-0.002334072697553842,0.002334072697553842,0.0028497958484773422
pei/RH_Per_L_PtD,3086,3086,3086,0,0,24.346145884002908,24.346145884002908,0.0,482,482,0,-0.003275121233377362,0.003275121233377362,0.004587719785522402
pei/RH_Per_S_DtP,2049,2049,2049,0,0,16.345132702997944,16.345132702997944,0.0,323,323,0,-0.0027291392008315556,0.0027291392008315556,0.004146650257080514
pei/RH_Per_S_PtD,2184,2184,2184,0,0,17.46741378799925,17.46741378799925,0.0,346,346,0,-0.004782761334028711,0.004782761334028711,0.0074881243772622124
