scenario,seed,comparator,full_valid,comparator_valid,angular_travel_rad_ratio_to_full,angular_travel_rad_difference_from_full,scan_angular_travel_rad_ratio_to_full,scan_angular_travel_rad_difference_from_full,measured_positive_travel_m_ratio_to_full,measured_positive_travel_m_difference_from_full,measured_forward_m_ratio_to_full,measured_forward_m_difference_from_full,elapsed_s_ratio_to_full,elapsed_s_difference_from_full
healthy,0,matched_scan_speed,True,True,0.0,-0.00018297074519690043,0.0,-0.00018297074519690046,0.9999999999973344,-1.620439893379455e-13,1.0,0.0,1.0,0.0
healthy,1,matched_scan_speed,True,True,0.0,-0.0005452001171709273,0.0,-0.0005452001171709277,0.9996327834836036,-2.233953006099826e-05,1.0,0.0,1.0,0.0
healthy,2,matched_scan_speed,True,True,0.0,-0.00029996834976520856,0.0,-0.00029994733361472147,0.9999999999973355,-1.6205786712575332e-13,1.0,0.0,1.0,0.0
healthy,3,matched_scan_speed,True,True,0.0,-0.0002990612657690078,0.0,-0.0002990612657690079,0.9999999999973327,-1.620439893379455e-13,1.0,0.0,1.0,0.0
healthy,4,matched_scan_speed,True,True,0.0,-0.00033052047198156445,0.0,-0.0003305204719811521,0.9999999999973327,-1.620509282318494e-13,1.0,0.0,1.0,0.0
healthy,5,matched_scan_speed,True,True,0.0,-0.0007740141613325538,0.0,-0.0007740141613323943,1.0001072330674836,6.520066246989975e-06,1.0,0.0,1.0,0.0
healthy,6,matched_scan_speed,True,True,0.0,-0.0003802115893951044,0.0,-0.0003695266630287422,0.9999999999973336,-1.620509282318494e-13,1.0,0.0,1.0,0.0
healthy,7,matched_scan_speed,True,True,0.0,-0.0004439659924908084,0.0,-0.0004439659924908087,0.9999999999973364,-1.620509282318494e-13,1.0,0.0,1.0,0.0
healthy,8,matched_scan_speed,True,True,0.0,-0.0003149448938587139,0.0,-0.0003078121112335888,0.9999999999973341,-1.620439893379455e-13,1.0,0.0,1.0,0.0
healthy,9,matched_scan_speed,True,True,0.0,-9.652526830160797e-05,0.0,-9.243015523893821e-05,0.9999999999973332,-1.620509282318494e-13,1.0,0.0,1.0,0.0
healthy,0,matched_rocking,True,True,0.0,-0.00018297074519690043,0.0,-0.00018297074519690046,0.9998715698828857,-7.807173540388956e-06,1.0,0.0,0.9969418960244649,-0.009999999999999787
healthy,1,matched_rocking,True,True,0.0,-0.0005452001171709273,0.0,-0.0005452001171709277,0.9991239000022242,-5.329733648370971e-05,1.0,0.0,0.9908814589665654,-0.029999999999999805
healthy,2,matched_rocking,True,True,0.0,-0.00029996834976520856,0.0,-0.00029994733361472147,0.9993810113553397,-3.764634024187863e-05,1.0,0.0,0.9939024390243902,-0.020000000000000018
healthy,3,matched_rocking,True,True,0.0,-0.0002990612657690078,0.0,-0.0002990612657690079,1.0005026947391829,3.053917158102326e-05,1.0,0.0,0.9954198473282444,-0.01499999999999968
healthy,4,matched_rocking,True,True,0.0,-0.00033052047198156445,0.0,-0.0003305204719811521,1.0004444327403368,2.7001273479411447e-05,1.0,0.0,0.9939024390243902,-0.020000000000000018
healthy,5,matched_rocking,True,True,0.0,-0.0007740141613325538,0.0,-0.0007740141613323943,0.9996498278891927,-2.1291430096034847e-05,1.0,0.0,0.9908814589665654,-0.029999999999999805
healthy,6,matched_rocking,True,True,0.0,-0.0003802115893951044,0.0,-0.0003695266630287422,1.000097443126444,5.922159054344567e-06,1.0,0.0,0.9939024390243902,-0.020000000000000018
healthy,7,matched_rocking,True,True,0.0,-0.0004439659924908084,0.0,-0.0004439659924908087,0.999078607197919,-5.605525466419875e-05,1.0,0.0,0.9908814589665654,-0.029999999999999805
healthy,8,matched_rocking,True,True,0.0,-0.0003149448938587139,0.0,-0.0003078121112335888,0.9999661994662532,-2.054515454173733e-06,1.0,0.0,0.9939024390243902,-0.020000000000000018
healthy,9,matched_rocking,True,True,0.0,-9.652526830160797e-05,0.0,-9.243015523893821e-05,1.0002165091785784,1.3156896801189144e-05,1.0,0.0,0.998468606431853,-0.004999999999999893
left_gap,0,matched_scan_speed,True,True,0.9925128241028849,-0.000106182024151448,0.9925128241028839,-0.00010618202415146188,0.9999999999973361,-1.620439893379455e-13,1.0,0.0,1.0,0.0
left_gap,1,matched_scan_speed,True,True,0.8284401044977131,-0.002476449819123764,0.8284401816461291,-0.002476448474875088,0.9999999999973342,-1.620509282318494e-13,1.0,0.0,1.0,0.0
left_gap,2,matched_scan_speed,True,True,0.9162139710720411,-0.001109133968929657,0.9165924497382328,-0.0011036678694903972,0.9999999999973365,-1.620370504440416e-13,1.0,0.0,1.0,0.0
left_gap,3,matched_scan_speed,True,True,0.9568573757491396,-0.0006873486335134387,0.9568573846082745,-0.0006873484860057642,0.999999999997336,-1.620439893379455e-13,1.0,0.0,1.0,0.0
left_gap,4,matched_scan_speed,True,True,0.9000525300404543,-0.0023730919162357166,0.9000525300404549,-0.0023730919162356957,0.9999999999973335,-1.620439893379455e-13,1.0,0.0,1.0,0.0
left_gap,5,matched_scan_speed,True,True,0.994954715254824,-7.24093494146906e-05,0.9949547152548243,-7.240934941468713e-05,0.9999999999973335,-1.620439893379455e-13,1.0,0.0,1.0,0.0
left_gap,6,matched_scan_speed,True,True,0.7837889101780247,-0.0052531341711775925,0.7837928448449981,-0.005253012202809559,0.9999999999973312,-1.6234236177581352e-13,1.0,0.0,1.0,0.0
left_gap,7,matched_scan_speed,True,True,0.9973234130951021,-4.465233592009302e-05,0.9973234131148423,-4.465233558989187e-05,0.999999999997337,-1.6202317265623378e-13,1.0,0.0,1.0,0.0
left_gap,8,matched_scan_speed,True,True,1.2005906653785272,0.0021334855096320007,1.2005906773535913,0.0021334856157189247,0.9999999999973324,-1.6205786712575332e-13,1.0,0.0,1.0,0.0
left_gap,9,matched_scan_speed,True,True,1.095431784366213,0.001719461602145752,1.0957781204304013,0.0017251563504025527,0.9999999999992039,-4.837102940413729e-14,1.0,0.0,1.0,0.0
left_gap,0,matched_rocking,True,True,0.9158194342377429,-0.0011938363662986166,0.9158194342377409,-0.0011938363662986461,0.9992115510816748,-4.796089625259958e-05,1.0,0.0,0.9908814589665654,-0.029999999999999805
left_gap,1,matched_rocking,True,True,0.7455249184238578,-0.003673322182294882,0.7455249878508036,-0.003673320838046213,0.9998545548776379,-8.841653811493544e-06,1.0,0.0,0.9819277108433735,-0.06000000000000005
left_gap,2,matched_rocking,True,True,0.7994335505558421,-0.002655037659051727,0.7997637884189126,-0.002649571559612483,0.9991120948774973,-5.401613668520877e-05,1.0,0.0,0.9848942598187311,-0.04999999999999982
left_gap,3,matched_rocking,True,True,0.8660133485471603,-0.0021346763991370813,0.8660133565652087,-0.002134676251629412,0.9992312579079052,-4.676121905435732e-05,1.0,0.0,0.9863842662632375,-0.04499999999999993
left_gap,4,matched_rocking,True,True,0.7850195285476921,-0.005104365514790005,0.7850195285476945,-0.0051043655147899394,1.000181286101512,1.1016837910896027e-05,1.0,0.0,0.978978978978979,-0.06999999999999984
left_gap,5,matched_rocking,True,True,0.8580829457433101,-0.0020367773254823165,0.8580829457433103,-0.002036777325482313,1.0002027980848627,1.2323865750035745e-05,1.0,0.0,0.9908814589665654,-0.029999999999999805
left_gap,6,matched_rocking,True,True,0.6887267887257407,-0.007562794045686359,0.6887302461752068,-0.007562672077318335,0.9991975867282302,-4.881102202915211e-05,1.0,0.0,0.9834087481146305,-0.054999999999999716
left_gap,7,matched_rocking,True,True,0.9189933791258286,-0.0013513982454319562,0.9189933791440188,-0.001351398245101748,0.9989981312353526,-6.095612281628582e-05,1.0,0.0,0.9923896499238966,-0.02499999999999991
left_gap,8,matched_rocking,True,True,0.9249522469434283,-0.0007982090959940367,0.9249522561691896,-0.0007982089899071076,1.0005264305820194,3.198038734480296e-05,1.0,0.0,0.9939024390243902,-0.020000000000000018
left_gap,9,matched_rocking,True,True,0.8502134526133033,-0.002698809610025433,0.8504822594756754,-0.002693114861768634,1.0003912733802947,2.3772868176001605e-05,1.0,0.0,0.9760479041916169,-0.07999999999999963
right_gap,0,matched_scan_speed,True,True,0.9671427971784458,-0.0004856049602174981,0.9671427971784459,-0.0004856049602174964,0.9999999999995924,-2.4764912343044898e-14,1.0,0.0,1.0,0.0
right_gap,1,matched_scan_speed,True,True,1.0297736350933726,0.0005682673350787294,1.0297736350933806,0.0005682673350788786,0.9999999999973351,-1.620439893379455e-13,1.0,0.0,1.0,0.0
right_gap,2,matched_scan_speed,True,True,0.9062651228081512,-0.001988286012009545,0.9062651228086033,-0.001988286011998963,1.0001617950663804,9.83850518824353e-06,1.0,0.0,1.0,0.0
right_gap,3,matched_scan_speed,True,True,0.9588464262745884,-0.0008281089721843896,0.9588464262745887,-0.0008281089721843826,0.9999999999973322,-1.620509282318494e-13,1.0,0.0,1.0,0.0
right_gap,4,matched_scan_speed,True,True,1.1742151109294932,0.0018840252775297935,1.1742151109529808,0.0018840252777461118,0.9999999999973366,-1.620509282318494e-13,1.0,0.0,1.0,0.0
right_gap,5,matched_scan_speed,True,True,0.9655481486435592,-0.00058095651781713,0.9655481486435581,-0.0005809565178171508,0.9999999999973354,-1.620439893379455e-13,1.0,0.0,1.0,0.0
right_gap,6,matched_scan_speed,True,True,1.3266718877442873,0.003748009110993567,1.3268787635878776,0.0037497979341757238,0.9999999999973327,-1.620370504440416e-13,1.0,0.0,1.0,0.0
right_gap,7,matched_scan_speed,True,True,1.0546603241397245,0.0007842874370528972,1.054660395518188,0.0007842884081387166,0.9999999999973327,-1.620439893379455e-13,1.0,0.0,1.0,0.0
right_gap,8,matched_scan_speed,True,True,0.8589557404125444,-0.003035416191180189,0.8589557404125441,-0.003035416191180196,0.9999999999973365,-1.620370504440416e-13,1.0,0.0,1.0,0.0
right_gap,9,matched_scan_speed,True,True,0.8269284098065726,-0.0028238054748999913,0.8269284098065787,-0.00282380547489987,0.9999999999973331,-1.620439893379455e-13,1.0,0.0,1.0,0.0
right_gap,0,matched_rocking,True,True,0.8717062552349646,-0.0018960858951118688,0.8717062552349648,-0.0018960858951118653,1.0002067292182166,1.2562707977968601e-05,1.0,0.0,0.9863842662632375,-0.04499999999999993
right_gap,1,matched_rocking,True,True,0.8028734127917398,-0.0037624092602296325,0.8028734127917464,-0.0037624092602294764,0.9995807103447583,-2.5495730240285286e-05,1.0,0.0,0.9893778452200305,-0.0349999999999997
right_gap,2,matched_rocking,True,True,0.7727592445754142,-0.004820186774709682,0.7727592445758,-0.004820186774699097,0.9995564593344324,-2.6971014858538644e-05,1.0,0.0,0.973134328358209,-0.08999999999999986
right_gap,3,matched_rocking,True,True,0.8456581908040637,-0.0031057287474259947,0.8456581908040645,-0.0031057287474259773,1.0006231318446406,3.785128101709695e-05,1.0,0.0,0.9687964338781575,-0.10499999999999998
right_gap,4,matched_rocking,True,True,0.9457518518217228,-0.0005866591128735072,0.9457518518406404,-0.0005866591126571907,0.9989811352680837,-6.1991253298109e-05,1.0,0.0,0.9954198473282444,-0.01499999999999968
right_gap,5,matched_rocking,True,True,0.8626944403297875,-0.002315363519877319,0.8626944403297867,-0.0023153635198773347,0.9995058090572383,-3.0052501918668983e-05,1.0,0.0,0.9893778452200305,-0.0349999999999997
right_gap,6,matched_rocking,True,True,0.9337324026545009,-0.0007603089458649848,0.9338780051054693,-0.0007585201226828313,1.0005192746485199,3.154589368341981e-05,1.0,0.0,0.9969418960244649,-0.009999999999999787
right_gap,7,matched_rocking,True,True,0.9397949160616376,-0.0008638457916728109,0.9397949796661146,-0.0008638448205869724,1.000480114242008,2.9168043735559868e-05,1.0,0.0,0.9954198473282444,-0.01499999999999968
right_gap,8,matched_rocking,True,True,0.7432391100534286,-0.005525755992376275,0.7432391100534294,-0.005525755992376258,0.9991232565933322,-5.333651245899296e-05,1.0,0.0,0.9834087481146305,-0.054999999999999716
right_gap,9,matched_rocking,True,True,0.742515627301156,-0.004201069514156445,0.7425156273011618,-0.004201069514156318,1.0003286804366172,1.997111484090819e-05,1.0,0.0,0.973134328358209,-0.08999999999999986
both_edges,0,matched_scan_speed,True,True,0.0,-3.523626554819384e-05,0.0,-3.523626554814906e-05,0.9999999999973334,-1.620370504440416e-13,1.0,0.0,1.0,0.0
both_edges,1,matched_scan_speed,True,True,0.0,-0.00016456484586310237,0.0,-0.00016456484586310262,0.9999999999973337,-1.620439893379455e-13,1.0,0.0,1.0,0.0
both_edges,2,matched_scan_speed,False,False,0.0,-0.0006864389888318941,0.0,-0.000686407561416678,0.9999999999973327,-1.620509282318494e-13,1.0,0.0,1.0,0.0
both_edges,3,matched_scan_speed,True,True,0.0,-0.0001365910479385046,0.0,-0.00013650878990887486,0.9999999999973344,-1.620509282318494e-13,1.0,0.0,1.0,0.0
both_edges,4,matched_scan_speed,True,True,0.0,-0.00037997953407791917,0.0,-0.0003578618896989335,0.9999999999973319,-1.620439893379455e-13,1.0,0.0,1.0,0.0
both_edges,5,matched_scan_speed,True,True,0.0,-0.0001483924773859119,0.0,-0.00014839247738591204,0.9999999999973339,-1.6205786712575332e-13,1.0,0.0,1.0,0.0
both_edges,6,matched_scan_speed,True,True,0.0,-4.1894402229959696e-05,0.0,-4.189440222995976e-05,0.9999999999996287,-2.25583440816024e-14,1.0,0.0,1.0,0.0
both_edges,7,matched_scan_speed,True,True,0.0,-3.042214167294151e-05,0.0,-3.0422141672452183e-05,0.9999999999973329,-1.620370504440416e-13,1.0,0.0,1.0,0.0
both_edges,8,matched_scan_speed,True,True,0.0,-2.9669028531121957e-05,0.0,-2.9669028526328055e-05,0.9999999999973321,-1.6205786712575332e-13,1.0,0.0,1.0,0.0
both_edges,9,matched_scan_speed,True,True,0.0,-0.00011674043823880803,0.0,-0.00011570490621955327,0.9999999999973327,-1.620509282318494e-13,1.0,0.0,1.0,0.0
both_edges,0,matched_rocking,True,True,0.0,-3.523626554819384e-05,0.0,-3.523626554814906e-05,1.0002827722234964,1.7182451716557523e-05,1.0,0.0,0.998468606431853,-0.004999999999999893
both_edges,1,matched_rocking,True,True,0.0,-0.00016456484586310237,0.0,-0.00016456484586310262,1.0001167674568618,7.096468633858988e-06,1.0,0.0,0.9954198473282444,-0.01499999999999968
both_edges,2,matched_rocking,False,True,0.0,-0.0006864389888318941,0.0,-0.000686407561416678,1.0004614879249316,2.8036974135899062e-05,1.0,0.0,0.9819277108433735,-0.06000000000000005
both_edges,3,matched_rocking,True,True,0.0,-0.0001365910479385046,0.0,-0.00013650878990887486,0.999837002807232,-9.90882352631256e-06,1.0,0.0,0.9954198473282444,-0.01499999999999968
both_edges,4,matched_rocking,True,True,0.0,-0.00037997953407791917,0.0,-0.0003578618896989335,1.0007661472876488,4.653190542428659e-05,1.0,0.0,0.9819277108433735,-0.06000000000000005
both_edges,5,matched_rocking,True,True,0.0,-0.0001483924773859119,0.0,-0.00014839247738591204,0.9999564082565242,-2.649685601256724e-06,1.0,0.0,0.9954198473282444,-0.01499999999999968
both_edges,6,matched_rocking,True,True,0.0,-4.1894402229959696e-05,0.0,-4.189440222995976e-05,1.0004075278307056,2.4760048791053202e-05,1.0,0.0,0.9954198473282444,-0.01499999999999968
both_edges,7,matched_rocking,True,True,0.0,-3.042214167294151e-05,0.0,-3.0422141672452183e-05,1.0004365639027766,2.6523415077021884e-05,1.0,0.0,0.998468606431853,-0.004999999999999893
both_edges,8,matched_rocking,True,True,0.0,-2.9669028531121957e-05,0.0,-2.9669028526328055e-05,1.000607607660646,3.690885858065318e-05,1.0,0.0,0.998468606431853,-0.004999999999999893
both_edges,9,matched_rocking,True,True,0.0,-0.00011674043823880803,0.0,-0.00011570490621955327,1.0004489506457277,2.727563323150911e-05,1.0,0.0,0.9908814589665654,-0.029999999999999805
central_gap,0,matched_scan_speed,True,True,0.0,-0.00017735518585196625,0.0,-0.00017735518565495723,0.9999999999973349,-1.620439893379455e-13,1.0,0.0,1.0,0.0
central_gap,1,matched_scan_speed,True,True,0.0,-8.197396876777635e-05,0.0,-8.197396875643492e-05,0.999999999997334,-1.620439893379455e-13,1.0,0.0,1.0,0.0
central_gap,2,matched_scan_speed,True,True,0.0,-0.0003411455565026661,0.0,-0.0003411455561840693,0.9999999999973329,-1.620439893379455e-13,1.0,0.0,1.0,0.0
central_gap,3,matched_scan_speed,True,True,0.0,-0.0002663878361578426,0.0,-0.00026638783538056,0.9999999999973338,-1.620439893379455e-13,1.0,0.0,1.0,0.0
central_gap,4,matched_scan_speed,True,True,0.0,-3.860347225692256e-05,0.0,-3.860347225692255e-05,0.9999999999973336,-1.620439893379455e-13,1.0,0.0,1.0,0.0
central_gap,5,matched_scan_speed,True,True,0.0,-1.338066293052003e-10,0.0,-1.3380662930520011e-10,0.9999999999973338,-1.620509282318494e-13,1.0,0.0,1.0,0.0
central_gap,6,matched_scan_speed,True,True,0.0,-0.00023489640459657134,0.0,-0.00023202037115898507,0.9999999999973347,-1.620370504440416e-13,1.0,0.0,1.0,0.0
central_gap,7,matched_scan_speed,True,True,0.0,-0.0001826380484711825,0.0,-0.00018238609636618832,0.9999999999991631,-5.090372567906343e-14,1.0,0.0,1.0,0.0
central_gap,8,matched_scan_speed,True,True,0.0,-0.0003914780385412496,0.0,-0.00039147803854122165,0.9999999999973348,-1.620509282318494e-13,1.0,0.0,1.0,0.0
central_gap,9,matched_scan_speed,True,True,0.0,-0.00040390806215028565,0.0,-0.00040390666221366036,0.9997607417338711,-1.4551876821811138e-05,1.0,0.0,1.0,0.0
central_gap,0,matched_rocking,True,True,0.0,-0.00017735518585196625,0.0,-0.00017735518565495723,0.9996351468905371,-2.218440110707265e-05,1.0,0.0,0.9954198473282444,-0.01499999999999968
central_gap,1,matched_rocking,True,True,0.0,-8.197396876777635e-05,0.0,-8.197396875643492e-05,1.0000057219450713,3.4778622279296734e-07,1.0,0.0,0.9893778452200305,-0.0349999999999997
central_gap,2,matched_rocking,True,True,0.0,-0.0003411455565026661,0.0,-0.0003411455561840693,1.0004063328891502,2.468747756578793e-05,1.0,0.0,0.9834087481146305,-0.054999999999999716
central_gap,3,matched_rocking,True,True,0.0,-0.0002663878361578426,0.0,-0.00026638783538056,1.0000887168043875,5.391859127568122e-06,1.0,0.0,0.9923896499238966,-0.02499999999999991
central_gap,4,matched_rocking,True,True,0.0,-3.860347225692256e-05,0.0,-3.860347225692255e-05,1.0001491617776626,9.064919456298892e-06,1.0,0.0,0.998468606431853,-0.004999999999999893
central_gap,5,matched_rocking,True,True,0.0,-1.338066293052003e-10,0.0,-1.3380662930520011e-10,1.0000379028728725,2.303704881662094e-06,1.0,0.0,0.9939024390243902,-0.020000000000000018
central_gap,6,matched_rocking,True,True,0.0,-0.00023489640459657134,0.0,-0.00023202037115898507,0.9997964135225276,-1.237680441543848e-05,1.0,0.0,0.9908814589665654,-0.029999999999999805
central_gap,7,matched_rocking,True,True,0.0,-0.0001826380484711825,0.0,-0.00018238609636618832,0.9992934844816244,-4.2973410711064086e-05,1.0,0.0,0.9939024390243902,-0.020000000000000018
central_gap,8,matched_rocking,True,True,0.0,-0.0003914780385412496,0.0,-0.00039147803854122165,0.9996406655582232,-2.184872534365112e-05,1.0,0.0,0.9908814589665654,-0.029999999999999805
central_gap,9,matched_rocking,True,True,0.0,-0.00040390806215028565,0.0,-0.00040390666221366036,0.9993534491534927,-3.932373342681317e-05,1.0,0.0,0.9834087481146305,-0.054999999999999716
shadow,0,matched_scan_speed,True,True,0.0,-0.026271000590261877,0.0,-0.026257370397581723,1.000000026366391,1.5891362808995169e-09,1.0,0.0,1.0,0.0
shadow,1,matched_scan_speed,True,True,0.0,-0.027743357119482687,0.0,-0.027743340015354133,1.000000058153903,3.505309091600406e-09,1.0,0.0,1.0,0.0
shadow,2,matched_scan_speed,True,True,0.0,-0.02531403685368781,0.0,-0.024894481700542204,1.0000000083822738,5.052197410426729e-10,1.0,0.0,1.0,0.0
shadow,3,matched_scan_speed,True,True,0.0,-0.025756179716291735,0.0,-0.02575617778685881,1.0000000872821702,5.261001183309855e-09,1.0,0.0,1.0,0.0
shadow,4,matched_scan_speed,True,True,0.0,-0.027028440017158126,0.0,-0.027028428485174217,1.0000000783570298,4.723018795504963e-09,1.0,0.0,1.0,0.0
shadow,5,matched_scan_speed,True,True,0.0,-0.025423450973501308,0.0,-0.025318339955064086,1.0000000651190386,3.925050465203306e-09,1.0,0.0,1.0,0.0
shadow,6,matched_scan_speed,True,True,0.0,-0.026152171043460497,0.0,-0.02613334903308194,1.000000017892112,1.0785405624158528e-09,1.0,0.0,1.0,0.0
shadow,7,matched_scan_speed,True,True,0.0,-0.02671735377912307,0.0,-0.026713542541511162,1.0000000536698024,3.234905614213357e-09,1.0,0.0,1.0,0.0
shadow,8,matched_scan_speed,True,True,0.0,-0.02616720159985697,0.0,-0.02616719945413686,1.0000000395601283,2.3843936686196443e-09,1.0,0.0,1.0,0.0
shadow,9,matched_scan_speed,True,True,0.0,-0.024792059542174307,0.0,-0.02479205759462782,0.9999998357128724,-9.901963707314998e-09,1.0,0.0,1.0,0.0
shadow,0,matched_rocking,True,True,0.0,-0.026271000590261877,0.0,-0.026257370397581723,1.0084647455778193,0.0005101810967975823,1.0,0.0,0.4375838926174497,-4.1899999999999995
shadow,1,matched_rocking,True,True,0.0,-0.027743357119482687,0.0,-0.027743340015354133,1.0083788383091483,0.0005050463782635198,1.0,0.0,0.4375838926174497,-4.1899999999999995
shadow,2,matched_rocking,True,True,0.0,-0.02531403685368781,0.0,-0.024894481700542204,1.008446116852616,0.000509067723266643,1.0,0.0,0.4375838926174497,-4.1899999999999995
shadow,3,matched_rocking,True,True,0.0,-0.025756179716291735,0.0,-0.02575617778685881,1.00838949157467,0.0005056831765581152,1.0,0.0,0.4375838926174497,-4.1899999999999995
shadow,4,matched_rocking,True,True,0.0,-0.027028440017158126,0.0,-0.027028428485174217,1.0083921707182504,0.000505843320084319,1.0,0.0,0.4375838926174497,-4.1899999999999995
shadow,5,matched_rocking,True,True,0.0,-0.025423450973501308,0.0,-0.025318339955064086,1.0084024909484568,0.0005064601951048492,1.0,0.0,0.4375838926174497,-4.1899999999999995
shadow,6,matched_rocking,True,True,0.0,-0.026152171043460497,0.0,-0.02613334903308194,1.0083151615159494,0.0005012398212593736,1.0,0.0,0.4375838926174497,-4.1899999999999995
shadow,7,matched_rocking,True,True,0.0,-0.02671735377912307,0.0,-0.026713542541511162,1.0084156032381455,0.0005072439427396963,1.0,0.0,0.4375838926174497,-4.1899999999999995
shadow,8,matched_rocking,True,True,0.0,-0.02616720159985697,0.0,-0.02616719945413686,1.0084419523245214,0.0005088188184114231,1.0,0.0,0.4375838926174497,-4.1899999999999995
shadow,9,matched_rocking,True,True,0.0,-0.024792059542174307,0.0,-0.02479205759462782,1.0084477020833982,0.000509162468548624,1.0,0.0,0.4375838926174497,-4.1899999999999995
wrong_direction,0,matched_scan_speed,False,False,1.3411384926086505,0.002806619207388632,1.3412566190879613,0.002807343790402761,0.9999999999973325,-1.620370504440416e-13,1.0,0.0,1.0,0.0
wrong_direction,1,matched_scan_speed,True,True,1.59619306012146,0.006292402122712048,1.596230572640337,0.006292650156105377,0.9999999999973357,-1.620509282318494e-13,1.0,0.0,1.0,0.0
wrong_direction,2,matched_scan_speed,True,True,1.7701673982156432,0.007703404990608575,1.7701673982156423,0.007703404990608575,0.9999999999973336,-1.620439893379455e-13,1.0,0.0,1.0,0.0
wrong_direction,3,matched_scan_speed,True,True,1.6117340328676135,0.0061914946383429415,1.611734058841702,0.006191494801452648,0.999999999997335,-1.620509282318494e-13,1.0,0.0,1.0,0.0
wrong_direction,4,matched_scan_speed,True,True,1.6917076974352987,0.007195722667002892,1.6917076974420084,0.007195722667044154,0.9999999999973356,-1.620439893379455e-13,1.0,0.0,1.0,0.0
wrong_direction,5,matched_scan_speed,True,True,1.7443008685286936,0.006389401420316602,1.744301402693137,0.00638940404916229,1.0000000000001423,8.652800698172314e-15,1.0,0.0,1.0,0.0
wrong_direction,6,matched_scan_speed,True,True,1.0853655723926443,0.0012107639334917857,1.0853655723926725,0.0012107639334921535,0.9999999999973339,-1.620509282318494e-13,1.0,0.0,1.0,0.0
wrong_direction,7,matched_scan_speed,True,True,1.7871894984889984,0.00909637760676605,1.7871894984955932,0.009096377606808696,1.000042267142605,2.571344097271333e-06,1.0,0.0,1.0,0.0
wrong_direction,8,matched_scan_speed,True,True,1.8103469730450914,0.008298157652143713,1.8103469730450916,0.008298157652143725,0.9999999999992113,-4.7933879088191134e-14,1.0,0.0,1.0,0.0
wrong_direction,9,matched_scan_speed,True,True,1.4073127036432536,0.004457359812494791,1.407799309260633,0.004461142374954215,0.999999999997333,-1.620439893379455e-13,1.0,0.0,1.0,0.0
wrong_direction,0,matched_rocking,False,True,0.9214376883848101,-0.0006463489097051009,0.9215188479299528,-0.0006456243266909703,1.0006114640296953,3.714296886273005e-05,1.0,0.0,0.9923896499238966,-0.02499999999999991
wrong_direction,1,matched_rocking,True,True,0.9109536143847232,-0.0009398225228439468,0.9109750229257759,-0.0009395744894506175,0.9993056929306147,-4.223032270748994e-05,1.0,0.0,0.9848942598187311,-0.04999999999999982
wrong_direction,2,matched_rocking,True,True,0.9011946635007795,-0.0009882754373273794,0.901194663500778,-0.000988275437327395,1.0001573469028486,9.562270914587057e-06,1.0,0.0,0.9848942598187311,-0.04999999999999982
wrong_direction,3,matched_rocking,True,True,0.928391993789842,-0.0007247603741029219,0.9283920087514513,-0.0007247602109932277,0.9995517792441426,-2.725573145249266e-05,1.0,0.0,0.9878787878787879,-0.040000000000000036
wrong_direction,4,matched_rocking,True,True,0.9173107782107953,-0.0008602025244934704,0.9173107782144332,-0.0008602025244522152,0.9994241686891198,-3.502003718021396e-05,1.0,0.0,0.9878787878787879,-0.040000000000000036
wrong_direction,5,matched_rocking,True,True,0.9159146529529283,-0.0007218250825266406,0.9159149334372472,-0.0007218224536809509,1.000305856253252,1.858470736953305e-05,1.0,0.0,0.9893778452200305,-0.0349999999999997
wrong_direction,6,matched_rocking,True,True,0.9222603448610536,-0.0011026034032946535,0.9222603448610777,-0.001102603403294284,0.9999814653847243,-1.126581978698471e-06,1.0,0.0,0.9939024390243902,-0.020000000000000018
wrong_direction,7,matched_rocking,True,True,0.8627957933111807,-0.001585464841278899,0.8627957933143648,-0.001585464841236256,0.999111288170634,-5.4065256740176704e-05,1.0,0.0,0.9644970414201185,-0.11999999999999966
wrong_direction,8,matched_rocking,True,True,0.8500711699256754,-0.0015353090835683071,0.8500711699256741,-0.0015353090835683227,1.0001575964995164,9.577436989260946e-06,1.0,0.0,0.9760479041916169,-0.07999999999999963
wrong_direction,9,matched_rocking,True,True,0.9220414950512972,-0.000853126121263514,0.9223603087518965,-0.0008493435588040922,1.0003684453377504,2.2386399798117462e-05,1.0,0.0,0.9848942598187311,-0.04999999999999982
nonmonotonic,0,matched_scan_speed,True,True,0.763142095444475,-0.006494964773135346,0.7631442111046455,-0.006494888753074475,0.9999999999973361,-1.620509282318494e-13,1.0,0.0,1.0,0.0
nonmonotonic,1,matched_scan_speed,True,True,0.8885955601255254,-0.002299445750667848,0.8885955601256625,-0.002299445750664663,0.999999999997336,-1.620509282318494e-13,1.0,0.0,1.0,0.0
nonmonotonic,2,matched_scan_speed,True,True,0.804114632771043,-0.003875780215754465,0.8041146327710432,-0.0038757802157544617,0.9999999999973359,-1.620439893379455e-13,1.0,0.0,1.0,0.0
nonmonotonic,3,matched_scan_speed,True,True,0.7385584334183871,-0.0047067614137261595,0.7389473499372242,-0.00469728616888446,0.9999999999973347,-1.620370504440416e-13,1.0,0.0,1.0,0.0
nonmonotonic,4,matched_scan_speed,True,True,0.9594318234362386,-0.0006245087843690846,0.9594318234362383,-0.0006245087843690881,0.999999999997334,-1.620439893379455e-13,1.0,0.0,1.0,0.0
nonmonotonic,5,matched_scan_speed,True,True,1.0348175301969256,0.0006235805308222528,1.0373790669031062,0.0006678044970633533,0.9999999999973315,-1.620439893379455e-13,1.0,0.0,1.0,0.0
nonmonotonic,6,matched_scan_speed,True,True,1.2539512719380872,0.0026308920512991742,1.2539512719475763,0.0026308920513775716,0.9999999999973335,-1.620439893379455e-13,1.0,0.0,1.0,0.0
nonmonotonic,7,matched_scan_speed,True,True,0.9962933814500848,-4.920726035539079e-05,0.9962933814500844,-4.920726035539773e-05,1.000000000000497,3.019112737590035e-14,1.0,0.0,1.0,0.0
nonmonotonic,8,matched_scan_speed,True,True,0.8583726232534535,-0.001954545510079458,0.8583726232534522,-0.001954545510079479,0.9999999999973346,-1.620439893379455e-13,1.0,0.0,1.0,0.0
nonmonotonic,9,matched_scan_speed,True,True,0.8094802118190939,-0.004218287106734046,0.8094802126765783,-0.004218287083280092,0.9999999999991865,-4.9460435747050724e-14,1.0,0.0,1.0,0.0
nonmonotonic,0,matched_rocking,True,True,0.6309525313027299,-0.010119781787741169,0.6309542804935404,-0.01011970576768028,0.9991557796345826,-5.135630792135748e-05,1.0,0.0,0.9716840536512669,-0.09499999999999975
nonmonotonic,1,matched_rocking,True,True,0.7563524511239921,-0.0050290125021484056,0.7563524511241086,-0.005029012502145224,0.9991952164813445,-4.895532093444899e-05,1.0,0.0,0.978978978978979,-0.06999999999999984
nonmonotonic,2,matched_rocking,True,True,0.660835049002377,-0.0067107044571504786,0.6608350490023773,-0.006710704457150472,0.9992600024644065,-4.5011443795719974e-05,1.0,0.0,0.9745889387144993,-0.08499999999999996
nonmonotonic,3,matched_rocking,True,True,0.6285371142178698,-0.006687487381180884,0.6288680947542235,-0.0066780121363391905,0.9997810305296908,-1.3312200495080306e-05,1.0,0.0,0.978978978978979,-0.06999999999999984
nonmonotonic,4,matched_rocking,True,True,0.8409308669428613,-0.0024487191520679765,0.8409308669428607,-0.002448719152067987,0.999980771997527,-1.1687286609746161e-06,1.0,0.0,0.9878787878787879,-0.040000000000000036
nonmonotonic,5,matched_rocking,True,True,0.8400275286810721,-0.0028651003680557723,0.8421068917437652,-0.0028208764018146735,1.0009458743096549,5.7437299223361826e-05,1.0,0.0,0.9819277108433735,-0.06000000000000005
nonmonotonic,6,matched_rocking,True,True,0.7400567458072298,-0.002692967969899868,0.7400567458128302,-0.0026929679698214698,1.0001775625510525,1.079059624709e-05,1.0,0.0,0.9287749287749287,-0.25
nonmonotonic,7,matched_rocking,True,True,0.9211438179057111,-0.001046856219676184,0.9211438179057101,-0.001046856219676198,1.00057150811765,3.4717260325591026e-05,1.0,0.0,0.9969418960244649,-0.009999999999999787
nonmonotonic,8,matched_rocking,True,True,0.7620773485036801,-0.003283479938066925,0.7620773485036796,-0.0032834799380669372,0.9998001101631602,-1.2152026493156276e-05,1.0,0.0,0.9878787878787879,-0.040000000000000036
nonmonotonic,9,matched_rocking,True,True,0.68486385998428,-0.006977410215425972,0.6848638607097585,-0.006977410191972008,0.9996052735787252,-2.400152479722223e-05,1.0,0.0,0.973134328358209,-0.08999999999999986
curvature,0,matched_scan_speed,True,True,0.0,-0.0001193090968166823,0.0,-0.00011843767252557908,0.9999999999973335,-1.6205786712575332e-13,1.0,0.0,1.0,0.0
curvature,1,matched_scan_speed,True,True,0.0,-7.333685321947472e-05,0.0,-7.333685321947479e-05,0.9999999999973328,-1.620439893379455e-13,1.0,0.0,1.0,0.0
curvature,2,matched_scan_speed,True,True,0.0,-0.0007477314913328506,0.0,-0.0007477289946733254,0.9999999999973685,-1.5996232116677334e-13,1.0,0.0,1.0,0.0
curvature,3,matched_scan_speed,True,True,0.0,-0.00039529832408722194,0.0,-0.0003952983238755774,1.0001090104875154,6.631778971720459e-06,1.0,0.0,1.0,0.0
curvature,4,matched_scan_speed,True,True,0.0,-4.270309190632184e-05,0.0,-4.270309190632188e-05,0.9999999999973346,-1.620509282318494e-13,1.0,0.0,1.0,0.0
curvature,5,matched_scan_speed,True,True,0.0,-0.00026764009601169147,0.0,-0.00026764009209975917,0.9999999999973361,-1.620439893379455e-13,1.0,0.0,1.0,0.0
curvature,6,matched_scan_speed,True,True,0.0,-0.0002143909195396941,0.0,-0.00021316472593868846,0.9999999999973337,-1.620439893379455e-13,1.0,0.0,1.0,0.0
curvature,7,matched_scan_speed,True,True,0.0,-0.00027753149082594897,0.0,-0.0002771897248064032,0.9999999999973361,-1.620370504440416e-13,1.0,0.0,1.0,0.0
curvature,8,matched_scan_speed,False,False,0.0,-0.00022105607137015414,0.0,-0.00021159578163636235,0.9999999999973319,-1.620370504440416e-13,1.0,0.0,1.0,0.0
curvature,9,matched_scan_speed,True,True,0.0,-2.6518475311546052e-05,0.0,-2.651847531154607e-05,0.9999999999973358,-1.620439893379455e-13,1.0,0.0,1.0,0.0
curvature,0,matched_rocking,True,True,0.0,-0.0001193090968166823,0.0,-0.00011843767252557908,1.0000926212577061,5.629134497253663e-06,1.0,0.0,0.9863842662632375,-0.04499999999999993
curvature,1,matched_rocking,True,True,0.0,-7.333685321947472e-05,0.0,-7.333685321947479e-05,1.0004623153490948,2.8087219762169824e-05,1.0,0.0,0.9939024390243902,-0.020000000000000018
curvature,2,matched_rocking,True,True,0.0,-0.0007477314913328506,0.0,-0.0007477289946733254,0.9998965094187862,-6.290960352844932e-06,1.0,0.0,0.9848942598187311,-0.04999999999999982
curvature,3,matched_rocking,True,True,0.0,-0.00039529832408722194,0.0,-0.0003952983238755774,0.9991010445377912,-5.4688994303830896e-05,1.0,0.0,0.9848942598187311,-0.04999999999999982
curvature,4,matched_rocking,True,True,0.0,-4.270309190632184e-05,0.0,-4.270309190632188e-05,0.9997434277822452,-1.5598837893128492e-05,1.0,0.0,0.9969418960244649,-0.009999999999999787
curvature,5,matched_rocking,True,True,0.0,-0.00026764009601169147,0.0,-0.00026764009209975917,0.9991991767133414,-4.8714225276448586e-05,1.0,0.0,0.9848942598187311,-0.04999999999999982
curvature,6,matched_rocking,True,True,0.0,-0.0002143909195396941,0.0,-0.00021316472593868846,1.000101020156423,6.139533039385692e-06,1.0,0.0,0.9923896499238966,-0.02499999999999991
curvature,7,matched_rocking,True,True,0.0,-0.00027753149082594897,0.0,-0.0002771897248064032,0.9992355623758945,-4.6499185586947045e-05,1.0,0.0,0.9908814589665654,-0.029999999999999805
curvature,8,matched_rocking,False,True,0.0,-0.00022105607137015414,0.0,-0.00021159578163636235,1.000803037154999,4.877061134189037e-05,1.0,0.0,0.9848942598187311,-0.04999999999999982
curvature,9,matched_rocking,True,True,0.0,-2.6518475311546052e-05,0.0,-2.651847531154607e-05,0.9993198715088046,-4.136734222832256e-05,1.0,0.0,0.9969418960244649,-0.009999999999999787
moving_surface,0,matched_scan_speed,True,True,0.0,-0.00021152689362305307,0.0,-0.00021152689362279574,0.9999999999973335,-1.6205786712575332e-13,1.0,0.0,1.0,0.0
moving_surface,1,matched_scan_speed,True,True,0.0,-0.0003193603590578375,0.0,-0.00024307680082292948,0.9999999999973314,-1.620439893379455e-13,1.0,0.0,1.0,0.0
moving_surface,2,matched_scan_speed,True,True,0.0,-9.463711547899824e-05,0.0,-9.463711547899817e-05,0.9999999999973364,-1.620439893379455e-13,1.0,0.0,1.0,0.0
moving_surface,3,matched_scan_speed,True,True,0.0,-0.00011366585571132628,0.0,-0.00011366585571132629,0.9999999999973336,-1.620509282318494e-13,1.0,0.0,1.0,0.0
moving_surface,4,matched_scan_speed,True,True,0.0,-0.0007688842106023677,0.0,-0.0007610263783235752,0.9999999999973346,-1.620509282318494e-13,1.0,0.0,1.0,0.0
moving_surface,5,matched_scan_speed,True,True,0.0,-0.00027270712983985124,0.0,-0.0002727071298398517,0.9999999999973341,-1.6205786712575332e-13,1.0,0.0,1.0,0.0
moving_surface,6,matched_scan_speed,True,True,0.0,-1.914483463436533e-08,0.0,-1.9144834634365335e-08,0.9999999999973352,-1.620439893379455e-13,1.0,0.0,1.0,0.0
moving_surface,7,matched_scan_speed,False,False,0.0,-0.0005865177699696247,0.0,-0.0005865161484959859,0.9999999999973322,-1.620509282318494e-13,1.0,0.0,1.0,0.0
moving_surface,8,matched_scan_speed,True,True,0.0,-0.0004237846005246016,0.0,-0.0004196242652739245,0.9999999999973346,-1.620509282318494e-13,1.0,0.0,1.0,0.0
moving_surface,9,matched_scan_speed,True,True,0.0,-3.17330320454146e-05,0.0,-3.173303204387057e-05,0.9999999999973325,-1.620370504440416e-13,1.0,0.0,1.0,0.0
moving_surface,0,matched_rocking,True,True,0.0,-0.00021152689362305307,0.0,-0.00021152689362279574,1.0001015490332816,6.1716724396795875e-06,1.0,0.0,0.9954198473282444,-0.01499999999999968
moving_surface,1,matched_rocking,True,True,0.0,-0.0003193603590578375,0.0,-0.00024307680082292948,1.000995933923047,6.0474096200892336e-05,1.0,0.0,0.9939024390243902,-0.020000000000000018
moving_surface,2,matched_rocking,True,True,0.0,-9.463711547899824e-05,0.0,-9.463711547899817e-05,0.9991099755367034,-5.414518265939999e-05,1.0,0.0,0.9954198473282444,-0.01499999999999968
moving_surface,3,matched_rocking,True,True,0.0,-0.00011366585571132628,0.0,-0.00011366585571132629,1.0001018348189954,6.189039382133166e-06,1.0,0.0,0.9969418960244649,-0.009999999999999787
moving_surface,4,matched_rocking,True,True,0.0,-0.0007688842106023677,0.0,-0.0007610263783235752,0.9997383911990303,-1.590512750011125e-05,1.0,0.0,0.9819277108433735,-0.06000000000000005
moving_surface,5,matched_rocking,True,True,0.0,-0.00027270712983985124,0.0,-0.0002727071298398517,0.9998452036924873,-9.410203247989246e-06,1.0,0.0,0.9923896499238966,-0.02499999999999991
moving_surface,6,matched_rocking,True,True,0.0,-1.914483463436533e-08,0.0,-1.9144834634365335e-08,0.9995505917946478,-2.7327971204159363e-05,1.0,0.0,0.9969418960244649,-0.009999999999999787
moving_surface,7,matched_rocking,False,True,0.0,-0.0005865177699696247,0.0,-0.0005865161484959859,1.0006314001637522,3.835321169282091e-05,1.0,0.0,0.9848942598187311,-0.04999999999999982
moving_surface,8,matched_rocking,True,True,0.0,-0.0004237846005246016,0.0,-0.0004196242652739245,0.9997528314160387,-1.5026983210229827e-05,1.0,0.0,0.9908814589665654,-0.029999999999999805
moving_surface,9,matched_rocking,True,True,0.0,-3.17330320454146e-05,0.0,-3.173303204387057e-05,1.0005952605225987,3.6159283334079306e-05,1.0,0.0,1.0,0.0
delayed_execution,0,matched_scan_speed,True,True,0.7919688670595889,-0.0036874174746990597,0.7919688671459757,-0.0036874174727656098,0.9999999999972355,-1.7003759511524663e-13,1.0,0.0,1.0,0.0
delayed_execution,1,matched_scan_speed,True,True,0.9464951550153095,-0.0007361053296359808,0.9464952610833947,-0.0007361037878888931,0.9999999999997049,-1.8138268664813495e-14,1.0,0.0,1.0,0.0
delayed_execution,2,matched_scan_speed,True,True,0.9260285409092025,-0.002048512672017895,0.927206036386407,-0.0020133438787446195,0.9999999999973601,-1.6205786712575332e-13,1.0,0.0,1.0,0.0
delayed_execution,3,matched_scan_speed,True,True,0.7863671743321202,-0.006159180405594419,0.7863671743321202,-0.006159180405594419,0.9999999999984703,-9.412609580650155e-14,1.0,0.0,1.0,0.0
delayed_execution,4,matched_scan_speed,True,True,0.7512020820079319,-0.003927926073101582,0.7512020820096815,-0.003927926073064811,0.9999999999979676,-1.2505274593621607e-13,1.0,0.0,1.0,0.0
delayed_execution,5,matched_scan_speed,True,True,0.8785608141697305,-0.0023072546729501486,0.8789300915116943,-0.0022992722448575767,0.9999999999965205,-2.1391222126965204e-13,1.0,0.0,1.0,0.0
delayed_execution,6,matched_scan_speed,True,True,1.086908098907651,0.0012964486957398758,1.0869080989076505,0.0012964486957398689,0.9999999999973627,-1.6207174491356113e-13,1.0,0.0,1.0,0.0
delayed_execution,7,matched_scan_speed,True,True,1.0380514483990493,0.0005914766658315414,1.0380514483990493,0.0005914766658315432,1.0000000000001457,8.958112029944232e-15,1.0,0.0,1.0,0.0
delayed_execution,8,matched_scan_speed,True,True,0.9598106874281224,-0.00042124824959961955,0.9601518019834765,-0.0004175244364487615,0.9999999999973661,-1.620509282318494e-13,1.0,0.0,1.0,0.0
delayed_execution,9,matched_scan_speed,True,True,0.9304978385781758,-0.001255073691783501,0.9304978385781875,-0.0012550736917832754,0.9999999999965591,-2.1170565300820954e-13,1.0,0.0,1.0,0.0
delayed_execution,0,matched_rocking,True,True,0.6383758026865739,-0.0064099030063423604,0.6383758027562071,-0.0064099030044089105,0.9995681262234107,-2.6563705291880735e-05,1.0,0.0,0.9863842662632375,-0.04499999999999993
delayed_execution,1,matched_rocking,True,True,0.7912660159062676,-0.002871706257844737,0.791266104578746,-0.002871704716097649,1.0001660008121014,1.0204279448186582e-05,1.0,0.0,0.9939024390243902,-0.020000000000000018
delayed_execution,2,matched_rocking,True,True,0.7720159565382776,-0.006313627009519377,0.7729976166675223,-0.006278458216246115,1.001503362217157,9.229016822758646e-05,1.0,0.0,0.978978978978979,-0.06999999999999984
delayed_execution,3,matched_rocking,True,True,0.6069227469115818,-0.0113326859181785,0.6069227469115811,-0.011332685918178525,0.9991661849461602,-5.1306952802809835e-05,1.0,0.0,0.9687964338781575,-0.10499999999999998
delayed_execution,4,matched_rocking,True,True,0.6037082106053361,-0.0062565027259151255,0.6037082106067423,-0.006256502725878351,0.9992106955805462,-4.856592651709263e-05,1.0,0.0,0.9848942598187311,-0.04999999999999982
delayed_execution,5,matched_rocking,True,True,0.7214721356387737,-0.005291823328694321,0.7217753853492692,-0.005283840900601747,1.0000881438531108,5.418735723260182e-06,1.0,0.0,0.9848942598187311,-0.04999999999999982
delayed_execution,6,matched_rocking,True,True,0.8827192716600367,-0.0017495313923888232,0.8827192716600364,-0.0017495313923888301,1.0004459862832493,2.7407667285830883e-05,1.0,0.0,0.9954198473282444,-0.01499999999999968
delayed_execution,7,matched_rocking,True,True,0.8327693862450257,-0.0025994544231652972,0.8327693862450264,-0.002599454423165285,1.000464181101578,2.8525293940533103e-05,1.0,0.0,0.9908814589665654,-0.029999999999999805
delayed_execution,8,matched_rocking,True,True,0.815536057303372,-0.0019334770366182634,0.8158258969803074,-0.001929753223467395,0.9993009168085893,-4.3010727884769395e-05,1.0,0.0,0.9848942598187311,-0.04999999999999982
delayed_execution,9,matched_rocking,True,True,0.763854382321733,-0.004264330002331297,0.7638543823217426,-0.00426433000233107,0.9992649474003921,-4.522535478727191e-05,1.0,0.0,0.9848942598187311,-0.04999999999999982
hard_contact,0,matched_scan_speed,True,True,0.7560916818629412,-0.05687646325798393,0.7597407830448407,-0.055633226523174206,0.9999999999990117,-5.986183770900766e-14,1.0,0.0,1.0,0.0
hard_contact,1,matched_scan_speed,True,True,0.7430523437571529,-0.05997591900348345,0.7473805268557195,-0.05850793393730741,0.9999999999990128,-5.979244876996859e-14,1.0,0.0,1.0,0.0
hard_contact,2,matched_scan_speed,False,False,0.819567979524824,-0.03950337076500032,0.8231225365323788,-0.03843977620455394,1.000000000000128,7.743805596760467e-15,1.0,0.0,1.0,0.0
hard_contact,3,matched_scan_speed,True,True,0.7116286561550137,-0.07184030682666614,0.7148163782305276,-0.07055761635193811,1.00000000000002,1.214306433183765e-15,1.0,0.0,1.0,0.0
hard_contact,4,matched_scan_speed,False,False,0.6501699345191702,-0.08796100674095703,0.6515498071289844,-0.08724565313127053,0.999999999999418,-3.527039771356044e-14,1.0,0.0,1.0,0.0
hard_contact,5,matched_scan_speed,False,False,0.7069150659821402,-0.07094277136396746,0.7102778292401958,-0.06963984863810702,0.999999999999167,-5.054290319606025e-14,1.0,0.0,1.0,0.0
hard_contact,6,matched_scan_speed,False,False,0.7209343295493073,-0.05981347110184643,0.719894033755184,-0.059869215271857984,0.999999999999197,-4.8655524054197485e-14,1.0,0.0,1.0,0.0
hard_contact,7,matched_scan_speed,True,True,0.7502408348224071,-0.05461266178032237,0.7521573942880558,-0.05383928492895812,0.9999999999989608,-6.301209554138154e-14,1.0,0.0,1.0,0.0
hard_contact,8,matched_scan_speed,True,True,0.6838760052441172,-0.07892655945020188,0.6878755715595716,-0.07738735799214469,0.9999999999988868,-6.733502644351574e-14,1.0,0.0,1.0,0.0
hard_contact,9,matched_scan_speed,True,True,0.727411572986865,-0.06485466474599016,0.7301164771430984,-0.06377711615499321,0.9999999999988569,-6.929873341832149e-14,1.0,0.0,1.0,0.0
hard_contact,0,matched_rocking,True,True,0.2661445372280988,-0.17112619849874278,0.2656549439304162,-0.17004128028152604,1.0035369136537875,0.00021422111725483833,1.0,0.0,0.6180094786729858,-2.015
hard_contact,1,matched_rocking,True,True,0.2510150042266255,-0.17482573726561795,0.2507962027750191,-0.1735193480060169,1.003527509384161,0.00021365352872236565,1.0,0.0,0.612206572769953,-2.065
hard_contact,2,matched_rocking,False,True,0.2625770051044893,-0.16144969114283192,0.2625483439724945,-0.1602661869049486,1.003089135018495,0.00018718392031461667,1.0,0.0,0.6162570888468809,-2.03
hard_contact,3,matched_rocking,True,True,0.25385420357155913,-0.1858830431558442,0.2532588405881245,-0.18475211133469305,1.0040379167503697,0.00024444345945375673,1.0,0.0,0.6104868913857678,-2.0799999999999996
hard_contact,4,matched_rocking,False,True,0.2359559203778318,-0.19211066477565703,0.23506195575377847,-0.19152671067661675,1.0028890015604277,0.00017509191083209946,1.0,0.0,0.6087768440709617,-2.095
hard_contact,5,matched_rocking,False,True,0.2585720050893947,-0.17946660036296053,0.2578787202991366,-0.17838197696072422,1.0017844705296062,0.00010826953197098921,1.0,0.0,0.6099158091674463,-2.0849999999999995
hard_contact,6,matched_rocking,False,True,0.23671198549460482,-0.16359914683977878,0.23621936044660863,-0.1632487452621179,1.0031881897394435,0.0001931669948921147,1.0,0.0,0.6197718631178708,-1.9999999999999996
hard_contact,7,matched_rocking,True,True,0.2557081665486498,-0.16274781402809288,0.2559298288629808,-0.16163567129997292,1.0024124667117054,0.00014628036816134726,1.0,0.0,0.6168401135288553,-2.025
hard_contact,8,matched_rocking,True,True,0.25255324401408014,-0.18661475180882459,0.25218514358519795,-0.18541136396910318,1.0048432527928808,0.00029296112272658714,1.0,0.0,0.6020313942751616,-2.155
hard_contact,9,matched_rocking,True,True,0.27911961621542913,-0.17151298800391201,0.27816606208343125,-0.17057909432852167,1.002637504240986,0.0001598896660606336,1.0,0.0,0.6191832858499526,-2.0049999999999994
