scenario,comparator,recorded_pairs,expected_pairs,failed_pairs,interpretation,delta_rmse,delta_absolute_mean_bias,delta_peak_absolute_error,delta_bad_path_m,delta_valid_coverage_rate_m_s,delta_valid_coverage_fraction,delta_registered_image_coverage_m,delta_acoustic_coverage_fraction,delta_angular_travel_rad,delta_measured_forward_m,delta_elapsed_s,delta_force_active_fraction,delta_aperture_active_fraction,delta_omega_width_mechanical_mean,delta_omega_width_force_mean,delta_omega_width_complete_mean,delta_controller_p50_ms,delta_controller_p99_ms,delta_controller_max_ms,delta_simulated_deadline_overruns
healthy,baseline,10,10,0,descriptive recorded-pair differences; no inferential acceptance,-0.020731227719662116,-0.025068253420997798,-0.0004717747691478813,0.0,-0.0001121144488678165,0.0,0.00025237905496362236,0.0,0.00036673828552623967,0.0,0.019999999999999886,0.0,0.0,,,,0.4376948345452547,1.180707607883965,17.897762963548303,1.2
healthy,matched_scan_speed,10,10,0,descriptive recorded-pair differences; no inferential acceptance,-0.02071468746037245,-0.025051728151645997,-0.0004717747691478813,0.0,0.0,0.0,1.5819465110117336e-06,0.0,0.00036673828552623967,0.0,0.0,0.0,0.0,,,,0.42673636926338077,1.4267344116233338,18.201436544768512,1.2
healthy,matched_rocking,10,10,0,descriptive recorded-pair differences; no inferential acceptance,-0.020731227719662116,-0.025068253420997798,-0.0004717747691478813,0.0,-0.0001121144488678165,0.0,0.00025237905496362236,0.0,0.00036673828552623967,0.0,0.019999999999999886,0.0,0.0,,,,0.3888312494382262,0.5487397748511332,17.01450136024505,1.2
left_gap,baseline,10,10,0,descriptive recorded-pair differences; no inferential acceptance,-0.0010387763663917248,0.0009589398244906691,0.0009217903845548658,-5.895356906701829e-05,-0.00022669912697923894,0.000982559484450296,0.0006440496044225398,0.000982559484450296,0.0015220199794176775,0.0,0.046499999999999854,0.7154677868338913,0.0,,,,0.4867143230512738,0.669403792824596,0.5649663740769029,0.0
left_gap,matched_scan_speed,10,10,0,descriptive recorded-pair differences; no inferential acceptance,0.00032699200134453653,0.000559911409517183,6.71818136994684e-05,-5.000040861020752e-05,1.5142761845494956e-05,0.0008333401435034582,7.999922561234066e-05,0.0008333401435034582,0.0008269455106688648,0.0,0.0,0.7154677868338913,0.0,,,,0.4824038129299879,0.8808098039589842,0.9855342097580433,0.0
left_gap,matched_rocking,10,10,0,descriptive recorded-pair differences; no inferential acceptance,-0.0010646973895807599,0.0009519642237959989,0.0008546096890462262,-0.0005089535690670062,-8.866231716329088e-05,0.008482559484450092,0.0010440496044225324,0.008482559484450092,0.0029209226444192418,0.0,0.046499999999999854,0.7154677868338913,0.0,,,,0.4583357600495219,0.6757575448136773,0.7281104102730751,0.0
right_gap,baseline,10,10,0,descriptive recorded-pair differences; no inferential acceptance,-0.0015514973533978349,0.0009225888772552533,0.0036602577103614477,1.572502617508062e-05,-0.0002604967277396921,-0.00026208376958466453,0.00012677553175966457,-0.00026208376958466453,0.0009915105789036474,0.0,0.04949999999999979,0.6949537238840116,0.0,,,,0.4933343851007521,0.9996770683210343,1.1893423972651362,0.0
right_gap,matched_scan_speed,10,10,0,descriptive recorded-pair differences; no inferential acceptance,-0.00010897456874000566,0.000708577353381906,0.00011902780812902413,3.6419287307198206e-05,-1.0860251009877503e-05,-0.0006069881217866335,-8.01457843687306e-05,-0.0006069881217866335,0.0002757588967653756,0.0,0.0,0.6949537238840116,0.0,,,,0.48427474685013294,1.0915752835571766,1.2412159703671932,0.0
right_gap,matched_rocking,10,10,0,descriptive recorded-pair differences; no inferential acceptance,-0.0015729146412957029,0.0008984052510588984,0.003573790788170683,-0.0003542749738249147,-0.00014699979522435659,0.005904582897081933,0.0006067755317596561,0.005904582897081933,0.0027837413554298524,0.0,0.04949999999999979,0.6949537238840116,0.0,,,,0.47382687916979194,1.1993420033250004,1.480280002579093,0.0
both_edges,baseline,10,10,1,descriptive recorded-pair differences; no inferential acceptance,-0.00036681435947933104,-0.00035322002564280527,0.0006576117361313027,0.0,-0.00012548081730947986,0.0,0.00026102695501978025,0.0,0.0001769929170318357,0.0,0.022499999999999833,0.7073443760083139,0.0,,,,0.47110007144510746,1.025838186731562,1.1377527611330152,0.0
both_edges,matched_scan_speed,10,10,1,descriptive recorded-pair differences; no inferential acceptance,0.00020896916715544,-0.00039177915611069884,3.376361113174298e-05,0.0,0.0,0.0,1.4809889425926314e-13,0.0,0.0001769929170318357,0.0,0.0,0.7073443760083139,0.0,,,,0.45157974818721414,1.0490992947015907,1.1905794497579336,0.0
both_edges,matched_rocking,10,10,1,descriptive recorded-pair differences; no inferential acceptance,-0.00036681435947933104,-0.00035322002564280527,0.0006576117361313027,0.0,-0.00012548081730947986,0.0,0.00026102695501978025,0.0,0.0001769929170318357,0.0,0.022499999999999833,0.7073443760083139,0.0,,,,0.31837400747463107,0.4922554716467856,0.5326570244506001,0.0
central_gap,baseline,10,10,0,descriptive recorded-pair differences; no inferential acceptance,-6.322219056846823e-05,-0.0022035985530769924,-0.002209510075548948,0.0,-0.00016188728629104864,0.0,0.00031091153059410596,0.0,0.0002118386707103092,0.0,0.028999999999999825,0.6428955225222367,0.0,,,,0.5338545073755085,1.2967310631647706,1.3551660347729921,0.0
central_gap,matched_scan_speed,10,10,0,descriptive recorded-pair differences; no inferential acceptance,0.000319649408454567,-0.0023352373539244397,-0.00016439301035999775,0.0,0.0,0.0,1.4939820653668555e-06,0.0,0.0002118386707103092,0.0,0.0,0.6428955225222367,0.0,,,,0.52310029277578,1.0515291271731255,1.091878768056631,0.0
central_gap,matched_rocking,10,10,0,descriptive recorded-pair differences; no inferential acceptance,-6.322219056846823e-05,-0.0022035985530769924,-0.002209510075548948,0.0,-0.00016188728629104864,0.0,0.00031091153059410596,0.0,0.0002118386707103092,0.0,0.028999999999999825,0.6428955225222367,0.0,,,,0.6110570393502712,1.0790800054091958,1.1341422330588102,0.0
shadow,baseline,10,10,0,descriptive recorded-pair differences; no inferential acceptance,0.0607725235660424,0.05886819309293937,0.07450945211962878,0.0,-0.010351216700292336,0.0,0.0,0.0,0.026136525123499836,0.0,4.1899999999999995,0.8653020134228188,0.04181208053691275,,,,0.6667036446742713,1.4365732567384832,2.03270954079926,0.0
shadow,matched_scan_speed,10,10,0,descriptive recorded-pair differences; no inferential acceptance,0.060769410995340965,0.05886555326649162,0.07450913716984506,0.0,0.0,0.0,0.0,0.0,0.026136525123499836,0.0,0.0,0.8653020134228188,0.04181208053691275,,,,0.5591339082457125,0.910264499718323,1.2347380630671978,0.0
shadow,matched_rocking,10,10,0,descriptive recorded-pair differences; no inferential acceptance,0.0607725235660424,0.05886819309293937,0.07450945211962878,0.0,-0.010351216700292336,0.0,0.0,0.0,0.026136525123499836,0.0,4.1899999999999995,0.8653020134228188,0.04181208053691275,,,,0.5353568587452173,0.9071266148239365,1.4993918593972921,0.0
wrong_direction,baseline,10,10,1,descriptive recorded-pair differences; no inferential acceptance,-0.0008194980424037518,0.002986240323903408,0.002040537773878226,-6.936899305395525e-05,-0.0002418200538884991,0.0011561498842325934,0.00035980455528036165,0.0011561498842325934,-0.005240802061316658,0.0,0.050999999999999844,0.7187170691197589,0.0,,,,0.5350888706743717,0.9967672904022032,1.18352803401649,0.0
wrong_direction,matched_scan_speed,10,10,1,descriptive recorded-pair differences; no inferential acceptance,0.0006112742264427345,0.002820790249884532,0.00018127198526589615,-3.2525269334071624e-05,1.0001985339288394e-05,0.0005420878222345271,-2.571342922579045e-07,0.0005420878222345271,-0.005964170405126803,0.0,0.0,0.7187170691197589,0.0,,,,0.5444422946311533,1.1059323828667402,1.388371898792684,0.0
wrong_direction,matched_rocking,10,10,1,descriptive recorded-pair differences; no inferential acceptance,-0.0008580913794113576,0.0029518155796807092,0.0018244014673732157,-0.0005193689930539439,-0.0001037832440725514,0.008656149884232401,0.0006798045552803535,0.008656149884232401,0.0009957738300404833,0.0,0.050999999999999844,0.7187170691197589,0.0,,,,0.5259623168967664,1.0430603597778825,1.1766335228458047,0.0
nonmonotonic,baseline,10,10,0,descriptive recorded-pair differences; no inferential acceptance,-0.0016629334654724658,0.0011707016684498483,0.004182611601374298,-0.0001395346525064782,-0.00037400753420393785,0.0023255775417746704,0.0005220653934743344,0.0028304679313225444,0.0034442916902267017,0.0,0.08099999999999992,0.7066814892564064,0.00028490028490028494,,,,0.69138219114393,1.3593031067866828,1.584853627718985,0.5
nonmonotonic,matched_scan_speed,10,10,0,descriptive recorded-pair differences; no inferential acceptance,0.00047842265661363905,-0.00017216890335958914,-2.144000150243741e-05,-1.2149277092381172e-05,3.6266134050239735e-06,0.00020248795153969822,-9.012780533158779e-05,-0.0008703100796105479,0.002096902823270037,0.0,0.0,0.7066814892564064,0.00028490028490028494,,,,0.6922496249899268,1.3131348981987683,1.571664703078568,0.5
nonmonotonic,matched_rocking,10,10,0,descriptive recorded-pair differences; no inferential acceptance,-0.0016665793037145076,0.0011255057475910261,0.004134259410858832,-0.00041953465250647165,-0.00028811796365179265,0.006992244208441212,0.001002065393474319,0.011330467931322308,0.004786151999141364,0.0,0.08099999999999992,0.7066814892564064,0.00028490028490028494,,,,0.6749365362338722,1.3331031834240998,1.4762146398425102,0.5
curvature,baseline,10,10,1,descriptive recorded-pair differences; no inferential acceptance,-0.0002829497375636203,-0.001598512593782138,-0.0015273069261268369,0.0,-0.0001895362352724958,0.0,4.706504375792953e-05,0.0,0.00023855159104215856,0.0,0.03399999999999985,0.6622241566095826,0.00015105740181268882,,,,0.4745660233311355,1.2393889748491305,1.7192929284647107,0.1
curvature,matched_scan_speed,10,10,1,descriptive recorded-pair differences; no inferential acceptance,0.00012723872383582359,-0.001751340454991062,-0.0002714336463414124,0.0,0.0,0.0,-6.631777515524184e-07,0.0,0.00023855159104215856,0.0,0.0,0.6622241566095826,0.00015105740181268882,,,,0.4739568568766117,1.440471526235338,1.9457912305369973,0.1
curvature,matched_rocking,10,10,1,descriptive recorded-pair differences; no inferential acceptance,-0.0002829497375636203,-0.001598512593782138,-0.0015273069261268369,0.0,-0.0001895362352724958,0.0,4.706504375792953e-05,0.0,0.00023855159104215856,0.0,0.03399999999999985,0.6622241566095826,0.00015105740181268882,,,,0.4436176270246506,1.1219166433438617,1.454868703149259,0.1
moving_surface,baseline,10,10,1,descriptive recorded-pair differences; no inferential acceptance,-0.000197678750711755,0.0010885170678858985,-0.0001292309576060191,0.0,-0.00013119201481771384,0.0,0.0002574357808997799,0.0,0.00028228361116877095,0.0,0.023499999999999854,0.36434931327535086,0.0,,,,0.43070873944088817,0.8739388911053524,1.2414444470778108,0.0
moving_surface,matched_scan_speed,10,10,1,descriptive recorded-pair differences; no inferential acceptance,-0.0003043933105056185,0.0002773600461410033,1.3459029245810327e-05,0.0,0.0,0.0,1.6204745878489746e-13,0.0,0.00028228361116877095,0.0,0.0,0.36434931327535086,0.0,,,,0.4371365997940302,1.33230558503419,1.5578954014927149,0.0
moving_surface,matched_rocking,10,10,1,descriptive recorded-pair differences; no inferential acceptance,-0.000197678750711755,0.0010885170678858985,-0.0001292309576060191,0.0,-0.00013119201481771384,0.0,0.0002574357808997799,0.0,0.00028228361116877095,0.0,0.023499999999999854,0.36434931327535086,0.0,,,,0.4169983323663473,1.0261563062667833,1.3966778991743922,0.0
delayed_execution,baseline,10,10,0,descriptive recorded-pair differences; no inferential acceptance,0.00019216378454722793,-0.000976724432741112,0.02794317691843995,-8.324959469884e-05,-0.00022735232391284075,0.0013874932449806864,0.00040645166504534936,0.0013874932449806864,0.002834973399934855,0.0,0.048499999999999856,0.560708425957789,0.00015105740181268882,,,,0.5247548222541809,1.2140330560505397,1.5083471545949578,0.0
delayed_execution,matched_scan_speed,10,10,0,descriptive recorded-pair differences; no inferential acceptance,0.0004372509087750498,0.002595047290148945,-0.002580188303292541,-1.609463394019253e-05,4.7829521367583755e-06,0.00026824389900323984,8.008640381696186e-05,0.00026824389900323984,0.0018654793207810785,0.0,0.0,0.560708425957789,0.00015105740181268882,,,,0.5136253661476076,1.3311810619197795,1.6070135170593858,0.0
delayed_execution,matched_rocking,10,10,0,descriptive recorded-pair differences; no inferential acceptance,0.0001755081538146519,-0.0008507854333801624,0.02783346286551174,-0.0005532511450706837,-8.318006919755123e-05,0.009220852417844738,0.0008064596410902542,0.009220852417844738,0.00490230411009981,0.0,0.048499999999999856,0.560708425957789,0.00015105740181268882,,,,0.4979751422069967,0.9263084142003215,1.5086375176906586,0.0
hard_contact,baseline,10,10,4,descriptive recorded-pair differences; no inferential acceptance,-0.18748228012182142,-0.013554889282895045,-0.08187305598700437,0.006788407775828056,-0.0037782182667076315,-0.11314012959713426,-0.005222455560922141,-0.11314012959713426,0.14300522429797263,0.0,2.0554999999999994,0.4608551403593144,0.026979127181765733,,,,0.7294366252608597,1.4563808622770007,1.9698478281497955,0.1
hard_contact,matched_scan_speed,10,10,4,descriptive recorded-pair differences; no inferential acceptance,-0.006916006512635126,-0.03827047981526053,-0.0797062734544014,0.006995293271695358,-0.0013150530581090471,-0.11658822119492258,-0.006307928898127183,-0.11658822119492258,0.0645307195036419,0.0,0.0,0.4608551403593144,0.026979127181765733,,,,0.7648442173376679,1.6307188444770873,1.503994269296527,0.1
hard_contact,matched_rocking,10,10,4,descriptive recorded-pair differences; no inferential acceptance,-0.1985973726648674,-0.022075147882379423,-0.08187305598700437,0.01222840777582789,-0.005446929923149298,-0.2038067962637981,-0.010022455560921996,-0.2038067962637981,0.17493366358822623,0.0,2.0554999999999994,0.4608551403593144,0.026979127181765733,,,,0.7767618750222027,1.7546118083409965,2.1303066285327077,0.1
