t_wall_s,event,target_m,commanded_m,measured_m,v_ff,v_des,v_cmd,rpm,follow,armed,panic,poll_ok,dt_wall_ms,last_rpm_cmd,mb_fail_n,freeze_flag,arm_good
0.0394,,0.435233,0.435233,0.435233,0.059683,0.059683,0.017732,106.391184,1,1,0,1,22.164830,106,0,0,0
0.0824,,0.435233,0.435233,0.435301,0.011937,0.010233,0.010233,61.396250,1,1,0,1,32.409036,61,0,0,0
0.1196,,0.435233,0.435233,0.435931,0.002387,-0.013400,-0.013400,-80.402378,1,1,0,1,42.971498,-80,0,0,0
0.1488,,0.435233,0.435233,0.436265,0.000477,-0.020097,-0.020097,-120.583580,1,1,0,1,37.144804,-121,0,0,0
0.1816,,0.435233,0.435233,0.436066,0.000095,-0.013411,-0.013411,-80.465731,1,1,0,1,29.278394,-80,0,0,0
0.2199,,0.435232,0.435232,0.435345,0.000012,0.002823,0.002823,16.937481,1,1,0,1,32.747037,17,0,0,0
0.2583,,0.435231,0.435231,0.434899,-0.000029,0.008485,0.008485,50.908757,1,1,0,1,38.346139,51,0,0,0
0.2861,,0.435227,0.435227,0.434982,-0.000081,0.003838,0.003838,23.030824,1,1,0,1,38.364626,23,0,0,0
0.3240,,0.435221,0.435221,0.435207,-0.000180,0.000000,0.000000,0.000000,1,1,0,1,27.795941,0,0,0,0
0.3589,,0.435205,0.435205,0.435308,-0.000377,-0.002913,-0.002913,-17.479366,1,1,0,1,37.930616,-17,0,0,0
0.3850,,0.435189,0.435189,0.435293,-0.000458,-0.002336,-0.002336,-14.016591,1,1,0,1,34.876124,-14,0,0,0
0.4122,,0.435160,0.435160,0.435242,-0.000955,-0.002247,-0.002247,-13.480517,1,1,0,1,26.493588,-13,0,0,0
0.4502,,0.435130,0.435130,0.435192,-0.001082,-0.002024,-0.002024,-12.141202,1,1,0,1,26.797982,-12,0,0,0
0.5009,,0.435049,0.435049,0.435105,-0.001917,-0.002890,-0.002890,-17.342054,1,1,0,1,38.001786,-17,0,0,0
0.5361,,0.434968,0.434968,0.435024,-0.001665,-0.002668,-0.002668,-16.005317,1,1,0,1,50.698361,-16,0,0,0
0.5469,,0.434886,0.434886,0.434922,-0.002208,-0.002730,-0.002730,-16.378236,1,1,0,1,35.179235,-16,0,0,0
0.6037,,0.434789,0.434789,0.434826,-0.003853,-0.004528,-0.004528,-27.167053,1,1,0,1,22.694260,-27,0,0,0
0.6322,,0.434677,0.434677,0.434728,-0.002761,-0.003745,-0.003745,-22.468783,1,1,0,1,44.967994,-22,0,0,0
0.6712,,0.434603,0.434603,0.434603,-0.002651,-0.002267,-0.002267,-13.604618,1,1,0,1,28.437133,-14,0,0,0
0.7023,,0.434436,0.434436,0.434477,-0.003946,-0.004920,-0.004920,-29.518214,1,1,0,1,39.045047,-30,0,0,0
0.7455,,0.434245,0.434245,0.434367,-0.005699,-0.008468,-0.008468,-50.810714,1,1,0,1,31.077782,-51,0,0,0
0.7830,,0.433952,0.433952,0.434049,-0.006561,-0.008165,-0.008165,-48.990604,1,1,0,1,43.219664,-49,0,0,0
0.8239,,0.433746,0.433746,0.433771,-0.005706,-0.005725,-0.005725,-34.348605,1,1,0,1,37.500174,-34,0,0,0
0.8583,,0.433522,0.433522,0.433497,-0.005527,-0.004809,-0.004809,-28.854353,1,1,0,1,40.835642,-29,0,0,0
0.8838,,0.433280,0.433280,0.433345,-0.006730,-0.008455,-0.008455,-50.732371,1,1,0,1,34.402525,-51,0,0,0
0.9148,,0.433074,0.433074,0.433211,-0.007825,-0.010933,-0.010933,-65.595295,1,1,0,1,25.500344,-66,0,0,0
0.9526,,0.432685,0.432685,0.432799,-0.011607,-0.013510,-0.013510,-81.061491,1,1,0,1,31.015167,-81,0,0,0
0.9779,,0.432446,0.432446,0.432500,-0.007362,-0.007975,-0.007975,-47.850917,1,1,0,1,37.825694,-48,0,0,0
0.9844,,0.432197,0.432197,0.432165,-0.009361,-0.008053,-0.008053,-48.318984,1,1,0,1,25.333633,-48,0,0,0
1.0239,,0.431935,0.431935,0.431980,-0.010628,-0.012130,-0.012130,-72.778377,1,1,0,1,23.865064,-73,0,0,0
1.0690,,0.431593,0.431593,0.431713,-0.014503,-0.017427,-0.017427,-104.562238,1,1,0,1,22.125478,-105,0,0,0
1.0966,,0.431379,0.431379,0.431244,-0.006695,-0.003019,-0.003019,-18.116890,1,1,0,1,45.063929,-18,0,0,0
1.1232,,0.431009,0.431009,0.430763,-0.012055,-0.006742,-0.006742,-40.454553,1,1,0,1,27.615220,-40,0,0,0
1.1525,,0.430701,0.430701,0.430606,-0.011690,-0.011229,-0.011229,-67.374771,1,1,0,1,26.557849,-67,0,0,0
1.1792,,0.430383,0.430383,0.430407,-0.011030,-0.012369,-0.012369,-74.213613,1,1,0,1,29.320575,-74,0,0,0
1.2113,,0.430137,0.430137,0.430107,-0.009552,-0.008556,-0.008556,-51.337852,1,1,0,1,26.757968,-51,0,0,0
1.2373,,0.429715,0.429715,0.429748,-0.012448,-0.013483,-0.013483,-80.896861,1,1,0,1,32.046724,-81,0,0,0
1.2592,,0.429366,0.429366,0.429515,-0.013230,-0.016878,-0.016878,-101.268150,1,1,0,1,25.977133,-101,0,0,0
1.2948,,0.429008,0.429008,0.429209,-0.015704,-0.019856,-0.019856,-119.134270,1,1,0,1,21.949756,-119,0,0,0
1.3201,,0.428547,0.428547,0.428582,-0.013506,-0.013107,-0.013107,-78.641981,1,1,0,1,35.563217,-79,0,0,0
1.3577,,0.428073,0.428073,0.428018,-0.017685,-0.015927,-0.015927,-95.561675,1,1,0,1,25.338694,-96,0,0,0
1.3879,,0.427486,0.427486,0.427493,-0.016036,-0.016531,-0.016531,-99.186805,1,1,0,1,37.556928,-99,0,0,0
1.4253,,0.427085,0.427085,0.427024,-0.013819,-0.012238,-0.012238,-73.430261,1,1,0,1,30.238443,-73,0,0,0
1.4501,,0.426676,0.426676,0.426518,-0.011510,-0.008084,-0.008084,-48.506025,1,1,0,1,37.374606,-49,0,0,0
1.4881,,0.426050,0.426050,0.426185,-0.022514,-0.027559,-0.027559,-165.355743,1,1,0,1,24.783859,-165,0,0,0
1.5259,,0.425409,0.425409,0.425827,-0.017996,-0.027159,-0.027159,-162.956194,1,1,0,1,37.996332,-163,0,0,0
1.5614,,0.424865,0.424865,0.424855,-0.015097,-0.012435,-0.012435,-74.607094,1,1,0,1,37.866093,-75,0,0,0
1.6006,,0.424312,0.424312,0.423897,-0.015489,-0.005491,-0.005491,-32.947034,1,1,0,1,35.455211,-33,0,0,0
1.6300,,0.423752,0.423752,0.423514,-0.014536,-0.011245,-0.011245,-67.470146,1,1,0,1,39.181257,-67,0,0,0
1.6712,,0.423299,0.423299,0.423346,-0.015218,-0.018187,-0.018187,-109.119033,1,1,0,1,29.437750,-109,0,0,0
1.7040,,0.422613,0.422613,0.422823,-0.016386,-0.021053,-0.021053,-126.318754,1,1,0,1,41.162257,-126,0,0,0
1.7306,,0.422151,0.422151,0.422308,-0.014515,-0.016989,-0.016989,-101.933912,1,1,0,1,32.864898,-102,0,0,0
1.7673,,0.421570,0.421570,0.421671,-0.020380,-0.021727,-0.021727,-130.362375,1,1,0,1,26.583351,-130,0,0,0
1.8016,,0.421103,0.421103,0.421113,-0.014273,-0.013904,-0.013904,-83.422389,1,1,0,1,36.633382,-83,0,0,0
1.8294,,0.420517,0.420517,0.420400,-0.016517,-0.013589,-0.013589,-81.532674,1,1,0,1,34.305076,-82,0,0,0
1.8692,,0.419812,0.419812,0.420023,-0.023578,-0.029966,-0.029966,-179.794094,1,1,0,1,27.816829,-180,0,0,0
1.9035,,0.419342,0.419342,0.419487,-0.014175,-0.016420,-0.016420,-98.518796,1,1,0,1,39.784007,-99,0,0,0
1.9301,,0.418754,0.418754,0.418587,-0.016529,-0.011515,-0.011515,-69.088006,1,1,0,1,34.329118,-69,0,0,0
1.9683,,0.418285,0.418285,0.418091,-0.017401,-0.013693,-0.013693,-82.159716,1,1,0,1,26.632394,-82,0,0,0
1.9962,,0.417700,0.417700,0.417655,-0.015724,-0.015750,-0.015750,-94.499512,1,1,0,1,38.200502,-94,0,0,0
2.0307,,0.417235,0.417235,0.417269,-0.016524,-0.017771,-0.017771,-106.628502,1,1,0,1,27.841070,-107,0,0,0
2.0702,,0.416656,0.416656,0.416579,-0.016700,-0.014598,-0.014598,-87.586932,1,1,0,1,34.557015,-88,0,0,0
2.1019,,0.415968,0.415968,0.415939,-0.017269,-0.017005,-0.017005,-102.030950,1,1,0,1,39.526194,-102,0,0,0
2.1360,,0.415514,0.415514,0.415534,-0.014924,-0.015638,-0.015638,-93.829959,1,1,0,1,31.684569,-94,0,0,0
2.1722,,0.414840,0.414840,0.414887,-0.018811,-0.019816,-0.019816,-118.893157,1,1,0,1,34.049207,-119,0,0,0
2.2096,,0.414397,0.414397,0.414408,-0.013543,-0.013532,-0.013532,-81.191989,1,1,0,1,36.248966,-81,0,0,0
2.2446,,0.413742,0.413742,0.413584,-0.016711,-0.012860,-0.012860,-77.157998,1,1,0,1,37.412040,-77,0,0,0
2.2824,,0.413206,0.413206,0.413203,-0.015610,-0.016525,-0.016525,-99.150457,1,1,0,1,34.932345,-99,0,0,0
2.3155,,0.412785,0.412785,0.412726,-0.012032,-0.010649,-0.010649,-63.891163,1,1,0,1,37.831282,-64,0,0,0
2.3500,,0.412166,0.412166,0.412134,-0.017361,-0.016973,-0.016973,-101.837713,1,1,0,1,33.123930,-102,0,0,0
2.3781,,0.411762,0.411762,0.411831,-0.012839,-0.014715,-0.014715,-88.291883,1,1,0,1,34.473969,-88,0,0,0
2.3999,,0.411465,0.411465,0.411363,-0.011040,-0.007875,-0.007875,-47.249894,1,1,0,1,28.108032,-47,0,0,0
2.4333,,0.411171,0.411171,0.411045,-0.012973,-0.010450,-0.010450,-62.698179,1,1,0,1,21.786004,-63,0,0,0
2.4582,,0.410883,0.410883,0.410735,-0.009496,-0.006691,-0.006691,-40.148013,1,1,0,1,33.439720,-40,0,0,0
2.4934,,0.410506,0.410506,0.410482,-0.014044,-0.014705,-0.014705,-88.229790,1,1,0,1,24.842173,-88,0,0,0
2.5157,,0.410138,0.410138,0.410229,-0.011160,-0.013531,-0.013531,-81.188952,1,1,0,1,35.274970,-81,0,0,0
2.5455,,0.409779,0.409779,0.409817,-0.015137,-0.015297,-0.015297,-91.783628,1,1,0,1,22.257453,-92,0,0,0
2.5815,,0.409343,0.409343,0.409399,-0.014707,-0.015846,-0.015846,-95.075525,1,1,0,1,29.824356,-95,0,0,0
2.6202,,0.409006,0.409006,0.408811,-0.010438,-0.005399,-0.005399,-32.393057,1,1,0,1,35.990268,-32,0,0,0
2.6436,,0.408679,0.408679,0.408335,-0.008858,-0.001829,-0.001829,-10.973810,1,1,0,1,38.659560,-11,0,0,0
2.6754,,0.408362,0.408362,0.408171,-0.012594,-0.010586,-0.010586,-63.515088,1,1,0,1,23.419104,-64,0,0,0
2.7023,,0.408056,0.408056,0.408123,-0.010232,-0.013226,-0.013226,-79.356516,1,1,0,1,31.760770,-79,0,0,0
2.7320,,0.407688,0.407688,0.407763,-0.012954,-0.014362,-0.014362,-86.174738,1,1,0,1,26.961871,-86,0,0,0
2.7543,,0.407478,0.407478,0.407431,-0.008246,-0.006495,-0.006495,-38.971723,1,1,0,1,29.675542,-39,0,0,0
2.7828,,0.407303,0.407303,0.407116,-0.007948,-0.003211,-0.003211,-19.265006,1,1,0,1,22.296783,-19,0,0,0
2.8048,,0.407272,0.407272,0.406930,-0.002456,0.004887,0.004887,29.324309,1,1,0,1,28.491027,29,0,0,0
2.8250,,0.407396,0.407396,0.406867,0.004017,0.015418,0.015418,92.507461,1,1,0,1,22.017911,93,0,0,0
2.8471,,0.407558,0.407558,0.406920,0.007243,0.019923,0.019923,119.540961,1,1,0,1,20.162469,120,0,0,0
2.8700,,0.407994,0.407994,0.407188,0.017205,0.033376,0.033376,200.255638,1,1,0,1,22.147102,200,0,0,0
2.8954,,0.408391,0.408391,0.407647,0.017298,0.030107,0.030107,180.644674,1,1,0,1,22.909347,181,0,0,0
2.9282,,0.408914,0.408914,0.408381,0.019954,0.027719,0.027719,166.312981,1,1,0,1,25.342800,166,0,0,0
2.9656,,0.409578,0.409578,0.409403,0.020174,0.020915,0.020915,125.491420,1,1,0,1,32.819875,125,0,0,0
2.9903,,0.410333,0.410333,0.410340,0.020195,0.018993,0.018993,113.959138,1,1,0,1,37.387599,114,0,0,0
3.0187,,0.410685,0.410685,0.410919,0.015454,0.009223,0.009223,55.340538,1,1,0,1,24.678029,55,0,0,0
3.0448,,0.411139,0.411139,0.411372,0.015851,0.011669,0.011669,70.015622,1,1,0,1,28.477539,70,0,0,0
3.0668,,0.411526,0.411526,0.411673,0.015051,0.013140,0.013140,78.840682,1,1,0,1,26.053740,79,0,0,0
3.0968,,0.411814,0.411814,0.411916,0.013456,0.012061,0.012061,72.367394,1,1,0,1,22.026924,72,0,0,0
3.1243,,0.412057,0.412057,0.412324,0.009177,0.003140,0.003140,18.839609,1,1,0,1,29.956637,19,0,0,0
3.1460,,0.412427,0.412427,0.412612,0.012598,0.009916,0.009916,59.495097,1,1,0,1,27.493702,59,0,0,0
3.1731,,0.412578,0.412578,0.412675,0.008080,0.007244,0.007244,43.466918,1,1,0,1,21.816946,43,0,0,0
3.1988,,0.412758,0.412758,0.412916,0.006928,0.003575,0.003575,21.452608,1,1,0,1,27.039786,21,0,0,0
3.2246,,0.412889,0.412889,0.413086,0.005477,0.001614,0.001614,9.682906,1,1,0,1,25.680204,10,0,0,0
3.2509,,0.413000,0.413000,0.413165,0.004538,0.001850,0.001850,11.102766,1,1,0,1,25.831030,11,0,0,0
3.2728,,0.413099,0.413099,0.413207,0.003907,0.002439,0.002439,14.633308,1,1,0,1,26.305283,15,0,0,0
3.2990,,0.413165,0.413165,0.413263,0.003190,0.001524,0.001524,9.143569,1,1,0,1,21.852190,9,0,0,0
3.3294,,0.413269,0.413269,0.413317,0.003831,0.003397,0.003397,20.383152,1,1,0,1,26.187300,20,0,0,0
3.3556,,0.413346,0.413346,0.413357,0.002792,0.002868,0.002868,17.205681,1,1,0,1,30.411388,17,0,0,0
3.3856,,0.413431,0.413431,0.413451,0.003157,0.002718,0.002718,16.306477,1,1,0,1,26.191618,16,0,0,0
3.4109,,0.413527,0.413527,0.413536,0.003188,0.003124,0.003124,18.745653,1,1,0,1,30.033423,19,0,0,0
3.4347,,0.413621,0.413621,0.413611,0.003585,0.003904,0.003904,23.425357,1,1,0,1,25.319941,23,0,0,0
3.4623,,0.413723,0.413723,0.413695,0.004161,0.004828,0.004828,28.966848,1,1,0,1,23.797079,29,0,0,0
3.4866,,0.413847,0.413847,0.413802,0.004430,0.005389,0.005389,32.331586,1,1,0,1,27.615956,32,0,0,0
3.4943,,0.413961,0.413961,0.413919,0.004630,0.005342,0.005342,32.053886,1,1,0,1,24.229313,32,0,0,0
3.5397,,0.414062,0.414062,0.414055,0.004084,0.003906,0.003906,23.433178,1,1,0,1,25.634240,23,0,0,0
3.5628,,0.414289,0.414289,0.414203,0.007425,0.009611,0.009611,57.668961,1,1,0,1,27.523385,58,0,0,0
3.5851,,0.414447,0.414447,0.414285,0.006974,0.010618,0.010618,63.708413,1,1,0,1,23.058665,64,0,0,0
3.6078,,0.414603,0.414603,0.414494,0.006996,0.008436,0.008436,50.613138,1,1,0,1,22.287048,51,0,0,0
3.6380,,0.414795,0.414795,0.414723,0.008141,0.009070,0.009070,54.417624,1,1,0,1,22.698710,54,0,0,0
3.6632,,0.414995,0.414995,0.414998,0.006924,0.006313,0.006313,37.875496,1,1,0,1,30.205724,38,0,0,0
3.6867,,0.415296,0.415296,0.415208,0.010959,0.013336,0.013336,80.018015,1,1,0,1,25.169933,80,0,0,0
3.7143,,0.415539,0.415539,0.415382,0.010476,0.013963,0.013963,83.777522,1,1,0,1,23.509523,84,0,0,0
3.7352,,0.415757,0.415757,0.415722,0.008406,0.008076,0.008076,48.454049,1,1,0,1,27.630177,48,0,0,0
3.7617,,0.415963,0.415963,0.416017,0.009574,0.007657,0.007657,45.942200,1,1,0,1,20.889571,46,0,0,0
3.7819,,0.416260,0.416260,0.416246,0.010851,0.011668,0.011668,70.010738,1,1,0,1,26.560700,70,0,0,0
3.8087,,0.416603,0.416603,0.416401,0.015773,0.021476,0.021476,128.858179,1,1,0,1,20.188480,129,0,0,0
3.8305,,0.416880,0.416880,0.416734,0.011409,0.013556,0.013556,81.334987,1,1,0,1,26.792998,81,0,0,0
3.8540,,0.417231,0.417231,0.417157,0.015225,0.015836,0.015836,95.016541,1,1,0,1,21.731165,95,0,0,0
3.8758,,0.417483,0.417483,0.417525,0.011622,0.009791,0.009791,58.746930,1,1,0,1,23.500717,59,0,0,0
3.9070,,0.417926,0.417926,0.417930,0.018499,0.018804,0.018804,112.822337,1,1,0,1,21.878363,113,0,0,0
3.9296,,0.418195,0.418195,0.418210,0.010607,0.010252,0.010252,61.513263,1,1,0,1,31.138872,62,0,0,0
3.9554,,0.418507,0.418507,0.418631,0.013159,0.009849,0.009849,59.095892,1,1,0,1,22.617108,59,0,0,0
3.9865,,0.418900,0.418900,0.418910,0.014859,0.015672,0.015672,94.031644,1,1,0,1,25.773042,94,0,0,0
4.0079,,0.419491,0.419491,0.419245,0.018160,0.024384,0.024384,146.302210,1,1,0,1,31.088429,146,0,0,0
4.0318,,0.419843,0.419843,0.419620,0.016795,0.020574,0.020574,123.444550,1,1,0,1,21.427495,123,0,0,0
4.0588,,0.420226,0.420226,0.420166,0.016188,0.015773,0.015773,94.636376,1,1,0,1,23.886522,95,0,0,0
4.0834,,0.420625,0.420625,0.420696,0.015054,0.012720,0.012720,76.321017,1,1,0,1,27.000640,76,0,0,0
4.1086,,0.421078,0.421078,0.421073,0.017754,0.018530,0.018530,111.182895,1,1,0,1,24.590399,111,0,0,0
4.1319,,0.421502,0.421502,0.421404,0.016977,0.019539,0.019539,117.231702,1,1,0,1,25.219850,117,0,0,0
4.1564,,0.421867,0.421867,0.421834,0.015920,0.015892,0.015892,95.352501,1,1,0,1,23.317537,95,0,0,0
4.1820,,0.422323,0.422323,0.422326,0.018063,0.017687,0.017687,106.120952,1,1,0,1,24.553182,106,0,0,0
4.2091,,0.422775,0.422775,0.422705,0.017752,0.019652,0.019652,117.910389,1,1,0,1,25.574949,118,0,0,0
4.2340,,0.423140,0.423140,0.423195,0.014299,0.012275,0.012275,73.648231,1,1,0,1,27.118771,74,0,0,0
4.2608,,0.423694,0.423694,0.423698,0.020708,0.021083,0.021083,126.500946,1,1,0,1,24.849155,127,0,0,0
4.2921,,0.424177,0.424177,0.424031,0.018520,0.022369,0.022369,134.211954,1,1,0,1,26.858697,134,0,0,0
4.3133,,0.424751,0.424751,0.424708,0.018406,0.018462,0.018462,110.770538,1,1,0,1,31.240775,111,0,0,0
4.3339,,0.425108,0.425108,0.425155,0.017159,0.015348,0.015348,92.089799,1,1,0,1,21.166195,92,0,0,0
4.3547,,0.425520,0.425520,0.425548,0.019414,0.019134,0.019134,114.806581,1,1,0,1,20.669960,115,0,0,0
4.3809,,0.425911,0.425911,0.425872,0.018901,0.020315,0.020315,121.889747,1,1,0,1,20.797511,122,0,0,0
4.4101,,0.426411,0.426411,0.426376,0.019070,0.019650,0.019650,117.897089,1,1,0,1,26.162061,118,0,0,0
4.4370,,0.426876,0.426876,0.426981,0.016563,0.013615,0.013615,81.687609,1,1,0,1,29.184462,82,0,0,0
4.4632,,0.427479,0.427479,0.427476,0.021249,0.022203,0.022203,133.217978,1,1,0,1,26.909921,133,0,0,0
4.4880,,0.427992,0.427992,0.427856,0.019858,0.023412,0.023412,140.473591,1,1,0,1,26.269709,140,0,0,0
4.5162,,0.428495,0.428495,0.428387,0.020227,0.021904,0.021904,131.424847,1,1,0,1,24.747592,131,0,0,0
4.5351,,0.428864,0.428864,0.429053,0.014534,0.008821,0.008821,52.924562,1,1,0,1,28.199759,53,0,0,0
4.5640,,0.429460,0.429460,0.429544,0.023169,0.022634,0.022634,135.803178,1,1,0,1,23.513865,136,0,0,0
4.5890,,0.429962,0.429962,0.429815,0.021142,0.025876,0.025876,155.253069,1,1,0,1,24.320584,155,0,0,0
4.6169,,0.430479,0.430479,0.430321,0.020786,0.023742,0.023742,142.449812,1,1,0,1,24.987720,142,0,0,0
4.6440,,0.431019,0.431019,0.431036,0.019659,0.017948,0.017948,107.685520,1,1,0,1,27.852887,108,0,0,0
4.6700,,0.431655,0.431655,0.431729,0.022710,0.020927,0.020927,125.560177,1,1,0,1,27.102864,126,0,0,0
4.6945,,0.431916,0.431916,0.432105,0.012572,0.008200,0.008200,49.199896,1,1,0,1,26.010310,49,0,0,0
4.7193,,0.432442,0.432442,0.432599,0.019651,0.017096,0.017096,102.576952,1,1,0,1,24.542494,103,0,0,0
4.7451,,0.433051,0.433051,0.432864,0.023617,0.030045,0.030045,180.268616,1,1,0,1,24.751585,180,0,0,0
4.7714,,0.433557,0.433557,0.433296,0.020379,0.025692,0.025692,154.149003,1,1,0,1,25.850936,154,0,0,0
4.7983,,0.434072,0.434072,0.434051,0.019784,0.018159,0.018159,108.954814,1,1,0,1,26.260456,109,0,0,0
4.8220,,0.434601,0.434601,0.434706,0.019709,0.016802,0.016802,100.812912,1,1,0,1,26.867610,101,0,0,0
4.8473,,0.435076,0.435076,0.435123,0.019976,0.019664,0.019664,117.986061,1,1,0,1,23.688245,118,0,0,0
4.8722,,0.435436,0.435436,0.435568,0.015350,0.012229,0.012229,73.376965,1,1,0,1,25.326372,73,0,0,0
4.9002,,0.436049,0.436049,0.436049,0.022729,0.023881,0.023881,143.284835,1,1,0,1,24.963476,143,0,0,0
4.9302,,0.436680,0.436680,0.436448,0.022605,0.028598,0.028598,171.588512,1,1,0,1,27.938533,172,0,0,0
4.9537,,0.437160,0.437160,0.437023,0.017328,0.019111,0.019111,114.664353,1,1,0,1,30.031401,115,0,0,0
5.0742,,0.437831,0.437831,0.439154,0.019040,0.000000,0.000000,0.000000,0,1,0,0,117.154668,0,0,0,0
5.0943,,0.437831,0.437831,0.439154,0.019040,0.000000,0.000000,0.000000,0,1,0,1,20.083628,0,0,0,0
5.1141,,0.437831,0.437831,0.439154,0.019040,0.000000,0.000000,0.000000,0,1,0,1,20.153964,0,0,0,0
5.1342,,0.437831,0.437831,0.439154,0.019040,0.000000,0.000000,0.000000,0,1,0,1,20.081799,0,0,0,0
5.1542,,0.437831,0.437831,0.439154,0.019040,0.000000,0.000000,0.000000,0,1,0,1,20.069891,0,0,0,0
5.1744,,0.437831,0.437831,0.439154,0.019040,0.000000,0.000000,0.000000,0,1,0,1,20.081487,0,0,0,0
5.1942,,0.437831,0.437831,0.439154,0.019040,0.000000,0.000000,0.000000,0,1,0,1,20.081008,0,0,0,0
5.2142,,0.437831,0.437831,0.439154,0.019040,0.000000,0.000000,0.000000,0,1,0,1,20.074093,0,0,0,0
5.2352,,0.437831,0.437831,0.439154,0.019040,0.000000,0.000000,0.000000,0,1,0,1,20.071807,0,0,0,0
5.2552,,0.437831,0.437831,0.439154,0.019040,0.000000,0.000000,0.000000,0,1,0,1,20.119184,0,0,0,0
5.2752,,0.437831,0.437831,0.439154,0.019040,0.000000,0.000000,0.000000,0,1,0,1,20.068673,0,0,0,0
5.2952,,0.437831,0.437831,0.439154,0.019040,0.000000,0.000000,0.000000,0,1,0,1,20.071568,0,0,0,0
5.3152,,0.437831,0.437831,0.439154,0.019040,0.000000,0.000000,0.000000,0,1,0,1,20.074220,0,0,0,0
5.3352,,0.437831,0.437831,0.439154,0.019040,0.000000,0.000000,0.000000,0,1,0,1,20.068610,0,0,0,0
5.3553,,0.437831,0.437831,0.439154,0.019040,0.000000,0.000000,0.000000,0,1,0,1,20.380289,0,0,0,0
5.3754,,0.437831,0.437831,0.439154,0.019040,0.000000,0.000000,0.000000,0,1,0,1,20.107221,0,0,0,0
5.3953,,0.437831,0.437831,0.439154,0.019040,0.000000,0.000000,0.000000,0,1,0,1,20.073064,0,0,0,0
5.4163,,0.437831,0.437831,0.439154,0.019040,0.000000,0.000000,0.000000,0,1,0,1,20.180015,0,0,0,0
5.4363,,0.437831,0.437831,0.439154,0.019040,0.000000,0.000000,0.000000,0,1,0,1,20.157804,0,0,0,0
5.4563,,0.437831,0.437831,0.439154,0.019040,0.000000,0.000000,0.000000,0,1,0,1,20.272519,0,0,0,0
5.4763,,0.437831,0.437831,0.439154,0.019040,0.000000,0.000000,0.000000,0,1,0,1,20.084360,0,0,0,0
5.4962,,0.437831,0.437831,0.439154,0.019040,0.000000,0.000000,0.000000,0,1,0,1,20.072518,0,0,0,0
5.5162,,0.437831,0.437831,0.439154,0.019040,0.000000,0.000000,0.000000,0,1,0,1,20.136242,0,0,0,0
5.5372,,0.437831,0.437831,0.439154,0.019040,0.000000,0.000000,0.000000,0,1,0,1,20.198088,0,0,0,0
5.5575,,0.437831,0.437831,0.439154,0.019040,0.000000,0.000000,0.000000,0,1,0,1,20.265824,0,0,0,0
5.5774,,0.437831,0.437831,0.439154,0.019040,0.000000,0.000000,0.000000,0,1,0,1,20.274502,0,0,0,0
5.5971,,0.437831,0.437831,0.439154,0.019040,0.000000,0.000000,0.000000,0,1,0,1,20.174584,0,0,0,0
5.6171,,0.437831,0.437831,0.439154,0.019040,0.000000,0.000000,0.000000,0,1,0,1,20.088316,0,0,0,0
5.6382,,0.437831,0.437831,0.439154,0.019040,0.000000,0.000000,0.000000,0,1,0,1,20.114048,0,0,0,0
5.6583,,0.437831,0.437831,0.439154,0.019040,0.000000,0.000000,0.000000,0,1,0,1,20.080097,0,0,0,0
5.6782,,0.437831,0.437831,0.439153,0.019040,0.000000,0.000000,0.000000,0,1,0,1,20.173917,0,0,0,0
5.6983,,0.437831,0.437831,0.439154,0.019040,0.000000,0.000000,0.000000,0,1,0,1,20.308066,0,0,0,0
5.7182,,0.437831,0.437831,0.439154,0.019040,0.000000,0.000000,0.000000,0,1,0,1,20.090760,0,0,0,0
5.7383,,0.437831,0.437831,0.439154,0.019040,0.000000,0.000000,0.000000,0,1,0,1,20.066720,0,0,0,0
5.7582,,0.437831,0.437831,0.439153,0.019040,0.000000,0.000000,0.000000,0,1,0,1,20.251125,0,0,0,0
5.7791,,0.437831,0.437831,0.439154,0.019040,0.000000,0.000000,0.000000,0,1,0,1,20.130782,0,0,0,0
5.7992,,0.437831,0.437831,0.439153,0.019040,0.000000,0.000000,0.000000,0,1,0,1,20.178434,0,0,0,0
5.8193,,0.437831,0.437831,0.439154,0.019040,0.000000,0.000000,0.000000,0,1,0,1,20.210643,0,0,0,0
5.8391,,0.437831,0.437831,0.439154,0.019040,0.000000,0.000000,0.000000,0,1,0,1,20.352897,0,0,0,0
5.8592,,0.437831,0.437831,0.439153,0.019040,0.000000,0.000000,0.000000,0,1,0,1,20.089147,0,0,0,0
5.8802,,0.437831,0.437831,0.439153,0.019040,0.000000,0.000000,0.000000,0,1,0,1,20.218084,0,0,0,0
5.9003,,0.437831,0.437831,0.439154,0.019040,0.000000,0.000000,0.000000,0,1,0,1,20.113139,0,0,0,0
5.9203,,0.437831,0.437831,0.439153,0.019040,0.000000,0.000000,0.000000,0,1,0,1,20.190522,0,0,0,0
5.9413,,0.437831,0.437831,0.439154,0.019040,0.000000,0.000000,0.000000,0,1,0,1,20.572880,0,0,0,0
5.9613,,0.437831,0.437831,0.439154,0.019040,0.000000,0.000000,0.000000,0,1,0,1,20.191205,0,0,0,0
5.9812,,0.437831,0.437831,0.439154,0.019040,0.000000,0.000000,0.000000,0,1,0,1,20.191374,0,0,0,0
6.0012,,0.437831,0.437831,0.439154,0.019040,0.000000,0.000000,0.000000,0,1,0,1,20.089115,0,0,0,0
6.0212,,0.437831,0.437831,0.439153,0.019040,0.000000,0.000000,0.000000,0,1,0,1,20.092535,0,0,0,0
6.0412,,0.437831,0.437831,0.439153,0.019040,0.000000,0.000000,0.000000,0,1,0,1,20.196093,0,0,0,0
6.0624,,0.437831,0.437831,0.439154,0.019040,0.000000,0.000000,0.000000,0,1,0,1,20.284574,0,0,0,0
6.0823,,0.437831,0.437831,0.439154,0.019040,0.000000,0.000000,0.000000,0,1,0,1,20.105007,0,0,0,0
6.1022,,0.437831,0.437831,0.439154,0.019040,0.000000,0.000000,0.000000,0,1,0,1,20.072287,0,0,0,0
6.1222,,0.437831,0.437831,0.439153,0.019040,0.000000,0.000000,0.000000,0,1,0,1,20.079369,0,0,0,0
6.1423,,0.437831,0.437831,0.439153,0.019040,0.000000,0.000000,0.000000,0,1,0,1,20.067042,0,0,0,0
6.1622,,0.437831,0.437831,0.439154,0.019040,0.000000,0.000000,0.000000,0,1,0,1,20.157978,0,0,0,0
6.1822,,0.437831,0.437831,0.439154,0.019040,0.000000,0.000000,0.000000,0,1,0,1,20.067800,0,0,0,0
6.2023,,0.437831,0.437831,0.439154,0.019040,0.000000,0.000000,0.000000,0,1,0,1,20.067270,0,0,0,0
6.2222,,0.437831,0.437831,0.439154,0.019040,0.000000,0.000000,0.000000,0,1,0,1,20.064710,0,0,0,0
6.2424,,0.437831,0.437831,0.439153,0.019040,0.000000,0.000000,0.000000,0,1,0,1,20.087361,0,0,0,0
6.2633,,0.437831,0.437831,0.439154,0.019040,0.000000,0.000000,0.000000,0,1,0,1,20.182998,0,0,0,0
6.2832,,0.437831,0.437831,0.439154,0.019040,0.000000,0.000000,0.000000,0,1,0,1,20.197466,0,0,0,0
6.3031,,0.437831,0.437831,0.439154,0.019040,0.000000,0.000000,0.000000,0,1,0,1,20.297161,0,0,0,0
6.3232,,0.437831,0.437831,0.439154,0.019040,0.000000,0.000000,0.000000,0,1,0,1,20.242554,0,0,0,0
6.3431,,0.437831,0.437831,0.439153,0.019040,0.000000,0.000000,0.000000,0,1,0,1,20.212248,0,0,0,0
6.3641,,0.437831,0.437831,0.439154,0.019040,0.000000,0.000000,0.000000,0,1,0,1,20.259329,0,0,0,0
6.3842,,0.437831,0.437831,0.439154,0.019040,0.000000,0.000000,0.000000,0,1,0,1,20.202066,0,0,0,0
6.4042,,0.437831,0.437831,0.439154,0.019040,0.000000,0.000000,0.000000,0,1,0,1,20.158213,0,0,0,0
6.4242,,0.437831,0.437831,0.439154,0.019040,0.000000,0.000000,0.000000,0,1,0,1,20.239258,0,0,0,0
6.4441,,0.437831,0.437831,0.439153,0.019040,0.000000,0.000000,0.000000,0,1,0,1,20.081981,0,0,0,0
6.4652,,0.437831,0.437831,0.439154,0.019040,0.000000,0.000000,0.000000,0,1,0,1,20.081173,0,0,0,0
6.4852,,0.437831,0.437831,0.439154,0.019040,0.000000,0.000000,0.000000,0,1,0,1,20.083062,0,0,0,0
6.5052,,0.437831,0.437831,0.439154,0.019040,0.000000,0.000000,0.000000,0,1,0,1,20.119977,0,0,0,0
6.5253,,0.437831,0.437831,0.439154,0.019040,0.000000,0.000000,0.000000,0,1,0,1,20.185677,0,0,0,0
6.5452,,0.437831,0.437831,0.439154,0.019040,0.000000,0.000000,0.000000,0,1,0,1,20.327773,0,0,0,0
6.5661,,0.437831,0.437831,0.439154,0.019040,0.000000,0.000000,0.000000,0,1,0,1,20.441551,0,0,0,0
6.5862,,0.437831,0.437831,0.439153,0.019040,0.000000,0.000000,0.000000,0,1,0,1,20.218546,0,0,0,0
6.6063,,0.437831,0.437831,0.439154,0.019040,0.000000,0.000000,0.000000,0,1,0,1,20.223394,0,0,0,0
6.6264,,0.437831,0.437831,0.439154,0.019040,0.000000,0.000000,0.000000,0,1,0,1,20.199489,0,0,0,0
6.6463,,0.437831,0.437831,0.439153,0.019040,0.000000,0.000000,0.000000,0,1,0,1,20.104528,0,0,0,0
6.6672,,0.437831,0.437831,0.439153,0.019040,0.000000,0.000000,0.000000,0,1,0,1,20.182811,0,0,0,0
6.6872,,0.437831,0.437831,0.439154,0.019040,0.000000,0.000000,0.000000,0,1,0,1,20.207204,0,0,0,0
6.7073,,0.437831,0.437831,0.439154,0.019040,0.000000,0.000000,0.000000,0,1,0,1,20.258328,0,0,0,0
6.7274,,0.437831,0.437831,0.439154,0.019040,0.000000,0.000000,0.000000,0,1,0,1,20.217443,0,0,0,0
6.7482,,0.437831,0.437831,0.439153,0.019040,0.000000,0.000000,0.000000,0,1,0,1,20.222026,0,0,0,0
6.7682,,0.437831,0.437831,0.439153,0.019040,0.000000,0.000000,0.000000,0,1,0,1,20.101078,0,0,0,0
6.7882,,0.437831,0.437831,0.439154,0.019040,0.000000,0.000000,0.000000,0,1,0,1,20.198183,0,0,0,0
6.8082,,0.437831,0.437831,0.439153,0.019040,0.000000,0.000000,0.000000,0,1,0,1,20.204890,0,0,0,0
6.8283,,0.437831,0.437831,0.439153,0.019040,0.000000,0.000000,0.000000,0,1,0,1,20.142318,0,0,0,0
6.8481,,0.437831,0.437831,0.439153,0.019040,0.000000,0.000000,0.000000,0,1,0,1,20.194851,0,0,0,0
6.8692,,0.437831,0.437831,0.439153,0.019040,0.000000,0.000000,0.000000,0,1,0,1,20.186672,0,0,0,0
6.8893,,0.437831,0.437831,0.439153,0.019040,0.000000,0.000000,0.000000,0,1,0,1,20.247571,0,0,0,0
6.9092,,0.437831,0.437831,0.439154,0.019040,0.000000,0.000000,0.000000,0,1,0,1,20.231631,0,0,0,0
6.9292,,0.437831,0.437831,0.439154,0.019040,0.000000,0.000000,0.000000,0,1,0,1,20.074861,0,0,0,0
6.9492,,0.437831,0.437831,0.439153,0.019040,0.000000,0.000000,0.000000,0,1,0,1,20.087776,0,0,0,0
6.9702,,0.437831,0.437831,0.439153,0.019040,0.000000,0.000000,0.000000,0,1,0,1,20.469993,0,0,0,0
6.9903,,0.437831,0.437831,0.439153,0.019040,0.000000,0.000000,0.000000,0,1,0,1,20.258573,0,0,0,0
7.0102,,0.437831,0.437831,0.439153,0.019040,0.000000,0.000000,0.000000,0,1,0,1,20.286849,0,0,0,0
7.0302,,0.437831,0.437831,0.439153,0.019040,0.000000,0.000000,0.000000,0,1,0,1,20.164707,0,0,0,0
7.0513,,0.437831,0.437831,0.439153,0.019040,0.000000,0.000000,0.000000,0,1,0,1,20.211370,0,0,0,0
7.0712,,0.437831,0.437831,0.439153,0.019040,0.000000,0.000000,0.000000,0,1,0,1,20.102849,0,0,0,0
7.0912,,0.437831,0.437831,0.439153,0.019040,0.000000,0.000000,0.000000,0,1,0,1,20.238768,0,0,0,0
7.1112,,0.437831,0.437831,0.439154,0.019040,0.000000,0.000000,0.000000,0,1,0,1,20.224202,0,0,0,0
7.1313,,0.437831,0.437831,0.439153,0.019040,0.000000,0.000000,0.000000,0,1,0,1,20.243874,0,0,0,0
7.1522,,0.437831,0.437831,0.439153,0.019040,0.000000,0.000000,0.000000,0,1,0,1,20.177845,0,0,0,0
7.1724,,0.437831,0.437831,0.439153,0.019040,0.000000,0.000000,0.000000,0,1,0,1,20.197920,0,0,0,0
7.1923,,0.437831,0.437831,0.439153,0.019040,0.000000,0.000000,0.000000,0,1,0,1,20.184419,0,0,0,0
7.2124,,0.437831,0.437831,0.439153,0.019040,0.000000,0.000000,0.000000,0,1,0,1,20.335619,0,0,0,0
7.2323,,0.437831,0.437831,0.439153,0.019040,0.000000,0.000000,0.000000,0,1,0,1,20.091379,0,0,0,0
7.2534,,0.437831,0.437831,0.439153,0.019040,0.000000,0.000000,0.000000,0,1,0,1,20.171278,0,0,0,0
7.2732,,0.437831,0.437831,0.439153,0.019040,0.000000,0.000000,0.000000,0,1,0,1,20.186347,0,0,0,0
7.2932,,0.437831,0.437831,0.439153,0.019040,0.000000,0.000000,0.000000,0,1,0,1,20.105379,0,0,0,0
7.3131,,0.437831,0.437831,0.439153,0.019040,0.000000,0.000000,0.000000,0,1,0,1,20.098184,0,0,0,0
7.3332,,0.437831,0.437831,0.439153,0.019040,0.000000,0.000000,0.000000,0,1,0,1,20.305781,0,0,0,0
7.3532,,0.437831,0.437831,0.439153,0.019040,0.000000,0.000000,0.000000,0,1,0,1,20.067937,0,0,0,0
7.3740,,0.437831,0.437831,0.439153,0.019040,0.000000,0.000000,0.000000,0,1,0,1,20.226335,0,0,0,0
7.3940,,0.437831,0.437831,0.439154,0.019040,0.000000,0.000000,0.000000,0,1,0,1,20.101887,0,0,0,0
7.4141,,0.437831,0.437831,0.439153,0.019040,0.000000,0.000000,0.000000,0,1,0,1,20.077094,0,0,0,0
7.4342,,0.437831,0.437831,0.439153,0.019040,0.000000,0.000000,0.000000,0,1,0,1,20.076657,0,0,0,0
7.4543,,0.437831,0.437831,0.439153,0.019040,0.000000,0.000000,0.000000,0,1,0,1,20.171579,0,0,0,0
7.4742,,0.437831,0.437831,0.439153,0.019040,0.000000,0.000000,0.000000,0,1,0,1,20.017177,0,0,0,0
7.4943,,0.437831,0.437831,0.439153,0.019040,0.000000,0.000000,0.000000,0,1,0,1,20.110866,0,0,0,0
7.5142,,0.437831,0.437831,0.439153,0.019040,0.000000,0.000000,0.000000,0,1,0,1,20.078820,0,0,0,0
7.5340,,0.437831,0.437831,0.439154,0.019040,0.000000,0.000000,0.000000,0,1,0,1,20.259317,0,0,0,0
7.5552,,0.437831,0.437831,0.439153,0.019040,0.000000,0.000000,0.000000,0,1,0,1,20.169418,0,0,0,0
7.5752,,0.437831,0.437831,0.439153,0.019040,0.000000,0.000000,0.000000,0,1,0,1,20.121121,0,0,0,0
7.5953,,0.437831,0.437831,0.439153,0.019040,0.000000,0.000000,0.000000,0,1,0,1,20.158043,0,0,0,0
7.6152,,0.437831,0.437831,0.439153,0.019040,0.000000,0.000000,0.000000,0,1,0,1,20.229584,0,0,0,0
7.6354,,0.437831,0.437831,0.439153,0.019040,0.000000,0.000000,0.000000,0,1,0,1,20.164591,0,0,0,0
7.6553,,0.437831,0.437831,0.439154,0.019040,0.000000,0.000000,0.000000,0,1,0,1,20.077856,0,0,0,0
7.6752,,0.437831,0.437831,0.439153,0.019040,0.000000,0.000000,0.000000,0,1,0,1,20.106215,0,0,0,0
7.6962,,0.437831,0.437831,0.439153,0.019040,0.000000,0.000000,0.000000,0,1,0,1,20.074293,0,0,0,0
7.7163,,0.437831,0.437831,0.439153,0.019040,0.000000,0.000000,0.000000,0,1,0,1,20.066976,0,0,0,0
7.7362,,0.437831,0.437831,0.439153,0.019040,0.000000,0.000000,0.000000,0,1,0,1,20.166255,0,0,0,0
7.7562,,0.437831,0.437831,0.439153,0.019040,0.000000,0.000000,0.000000,0,1,0,1,20.273471,0,0,0,0
7.7762,,0.437831,0.437831,0.439153,0.019040,0.000000,0.000000,0.000000,0,1,0,1,20.223944,0,0,0,0
7.7961,,0.437831,0.437831,0.439153,0.019040,0.000000,0.000000,0.000000,0,1,0,1,20.212626,0,0,0,0
7.8172,,0.437831,0.437831,0.439153,0.019040,0.000000,0.000000,0.000000,0,1,0,1,20.195658,0,0,0,0
7.8372,,0.437831,0.437831,0.439153,0.019040,0.000000,0.000000,0.000000,0,1,0,1,20.216223,0,0,0,0
7.8571,,0.437831,0.437831,0.439153,0.019040,0.000000,0.000000,0.000000,0,1,0,1,20.107816,0,0,0,0
7.8773,,0.437831,0.437831,0.439153,0.019040,0.000000,0.000000,0.000000,0,1,0,1,20.281170,0,0,0,0
7.8972,,0.437831,0.437831,0.439154,0.019040,0.000000,0.000000,0.000000,0,1,0,1,20.148043,0,0,0,0
7.9183,,0.437831,0.437831,0.439153,0.019040,0.000000,0.000000,0.000000,0,1,0,1,20.216847,0,0,0,0
7.9383,,0.437831,0.437831,0.439153,0.019040,0.000000,0.000000,0.000000,0,1,0,1,20.174590,0,0,0,0
7.9583,,0.437831,0.437831,0.439154,0.019040,0.000000,0.000000,0.000000,0,1,0,1,20.224022,0,0,0,0
7.9782,,0.437831,0.437831,0.439153,0.019040,0.000000,0.000000,0.000000,0,1,0,1,20.110414,0,0,0,0
7.9982,,0.437831,0.437831,0.439153,0.019040,0.000000,0.000000,0.000000,0,1,0,1,20.206852,0,0,0,0
8.0194,,0.437831,0.437831,0.439153,0.019040,0.000000,0.000000,0.000000,0,1,0,1,20.216177,0,0,0,0
8.0392,,0.437831,0.437831,0.439153,0.019040,0.000000,0.000000,0.000000,0,1,0,1,20.274966,0,0,0,0
8.0593,,0.437831,0.437831,0.439153,0.019040,0.000000,0.000000,0.000000,0,1,0,1,20.098961,0,0,0,0
8.0792,,0.437831,0.437831,0.439153,0.019040,0.000000,0.000000,0.000000,0,1,0,1,20.042084,0,0,0,0
8.0992,,0.437831,0.437831,0.439153,0.019040,0.000000,0.000000,0.000000,0,1,0,1,20.064740,0,0,0,0
8.1192,,0.437831,0.437831,0.439153,0.019040,0.000000,0.000000,0.000000,0,1,0,1,20.063762,0,0,0,0
8.1392,,0.437831,0.437831,0.439153,0.019040,0.000000,0.000000,0.000000,0,1,0,1,20.061008,0,0,0,0
8.1591,,0.437831,0.437831,0.439153,0.019040,0.000000,0.000000,0.000000,0,1,0,1,20.066484,0,0,0,0
8.1791,,0.437831,0.437831,0.439153,0.019040,0.000000,0.000000,0.000000,0,1,0,1,20.069274,0,0,0,0
8.1992,,0.437831,0.437831,0.439153,0.019040,0.000000,0.000000,0.000000,0,1,0,1,20.097781,0,0,0,0
8.2190,,0.437831,0.437831,0.439153,0.019040,0.000000,0.000000,0.000000,0,1,0,1,20.063140,0,0,0,0
8.2404,,0.437831,0.437831,0.439153,0.019040,0.000000,0.000000,0.000000,0,1,0,1,20.188518,0,0,0,0
8.2602,,0.437831,0.437831,0.439153,0.019040,0.000000,0.000000,0.000000,0,1,0,1,20.198980,0,0,0,0
8.2803,,0.437831,0.437831,0.439153,0.019040,0.000000,0.000000,0.000000,0,1,0,1,20.316193,0,0,0,0
8.3013,,0.437831,0.437831,0.439154,0.019040,0.000000,0.000000,0.000000,0,1,0,1,20.388321,0,0,0,0
8.3213,,0.437831,0.437831,0.439153,0.019040,0.000000,0.000000,0.000000,0,1,0,1,20.146198,0,0,0,0
8.3414,,0.437831,0.437831,0.439153,0.019040,0.000000,0.000000,0.000000,0,1,0,1,20.304757,0,0,0,0
8.3613,,0.437831,0.437831,0.439153,0.019040,0.000000,0.000000,0.000000,0,1,0,1,20.266056,0,0,0,0
8.3813,,0.437831,0.437831,0.439153,0.019040,0.000000,0.000000,0.000000,0,1,0,1,20.195353,0,0,0,0
8.4022,,0.437831,0.437831,0.439154,0.019040,0.000000,0.000000,0.000000,0,1,0,1,20.198333,0,0,0,0
8.4223,,0.437831,0.437831,0.439153,0.019040,0.000000,0.000000,0.000000,0,1,0,1,20.197604,0,0,0,0
8.4426,,0.437831,0.437831,0.439153,0.019040,0.000000,0.000000,0.000000,0,1,0,1,20.182153,0,0,0,0
8.4623,,0.437831,0.437831,0.439153,0.019040,0.000000,0.000000,0.000000,0,1,0,1,20.251045,0,0,0,0
8.4834,,0.437831,0.437831,0.439153,0.019040,0.000000,0.000000,0.000000,0,1,0,1,20.229307,0,0,0,0
8.5033,,0.437831,0.437831,0.439153,0.019040,0.000000,0.000000,0.000000,0,1,0,1,20.183323,0,0,0,0
8.5233,,0.437831,0.437831,0.439153,0.019040,0.000000,0.000000,0.000000,0,1,0,1,20.264373,0,0,0,0
8.5432,,0.437831,0.437831,0.439153,0.019040,0.000000,0.000000,0.000000,0,1,0,1,20.244029,0,0,0,0
8.5644,,0.437831,0.437831,0.439153,0.019040,0.000000,0.000000,0.000000,0,1,0,1,20.287394,0,0,0,0
8.5840,,0.437831,0.437831,0.439154,0.019040,0.000000,0.000000,0.000000,0,1,0,1,20.116955,0,0,0,0
8.6041,,0.437831,0.437831,0.439153,0.019040,0.000000,0.000000,0.000000,0,1,0,1,20.141112,0,0,0,0
8.6241,,0.437831,0.437831,0.439153,0.019040,0.000000,0.000000,0.000000,0,1,0,1,20.080404,0,0,0,0
8.6441,,0.437831,0.437831,0.439153,0.019040,0.000000,0.000000,0.000000,0,1,0,1,20.063506,0,0,0,0
8.6642,,0.437831,0.437831,0.439153,0.019040,0.000000,0.000000,0.000000,0,1,0,1,20.076978,0,0,0,0
8.6841,,0.437831,0.437831,0.439154,0.019040,0.000000,0.000000,0.000000,0,1,0,1,20.077229,0,0,0,0
8.7041,,0.437831,0.437831,0.439153,0.019040,0.000000,0.000000,0.000000,0,1,0,1,20.038674,0,0,0,0
8.7241,,0.437831,0.437831,0.439153,0.019040,0.000000,0.000000,0.000000,0,1,0,1,20.082520,0,0,0,0
8.7441,,0.437831,0.437831,0.439153,0.019040,0.000000,0.000000,0.000000,0,1,0,1,20.073469,0,0,0,0
8.7641,,0.437831,0.437831,0.439153,0.019040,0.000000,0.000000,0.000000,0,1,0,1,20.123647,0,0,0,0
8.7841,,0.437831,0.437831,0.439153,0.019040,0.000000,0.000000,0.000000,0,1,0,1,20.077679,0,0,0,0
8.8052,,0.437831,0.437831,0.439153,0.019040,0.000000,0.000000,0.000000,0,1,0,1,20.283431,0,0,0,0
8.8253,,0.437831,0.437831,0.439153,0.019040,0.000000,0.000000,0.000000,0,1,0,1,20.277704,0,0,0,0
8.8463,,0.437831,0.437831,0.439153,0.019040,0.000000,0.000000,0.000000,0,1,0,1,20.535872,0,0,0,0
8.8662,,0.437831,0.437831,0.439153,0.019040,0.000000,0.000000,0.000000,0,1,0,1,20.186493,0,0,0,0
8.8861,,0.437831,0.437831,0.439153,0.019040,0.000000,0.000000,0.000000,0,1,0,1,20.204840,0,0,0,0
8.9064,,0.437831,0.437831,0.439153,0.019040,0.000000,0.000000,0.000000,0,1,0,1,20.036749,0,0,0,0
8.9261,,0.437831,0.437831,0.439153,0.019040,0.000000,0.000000,0.000000,0,1,0,1,20.210230,0,0,0,0
8.9463,,0.437831,0.437831,0.439153,0.019040,0.000000,0.000000,0.000000,0,1,0,1,20.111878,0,0,0,0
8.9663,,0.437831,0.437831,0.439153,0.019040,0.000000,0.000000,0.000000,0,1,0,1,20.071477,0,0,0,0
8.9862,,0.437831,0.437831,0.439153,0.019040,0.000000,0.000000,0.000000,0,1,0,1,20.082442,0,0,0,0
9.0072,,0.437831,0.437831,0.439153,0.019040,0.000000,0.000000,0.000000,0,1,0,1,20.121093,0,0,0,0
9.0274,,0.437831,0.437831,0.439153,0.019040,0.000000,0.000000,0.000000,0,1,0,1,20.075037,0,0,0,0
9.0472,,0.437831,0.437831,0.439153,0.019040,0.000000,0.000000,0.000000,0,1,0,1,20.085068,0,0,0,0
9.0672,,0.437831,0.437831,0.439153,0.019040,0.000000,0.000000,0.000000,0,1,0,1,20.172951,0,0,0,0
9.0872,,0.437831,0.437831,0.439153,0.019040,0.000000,0.000000,0.000000,0,1,0,1,20.200885,0,0,0,0
9.1072,,0.437831,0.437831,0.439153,0.019040,0.000000,0.000000,0.000000,0,1,0,1,20.083426,0,0,0,0
9.1273,,0.437831,0.437831,0.439153,0.019040,0.000000,0.000000,0.000000,0,1,0,1,20.217521,0,0,0,0
9.1475,,0.437831,0.437831,0.439153,0.019040,0.000000,0.000000,0.000000,0,1,0,1,20.073791,0,0,0,0
9.1683,,0.437831,0.437831,0.439153,0.019040,0.000000,0.000000,0.000000,0,1,0,1,20.158025,0,0,0,0
9.1883,,0.437831,0.437831,0.439153,0.019040,0.000000,0.000000,0.000000,0,1,0,1,20.175164,0,0,0,0
9.2083,,0.437831,0.437831,0.439153,0.019040,0.000000,0.000000,0.000000,0,1,0,1,20.081317,0,0,0,0
9.2283,,0.437831,0.437831,0.439153,0.019040,0.000000,0.000000,0.000000,0,1,0,1,20.075751,0,0,0,0
9.2483,,0.437831,0.437831,0.439153,0.019040,0.000000,0.000000,0.000000,0,1,0,1,20.188635,0,0,0,0
9.2683,,0.437831,0.437831,0.439153,0.019040,0.000000,0.000000,0.000000,0,1,0,1,20.069255,0,0,0,0
9.2885,,0.437831,0.437831,0.439153,0.019040,0.000000,0.000000,0.000000,0,1,0,1,20.071343,0,0,0,0
9.3093,,0.437831,0.437831,0.439153,0.019040,0.000000,0.000000,0.000000,0,1,0,1,20.192767,0,0,0,0
9.3292,,0.437831,0.437831,0.439153,0.019040,0.000000,0.000000,0.000000,0,1,0,1,20.211416,0,0,0,0
9.3493,,0.437831,0.437831,0.439153,0.019040,0.000000,0.000000,0.000000,0,1,0,1,20.067643,0,0,0,0
9.3693,,0.437831,0.437831,0.439153,0.019040,0.000000,0.000000,0.000000,0,1,0,1,20.214980,0,0,0,0
9.3893,,0.437831,0.437831,0.439153,0.019040,0.000000,0.000000,0.000000,0,1,0,1,20.174414,0,0,0,0
9.4093,,0.437831,0.437831,0.439153,0.019040,0.000000,0.000000,0.000000,0,1,0,1,20.080236,0,0,0,0
9.4292,,0.437831,0.437831,0.439153,0.019040,0.000000,0.000000,0.000000,0,1,0,1,20.188309,0,0,0,0
9.4501,,0.437831,0.437831,0.439154,0.019040,0.000000,0.000000,0.000000,0,1,0,1,20.081969,0,0,0,0
9.4702,,0.437831,0.437831,0.439153,0.019040,0.000000,0.000000,0.000000,0,1,0,1,20.087445,0,0,0,0
9.4901,,0.437831,0.437831,0.439153,0.019040,0.000000,0.000000,0.000000,0,1,0,1,20.124990,0,0,0,0
9.5101,,0.437831,0.437831,0.439153,0.019040,0.000000,0.000000,0.000000,0,1,0,1,20.092231,0,0,0,0
9.5301,,0.437831,0.437831,0.439153,0.019040,0.000000,0.000000,0.000000,0,1,0,1,20.516043,0,0,0,0
9.5503,,0.437831,0.437831,0.439153,0.019040,0.000000,0.000000,0.000000,0,1,0,1,20.113939,0,0,0,0
9.5711,,0.437831,0.437831,0.439153,0.019040,0.000000,0.000000,0.000000,0,1,0,1,20.110595,0,0,0,0
9.5914,,0.437831,0.437831,0.439153,0.019040,0.000000,0.000000,0.000000,0,1,0,1,20.279637,0,0,0,0
9.6113,,0.437831,0.437831,0.439153,0.019040,0.000000,0.000000,0.000000,0,1,0,1,20.184248,0,0,0,0
9.6314,,0.437831,0.437831,0.439153,0.019040,0.000000,0.000000,0.000000,0,1,0,1,20.220123,0,0,0,0
9.6515,,0.437831,0.437831,0.439153,0.019040,0.000000,0.000000,0.000000,0,1,0,1,20.070740,0,0,0,0
9.6714,,0.437831,0.437831,0.439153,0.019040,0.000000,0.000000,0.000000,0,1,0,1,20.075582,0,0,0,0
9.6929,,0.437831,0.437831,0.439153,0.019040,0.000000,0.000000,0.000000,0,1,0,1,20.250325,0,0,0,0
9.7125,,0.437831,0.437831,0.439154,0.019040,0.000000,0.000000,0.000000,0,1,0,1,20.070938,0,0,0,0
9.7322,,0.437831,0.437831,0.439153,0.019040,0.000000,0.000000,0.000000,0,1,0,1,20.097550,0,0,0,0
9.7523,,0.437831,0.437831,0.439153,0.019040,0.000000,0.000000,0.000000,0,1,0,1,20.245025,0,0,0,0
9.7722,,0.437831,0.437831,0.439154,0.019040,0.000000,0.000000,0.000000,0,1,0,1,20.037931,0,0,0,0
9.7922,,0.437831,0.437831,0.439153,0.019040,0.000000,0.000000,0.000000,0,1,0,1,20.274613,0,0,0,0
9.8124,,0.437831,0.437831,0.439153,0.019040,0.000000,0.000000,0.000000,0,1,0,1,20.079327,0,0,0,0
9.8334,,0.437831,0.437831,0.439154,0.019040,0.000000,0.000000,0.000000,0,1,0,1,20.074361,0,0,0,0
9.8534,,0.437831,0.437831,0.439153,0.019040,0.000000,0.000000,0.000000,0,1,0,1,20.102205,0,0,0,0
9.8731,,0.437831,0.437831,0.439153,0.019040,0.000000,0.000000,0.000000,0,1,0,1,20.068698,0,0,0,0
9.8934,,0.437831,0.437831,0.439153,0.019040,0.000000,0.000000,0.000000,0,1,0,1,20.068972,0,0,0,0
9.9134,,0.437831,0.437831,0.439153,0.019040,0.000000,0.000000,0.000000,0,1,0,1,20.180414,0,0,0,0
9.9331,,0.437831,0.437831,0.439153,0.019040,0.000000,0.000000,0.000000,0,1,0,1,20.145872,0,0,0,0
9.9534,,0.437831,0.437831,0.439153,0.019040,0.000000,0.000000,0.000000,0,1,0,1,20.219886,0,0,0,0
9.9731,,0.437831,0.437831,0.439153,0.019040,0.000000,0.000000,0.000000,0,1,0,1,20.082897,0,0,0,0
9.9942,,0.437831,0.437831,0.439153,0.019040,0.000000,0.000000,0.000000,0,1,0,1,20.095786,0,0,0,0
10.0140,,0.437831,0.437831,0.439153,0.019040,0.000000,0.000000,0.000000,0,1,0,1,20.107968,0,0,0,0
10.0340,,0.437831,0.437831,0.439153,0.019040,0.000000,0.000000,0.000000,0,1,0,1,20.108522,0,0,0,0
10.0542,,0.437831,0.437831,0.439153,0.019040,0.000000,0.000000,0.000000,0,1,0,1,20.072750,0,0,0,0
10.0743,,0.437831,0.437831,0.439153,0.019040,0.000000,0.000000,0.000000,0,1,0,1,20.290440,0,0,0,0
10.0944,,0.437831,0.437831,0.439153,0.019040,0.000000,0.000000,0.000000,0,1,0,1,20.273782,0,0,0,0
10.1151,,0.437831,0.437831,0.439153,0.019040,0.000000,0.000000,0.000000,0,1,0,1,20.373973,0,0,0,0
10.1352,,0.437831,0.437831,0.439153,0.019040,0.000000,0.000000,0.000000,0,1,0,1,20.168127,0,0,0,0
10.1556,,0.437831,0.437831,0.439153,0.019040,0.000000,0.000000,0.000000,0,1,0,1,20.411289,0,0,0,0
10.1763,,0.437831,0.437831,0.439153,0.019040,0.000000,0.000000,0.000000,0,1,0,1,20.335679,0,0,0,0
10.1963,,0.437831,0.437831,0.439153,0.019040,0.000000,0.000000,0.000000,0,1,0,1,20.248552,0,0,0,0
10.2163,,0.437831,0.437831,0.439153,0.019040,0.000000,0.000000,0.000000,0,1,0,1,20.230799,0,0,0,0
10.2362,,0.437831,0.437831,0.439153,0.019040,0.000000,0.000000,0.000000,0,1,0,1,20.201555,0,0,0,0
10.2576,,0.437831,0.437831,0.439153,0.019040,0.000000,0.000000,0.000000,0,1,0,1,20.273346,0,0,0,0
10.2775,,0.437831,0.437831,0.439153,0.019040,0.000000,0.000000,0.000000,0,1,0,1,20.240119,0,0,0,0
10.2974,,0.437831,0.437831,0.439153,0.019040,0.000000,0.000000,0.000000,0,1,0,1,20.283954,0,0,0,0
10.3173,,0.437831,0.437831,0.439153,0.019040,0.000000,0.000000,0.000000,0,1,0,1,20.159302,0,0,0,0
10.3384,,0.437831,0.437831,0.439153,0.019040,0.000000,0.000000,0.000000,0,1,0,1,20.230164,0,0,0,0
10.3584,,0.437831,0.437831,0.439153,0.019040,0.000000,0.000000,0.000000,0,1,0,1,20.300066,0,0,0,0
10.3784,,0.437831,0.437831,0.439153,0.019040,0.000000,0.000000,0.000000,0,1,0,1,20.302265,0,0,0,0
10.3983,,0.437831,0.437831,0.439153,0.019040,0.000000,0.000000,0.000000,0,1,0,1,20.282313,0,0,0,0
10.4194,,0.437831,0.437831,0.439153,0.019040,0.000000,0.000000,0.000000,0,1,0,1,20.114955,0,0,0,0
10.4394,,0.437831,0.437831,0.439153,0.019040,0.000000,0.000000,0.000000,0,1,0,1,20.265204,0,0,0,0
10.4594,,0.437831,0.437831,0.439153,0.019040,0.000000,0.000000,0.000000,0,1,0,1,20.128332,0,0,0,0
10.4803,,0.437831,0.437831,0.439153,0.019040,0.000000,0.000000,0.000000,0,1,0,1,20.265143,0,0,0,0
10.4993,,0.437831,0.437831,0.439153,0.019040,0.000000,0.000000,0.000000,0,1,0,1,20.084969,0,0,0,0
10.5191,,0.437831,0.437831,0.439153,0.019040,0.000000,0.000000,0.000000,0,1,0,1,20.049633,0,0,0,0
10.5392,,0.437831,0.437831,0.439153,0.019040,0.000000,0.000000,0.000000,0,1,0,1,20.087937,0,0,0,0
10.5602,,0.437831,0.437831,0.439153,0.019040,0.000000,0.000000,0.000000,0,1,0,1,20.126994,0,0,0,0
10.5800,,0.437831,0.437831,0.439153,0.019040,0.000000,0.000000,0.000000,0,1,0,1,20.077390,0,0,0,0
10.6002,,0.437831,0.437831,0.439153,0.019040,0.000000,0.000000,0.000000,0,1,0,1,20.102144,0,0,0,0
10.6201,,0.437831,0.437831,0.439153,0.019040,0.000000,0.000000,0.000000,0,1,0,1,20.075007,0,0,0,0
10.6405,,0.437831,0.437831,0.439153,0.019040,0.000000,0.000000,0.000000,0,1,0,1,20.268342,0,0,0,0
10.6604,,0.437831,0.437831,0.439153,0.019040,0.000000,0.000000,0.000000,0,1,0,1,20.121234,0,0,0,0
10.6803,,0.437831,0.437831,0.439153,0.019040,0.000000,0.000000,0.000000,0,1,0,1,20.075423,0,0,0,0
10.7002,,0.437831,0.437831,0.439153,0.019040,0.000000,0.000000,0.000000,0,1,0,1,20.136651,0,0,0,0
10.7204,,0.437831,0.437831,0.439153,0.019040,0.000000,0.000000,0.000000,0,1,0,1,20.081462,0,0,0,0
10.7413,,0.437831,0.437831,0.439153,0.019040,0.000000,0.000000,0.000000,0,1,0,1,20.108474,0,0,0,0
10.7613,,0.437831,0.437831,0.439153,0.019040,0.000000,0.000000,0.000000,0,1,0,1,20.121360,0,0,0,0
10.7813,,0.437831,0.437831,0.439153,0.019040,0.000000,0.000000,0.000000,0,1,0,1,20.191086,0,0,0,0
10.8014,,0.437831,0.437831,0.439153,0.019040,0.000000,0.000000,0.000000,0,1,0,1,20.224058,0,0,0,0
10.8212,,0.437831,0.437831,0.439153,0.019040,0.000000,0.000000,0.000000,0,1,0,1,20.076778,0,0,0,0
10.8414,,0.437831,0.437831,0.439153,0.019040,0.000000,0.000000,0.000000,0,1,0,1,20.078523,0,0,0,0
10.8613,,0.437831,0.437831,0.439153,0.019040,0.000000,0.000000,0.000000,0,1,0,1,20.100560,0,0,0,0
10.8810,,0.437831,0.437831,0.439153,0.019040,0.000000,0.000000,0.000000,0,1,0,1,20.081879,0,0,0,0
10.9024,,0.437831,0.437831,0.439153,0.019040,0.000000,0.000000,0.000000,0,1,0,1,20.106770,0,0,0,0
10.9223,,0.437831,0.437831,0.439153,0.019040,0.000000,0.000000,0.000000,0,1,0,1,20.145978,0,0,0,0
10.9424,,0.437831,0.437831,0.439153,0.019040,0.000000,0.000000,0.000000,0,1,0,1,20.221758,0,0,0,0
10.9623,,0.437831,0.437831,0.439153,0.019040,0.000000,0.000000,0.000000,0,1,0,1,20.218903,0,0,0,0
10.9823,,0.437831,0.437831,0.439153,0.019040,0.000000,0.000000,0.000000,0,1,0,1,20.084284,0,0,0,0
11.0023,,0.437831,0.437831,0.439153,0.019040,0.000000,0.000000,0.000000,0,1,0,1,20.080079,0,0,0,0
11.0223,,0.437831,0.437831,0.439153,0.019040,0.000000,0.000000,0.000000,0,1,0,1,20.077163,0,0,0,0
11.0421,,0.437831,0.437831,0.439153,0.019040,0.000000,0.000000,0.000000,0,1,0,1,20.093809,0,0,0,0
11.0633,,0.437831,0.437831,0.439153,0.019040,0.000000,0.000000,0.000000,0,1,0,1,20.120185,0,0,0,0
11.0834,,0.437831,0.437831,0.439153,0.019040,0.000000,0.000000,0.000000,0,1,0,1,20.115476,0,0,0,0
11.1033,,0.437831,0.437831,0.439153,0.019040,0.000000,0.000000,0.000000,0,1,0,1,20.192757,0,0,0,0
11.1230,,0.437831,0.437831,0.439153,0.019040,0.000000,0.000000,0.000000,0,1,0,1,20.113777,0,0,0,0
11.1434,,0.437831,0.437831,0.439153,0.019040,0.000000,0.000000,0.000000,0,1,0,1,20.097457,0,0,0,0
11.1633,,0.437831,0.437831,0.439153,0.019040,0.000000,0.000000,0.000000,0,1,0,1,20.081146,0,0,0,0
11.1830,,0.437831,0.437831,0.439153,0.019040,0.000000,0.000000,0.000000,0,1,0,1,20.066968,0,0,0,0
11.2031,,0.437831,0.437831,0.439153,0.019040,0.000000,0.000000,0.000000,0,1,0,1,20.090811,0,0,0,0
11.2244,,0.437831,0.437831,0.439153,0.019040,0.000000,0.000000,0.000000,0,1,0,1,20.155978,0,0,0,0
11.2444,,0.437831,0.437831,0.439154,0.019040,0.000000,0.000000,0.000000,0,1,0,1,20.098563,0,0,0,0
11.2640,,0.437831,0.437831,0.439153,0.019040,0.000000,0.000000,0.000000,0,1,0,1,20.188092,0,0,0,0
11.2842,,0.437831,0.437831,0.439153,0.019040,0.000000,0.000000,0.000000,0,1,0,1,20.118459,0,0,0,0
11.3044,,0.437831,0.437831,0.439153,0.019040,0.000000,0.000000,0.000000,0,1,0,1,20.139140,0,0,0,0
11.3244,,0.437831,0.437831,0.439153,0.019040,0.000000,0.000000,0.000000,0,1,0,1,20.084216,0,0,0,0
11.3444,,0.437831,0.437831,0.439154,0.019040,0.000000,0.000000,0.000000,0,1,0,1,20.082954,0,0,0,0
11.3640,,0.437831,0.437831,0.439153,0.019040,0.000000,0.000000,0.000000,0,1,0,1,20.201576,0,0,0,0
11.3852,,0.437831,0.437831,0.439153,0.019040,0.000000,0.000000,0.000000,0,1,0,1,20.116608,0,0,0,0
11.4054,,0.437831,0.437831,0.439153,0.019040,0.000000,0.000000,0.000000,0,1,0,1,20.214243,0,0,0,0
11.4252,,0.437831,0.437831,0.439153,0.019040,0.000000,0.000000,0.000000,0,1,0,1,20.433532,0,0,0,0
11.4453,,0.437831,0.437831,0.439153,0.019040,0.000000,0.000000,0.000000,0,1,0,1,20.077436,0,0,0,0
11.4650,,0.437831,0.437831,0.439153,0.019040,0.000000,0.000000,0.000000,0,1,0,1,20.213410,0,0,0,0
11.4864,,0.437831,0.437831,0.439153,0.019040,0.000000,0.000000,0.000000,0,1,0,1,20.079338,0,0,0,0
11.5066,,0.437831,0.437831,0.439153,0.019040,0.000000,0.000000,0.000000,0,1,0,1,20.120050,0,0,0,0
11.5262,,0.437831,0.437831,0.439153,0.019040,0.000000,0.000000,0.000000,0,1,0,1,20.205252,0,0,0,0
11.5465,,0.437831,0.437831,0.439153,0.019040,0.000000,0.000000,0.000000,0,1,0,1,20.240842,0,0,0,0
11.5661,,0.437831,0.437831,0.439153,0.019040,0.000000,0.000000,0.000000,0,1,0,1,20.181827,0,0,0,0
11.5864,,0.437831,0.437831,0.439153,0.019040,0.000000,0.000000,0.000000,0,1,0,1,20.068624,0,0,0,0
11.6063,,0.437831,0.437831,0.439153,0.019040,0.000000,0.000000,0.000000,0,1,0,1,20.069419,0,0,0,0
11.6272,,0.437831,0.437831,0.439153,0.019040,0.000000,0.000000,0.000000,0,1,0,1,20.106336,0,0,0,0
11.6474,,0.437831,0.437831,0.439153,0.019040,0.000000,0.000000,0.000000,0,1,0,1,20.103124,0,0,0,0
11.6674,,0.437831,0.437831,0.439153,0.019040,0.000000,0.000000,0.000000,0,1,0,1,20.165116,0,0,0,0
11.6872,,0.437831,0.437831,0.439153,0.019040,0.000000,0.000000,0.000000,0,1,0,1,20.187632,0,0,0,0
11.7074,,0.437831,0.437831,0.439153,0.019040,0.000000,0.000000,0.000000,0,1,0,1,20.072524,0,0,0,0
11.7273,,0.437831,0.437831,0.439153,0.019040,0.000000,0.000000,0.000000,0,1,0,1,20.074626,0,0,0,0
11.7474,,0.437831,0.437831,0.439153,0.019040,0.000000,0.000000,0.000000,0,1,0,1,20.066921,0,0,0,0
11.7672,,0.437831,0.437831,0.439153,0.019040,0.000000,0.000000,0.000000,0,1,0,1,20.212242,0,0,0,0
11.7883,,0.437831,0.437831,0.439153,0.019040,0.000000,0.000000,0.000000,0,1,0,1,20.209041,0,0,0,0
11.8083,,0.437831,0.437831,0.439153,0.019040,0.000000,0.000000,0.000000,0,1,0,1,20.184778,0,0,0,0
11.8281,,0.437831,0.437831,0.439153,0.019040,0.000000,0.000000,0.000000,0,1,0,1,20.206620,0,0,0,0
11.8482,,0.437831,0.437831,0.439153,0.019040,0.000000,0.000000,0.000000,0,1,0,1,20.131602,0,0,0,0
11.8683,,0.437831,0.437831,0.439153,0.019040,0.000000,0.000000,0.000000,0,1,0,1,20.083945,0,0,0,0
11.8884,,0.437831,0.437831,0.439153,0.019040,0.000000,0.000000,0.000000,0,1,0,1,20.079691,0,0,0,0
11.9082,,0.437831,0.437831,0.439153,0.019040,0.000000,0.000000,0.000000,0,1,0,1,20.105000,0,0,0,0
11.9293,,0.437831,0.437831,0.439153,0.019040,0.000000,0.000000,0.000000,0,1,0,1,20.109246,0,0,0,0
11.9493,,0.437831,0.437831,0.439153,0.019040,0.000000,0.000000,0.000000,0,1,0,1,20.105190,0,0,0,0
11.9692,,0.437831,0.437831,0.439153,0.019040,0.000000,0.000000,0.000000,0,1,0,1,20.074319,0,0,0,0
11.9893,,0.437831,0.437831,0.439153,0.019040,0.000000,0.000000,0.000000,0,1,0,1,20.072384,0,0,0,0
12.0093,,0.437831,0.437831,0.439153,0.019040,0.000000,0.000000,0.000000,0,1,0,1,20.090714,0,0,0,0
12.0295,,0.437831,0.437831,0.439153,0.019040,0.000000,0.000000,0.000000,0,1,0,1,20.418176,0,0,0,0
12.0494,,0.437831,0.437831,0.439153,0.019040,0.000000,0.000000,0.000000,0,1,0,1,20.082348,0,0,0,0
12.0704,,0.437831,0.437831,0.439153,0.019040,0.000000,0.000000,0.000000,0,1,0,1,20.103647,0,0,0,0
12.0904,,0.437831,0.437831,0.439153,0.019040,0.000000,0.000000,0.000000,0,1,0,1,20.098249,0,0,0,0
12.1105,,0.437831,0.437831,0.439153,0.019040,0.000000,0.000000,0.000000,0,1,0,1,20.201568,0,0,0,0
12.1304,,0.437831,0.437831,0.439153,0.019040,0.000000,0.000000,0.000000,0,1,0,1,20.228792,0,0,0,0
12.1504,,0.437831,0.437831,0.439153,0.019040,0.000000,0.000000,0.000000,0,1,0,1,20.241658,0,0,0,0
12.1705,,0.437831,0.437831,0.439153,0.019040,0.000000,0.000000,0.000000,0,1,0,1,20.162586,0,0,0,0
12.1913,,0.437831,0.437831,0.439153,0.019040,0.000000,0.000000,0.000000,0,1,0,1,20.184594,0,0,0,0
12.2114,,0.437831,0.437831,0.439153,0.019040,0.000000,0.000000,0.000000,0,1,0,1,20.231073,0,0,0,0
12.2313,,0.437831,0.437831,0.439153,0.019040,0.000000,0.000000,0.000000,0,1,0,1,20.255235,0,0,0,0
12.2514,,0.437831,0.437831,0.439153,0.019040,0.000000,0.000000,0.000000,0,1,0,1,20.237457,0,0,0,0
12.2723,,0.437831,0.437831,0.439154,0.019040,0.000000,0.000000,0.000000,0,1,0,1,20.234106,0,0,0,0
12.2927,,0.437831,0.437831,0.439153,0.019040,0.000000,0.000000,0.000000,0,1,0,1,20.182579,0,0,0,0
12.3123,,0.437831,0.437831,0.439153,0.019040,0.000000,0.000000,0.000000,0,1,0,1,20.201515,0,0,0,0
12.3323,,0.437831,0.437831,0.439153,0.019040,0.000000,0.000000,0.000000,0,1,0,1,20.204430,0,0,0,0
12.3522,,0.437831,0.437831,0.439154,0.019040,0.000000,0.000000,0.000000,0,1,0,1,20.270854,0,0,0,0
12.3733,,0.437831,0.437831,0.439154,0.019040,0.000000,0.000000,0.000000,0,1,0,1,20.210286,0,0,0,0
12.3932,,0.437831,0.437831,0.439153,0.019040,0.000000,0.000000,0.000000,0,1,0,1,20.184407,0,0,0,0
12.4133,,0.437831,0.437831,0.439153,0.019040,0.000000,0.000000,0.000000,0,1,0,1,20.186916,0,0,0,0
12.4332,,0.437831,0.437831,0.439153,0.019040,0.000000,0.000000,0.000000,0,1,0,1,20.133680,0,0,0,0
12.4532,,0.437831,0.437831,0.439154,0.019040,0.000000,0.000000,0.000000,0,1,0,1,20.127972,0,0,0,0
12.4732,,0.437831,0.437831,0.439153,0.019040,0.000000,0.000000,0.000000,0,1,0,1,20.085068,0,0,0,0
12.4944,,0.437831,0.437831,0.439153,0.019040,0.000000,0.000000,0.000000,0,1,0,1,20.201241,0,0,0,0
12.5140,,0.437831,0.437831,0.439153,0.019040,0.000000,0.000000,0.000000,0,1,0,1,20.196936,0,0,0,0
12.5344,,0.437831,0.437831,0.439153,0.019040,0.000000,0.000000,0.000000,0,1,0,1,20.432427,0,0,0,0
12.5543,,0.437831,0.437831,0.439153,0.019040,0.000000,0.000000,0.000000,0,1,0,1,20.076268,0,0,0,0
12.5742,,0.437831,0.437831,0.439154,0.019040,0.000000,0.000000,0.000000,0,1,0,1,20.082840,0,0,0,0
12.5954,,0.437831,0.437831,0.439153,0.019040,0.000000,0.000000,0.000000,0,1,0,1,20.107269,0,0,0,0
12.6154,,0.437831,0.437831,0.439153,0.019040,0.000000,0.000000,0.000000,0,1,0,1,20.099215,0,0,0,0
12.6355,,0.437831,0.437831,0.439153,0.019040,0.000000,0.000000,0.000000,0,1,0,1,20.084212,0,0,0,0
12.6554,,0.437831,0.437831,0.439153,0.019040,0.000000,0.000000,0.000000,0,1,0,1,20.189496,0,0,0,0
12.6764,,0.437831,0.437831,0.439153,0.019040,0.000000,0.000000,0.000000,0,1,0,1,20.782978,0,0,0,0
12.6962,,0.437831,0.437831,0.439153,0.019040,0.000000,0.000000,0.000000,0,1,0,1,20.168138,0,0,0,0
12.7163,,0.437831,0.437831,0.439153,0.019040,0.000000,0.000000,0.000000,0,1,0,1,20.188730,0,0,0,0
12.7363,,0.437831,0.437831,0.439153,0.019040,0.000000,0.000000,0.000000,0,1,0,1,20.048313,0,0,0,0
12.7563,,0.437831,0.437831,0.439153,0.019040,0.000000,0.000000,0.000000,0,1,0,1,20.182910,0,0,0,0
12.7764,,0.437831,0.437831,0.439153,0.019040,0.000000,0.000000,0.000000,0,1,0,1,20.093389,0,0,0,0
12.7964,,0.437831,0.437831,0.439153,0.019040,0.000000,0.000000,0.000000,0,1,0,1,20.082557,0,0,0,0
12.8164,,0.437831,0.437831,0.439153,0.019040,0.000000,0.000000,0.000000,0,1,0,1,20.069101,0,0,0,0
12.8374,,0.437831,0.437831,0.439153,0.019040,0.000000,0.000000,0.000000,0,1,0,1,20.110549,0,0,0,0
12.8576,,0.437831,0.437831,0.439153,0.019040,0.000000,0.000000,0.000000,0,1,0,1,20.160243,0,0,0,0
12.8775,,0.437831,0.437831,0.439153,0.019040,0.000000,0.000000,0.000000,0,1,0,1,20.190362,0,0,0,0
12.8973,,0.437831,0.437831,0.439153,0.019040,0.000000,0.000000,0.000000,0,1,0,1,20.283517,0,0,0,0
12.9172,,0.437831,0.437831,0.439153,0.019040,0.000000,0.000000,0.000000,0,1,0,1,20.203250,0,0,0,0
12.9384,,0.437831,0.437831,0.439153,0.019040,0.000000,0.000000,0.000000,0,1,0,1,20.146191,0,0,0,0
12.9584,,0.437831,0.437831,0.439153,0.019040,0.000000,0.000000,0.000000,0,1,0,1,20.180882,0,0,0,0
12.9786,,0.437831,0.437831,0.439153,0.019040,0.000000,0.000000,0.000000,0,1,0,1,20.213442,0,0,0,0
12.9984,,0.437831,0.437831,0.439153,0.019040,0.000000,0.000000,0.000000,0,1,0,1,20.110160,0,0,0,0
13.0184,,0.437831,0.437831,0.439153,0.019040,0.000000,0.000000,0.000000,0,1,0,1,20.130220,0,0,0,0
13.0384,,0.437831,0.437831,0.439153,0.019040,0.000000,0.000000,0.000000,0,1,0,1,20.068687,0,0,0,0
13.0582,,0.437831,0.437831,0.439153,0.019040,0.000000,0.000000,0.000000,0,1,0,1,20.074901,0,0,0,0
13.0783,,0.437831,0.437831,0.439153,0.019040,0.000000,0.000000,0.000000,0,1,0,1,20.076175,0,0,0,0
13.0995,,0.437831,0.437831,0.439154,0.019040,0.000000,0.000000,0.000000,0,1,0,1,20.191121,0,0,0,0
13.1194,,0.437831,0.437831,0.439154,0.019040,0.000000,0.000000,0.000000,0,1,0,1,20.070682,0,0,0,0
13.1393,,0.437831,0.437831,0.439153,0.019040,0.000000,0.000000,0.000000,0,1,0,1,20.080922,0,0,0,0
13.1592,,0.437831,0.437831,0.439153,0.019040,0.000000,0.000000,0.000000,0,1,0,1,20.084844,0,0,0,0
13.1794,,0.437831,0.437831,0.439153,0.019040,0.000000,0.000000,0.000000,0,1,0,1,20.075619,0,0,0,0
13.1993,,0.437831,0.437831,0.439153,0.019040,0.000000,0.000000,0.000000,0,1,0,1,20.203029,0,0,0,0
13.2196,,0.437831,0.437831,0.439154,0.019040,0.000000,0.000000,0.000000,0,1,0,1,20.136521,0,0,0,0
13.2395,,0.437831,0.437831,0.439153,0.019040,0.000000,0.000000,0.000000,0,1,0,1,20.165926,0,0,0,0
13.2604,,0.437831,0.437831,0.439153,0.019040,0.000000,0.000000,0.000000,0,1,0,1,20.236349,0,0,0,0
13.2805,,0.437831,0.437831,0.439153,0.019040,0.000000,0.000000,0.000000,0,1,0,1,20.496333,0,0,0,0
13.3004,,0.437831,0.437831,0.439153,0.019040,0.000000,0.000000,0.000000,0,1,0,1,20.148430,0,0,0,0
13.3213,,0.437831,0.437831,0.439153,0.019040,0.000000,0.000000,0.000000,0,1,0,1,20.211754,0,0,0,0
13.3414,,0.437831,0.437831,0.439153,0.019040,0.000000,0.000000,0.000000,0,1,0,1,20.231566,0,0,0,0
13.3613,,0.437831,0.437831,0.439154,0.019040,0.000000,0.000000,0.000000,0,1,0,1,20.206241,0,0,0,0
13.3813,,0.437831,0.437831,0.439154,0.019040,0.000000,0.000000,0.000000,0,1,0,1,20.245350,0,0,0,0
13.4013,,0.437831,0.437831,0.439153,0.019040,0.000000,0.000000,0.000000,0,1,0,1,20.077076,0,0,0,0
13.4213,,0.437831,0.437831,0.439154,0.019040,0.000000,0.000000,0.000000,0,1,0,1,20.074963,0,0,0,0
13.4423,,0.437831,0.437831,0.439154,0.019040,0.000000,0.000000,0.000000,0,1,0,1,20.206833,0,0,0,0
13.4625,,0.437831,0.437831,0.439153,0.019040,0.000000,0.000000,0.000000,0,1,0,1,20.088830,0,0,0,0
13.4823,,0.437831,0.437831,0.439153,0.019040,0.000000,0.000000,0.000000,0,1,0,1,20.134934,0,0,0,0
13.5024,,0.437831,0.437831,0.439153,0.019040,0.000000,0.000000,0.000000,0,1,0,1,20.200100,0,0,0,0
13.5224,,0.437831,0.437831,0.439154,0.019040,0.000000,0.000000,0.000000,0,1,0,1,20.265587,0,0,0,0
13.5425,,0.437831,0.437831,0.439153,0.019040,0.000000,0.000000,0.000000,0,1,0,1,20.195020,0,0,0,0
13.5634,,0.437831,0.437831,0.439153,0.019040,0.000000,0.000000,0.000000,0,1,0,1,20.120528,0,0,0,0
13.5834,,0.437831,0.437831,0.439154,0.019040,0.000000,0.000000,0.000000,0,1,0,1,20.186185,0,0,0,0
13.6034,,0.437831,0.437831,0.439153,0.019040,0.000000,0.000000,0.000000,0,1,0,1,20.191325,0,0,0,0
13.6235,,0.437831,0.437831,0.439153,0.019040,0.000000,0.000000,0.000000,0,1,0,1,20.238516,0,0,0,0
13.6433,,0.437831,0.437831,0.439154,0.019040,0.000000,0.000000,0.000000,0,1,0,1,20.205537,0,0,0,0
13.6645,,0.437831,0.437831,0.439154,0.019040,0.000000,0.000000,0.000000,0,1,0,1,20.122686,0,0,0,0
13.6844,,0.437831,0.437831,0.439154,0.019040,0.000000,0.000000,0.000000,0,1,0,1,20.208859,0,0,0,0
13.7042,,0.437831,0.437831,0.439153,0.019040,0.000000,0.000000,0.000000,0,1,0,1,20.275548,0,0,0,0
13.7243,,0.437831,0.437831,0.439153,0.019040,0.000000,0.000000,0.000000,0,1,0,1,20.035853,0,0,0,0
13.7443,,0.437831,0.437831,0.439153,0.019040,0.000000,0.000000,0.000000,0,1,0,1,20.090208,0,0,0,0
13.7643,,0.437831,0.437831,0.439154,0.019040,0.000000,0.000000,0.000000,0,1,0,1,20.244906,0,0,0,0
13.7854,,0.437831,0.437831,0.439153,0.019040,0.000000,0.000000,0.000000,0,1,0,1,20.178852,0,0,0,0
13.8053,,0.437831,0.437831,0.439154,0.019040,0.000000,0.000000,0.000000,0,1,0,1,20.208732,0,0,0,0
13.8255,,0.437831,0.437831,0.439153,0.019040,0.000000,0.000000,0.000000,0,1,0,1,20.544786,0,0,0,0
13.8463,,0.437831,0.437831,0.439153,0.019040,0.000000,0.000000,0.000000,0,1,0,1,20.298194,0,0,0,0
13.8663,,0.437831,0.437831,0.439153,0.019040,0.000000,0.000000,0.000000,0,1,0,1,20.128379,0,0,0,0
13.8862,,0.437831,0.437831,0.439154,0.019040,0.000000,0.000000,0.000000,0,1,0,1,20.217755,0,0,0,0
13.9064,,0.437831,0.437831,0.439153,0.019040,0.000000,0.000000,0.000000,0,1,0,1,20.304286,0,0,0,0
13.9264,,0.437831,0.437831,0.439153,0.019040,0.000000,0.000000,0.000000,0,1,0,1,20.107888,0,0,0,0
13.9462,,0.437831,0.437831,0.439153,0.019040,0.000000,0.000000,0.000000,0,1,0,1,20.085372,0,0,0,0
13.9676,,0.437831,0.437831,0.439153,0.019040,0.000000,0.000000,0.000000,0,1,0,1,20.198608,0,0,0,0
13.9873,,0.437831,0.437831,0.439153,0.019040,0.000000,0.000000,0.000000,0,1,0,1,20.226917,0,0,0,0
14.0074,,0.437831,0.437831,0.439153,0.019040,0.000000,0.000000,0.000000,0,1,0,1,20.080795,0,0,0,0
14.0278,,0.437831,0.437831,0.439153,0.019040,0.000000,0.000000,0.000000,0,1,0,1,20.307946,0,0,0,0
14.0483,,0.437831,0.437831,0.439153,0.019040,0.000000,0.000000,0.000000,0,1,0,1,20.263577,0,0,0,0
14.0682,,0.437831,0.437831,0.439153,0.019040,0.000000,0.000000,0.000000,0,1,0,1,20.198411,0,0,0,0
14.0883,,0.437831,0.437831,0.439153,0.019040,0.000000,0.000000,0.000000,0,1,0,1,20.232990,0,0,0,0
14.1083,,0.437831,0.437831,0.439153,0.019040,0.000000,0.000000,0.000000,0,1,0,1,20.134155,0,0,0,0
14.1283,,0.437831,0.437831,0.439153,0.019040,0.000000,0.000000,0.000000,0,1,0,1,20.228186,0,0,0,0
14.1493,,0.437831,0.437831,0.439153,0.019040,0.000000,0.000000,0.000000,0,1,0,1,20.245296,0,0,0,0
14.1694,,0.437831,0.437831,0.439153,0.019040,0.000000,0.000000,0.000000,0,1,0,1,20.201593,0,0,0,0
14.1894,,0.437831,0.437831,0.439153,0.019040,0.000000,0.000000,0.000000,0,1,0,1,20.368992,0,0,0,0
14.2093,,0.437831,0.437831,0.439153,0.019040,0.000000,0.000000,0.000000,0,1,0,1,20.075812,0,0,0,0
14.2293,,0.437831,0.437831,0.439153,0.019040,0.000000,0.000000,0.000000,0,1,0,1,20.084827,0,0,0,0
14.2493,,0.437831,0.437831,0.439153,0.019040,0.000000,0.000000,0.000000,0,1,0,1,20.037267,0,0,0,0
14.2693,,0.437831,0.437831,0.439153,0.019040,0.000000,0.000000,0.000000,0,1,0,1,20.090224,0,0,0,0
14.2903,,0.437831,0.437831,0.439153,0.019040,0.000000,0.000000,0.000000,0,1,0,1,20.193215,0,0,0,0
14.3104,,0.437831,0.437831,0.439153,0.019040,0.000000,0.000000,0.000000,0,1,0,1,20.197385,0,0,0,0
14.3313,,0.437831,0.437831,0.439153,0.019040,0.000000,0.000000,0.000000,0,1,0,1,20.715990,0,0,0,0
14.3512,,0.437831,0.437831,0.439153,0.019040,0.000000,0.000000,0.000000,0,1,0,1,20.221938,0,0,0,0
14.3713,,0.437831,0.437831,0.439154,0.019040,0.000000,0.000000,0.000000,0,1,0,1,20.213077,0,0,0,0
14.3914,,0.437831,0.437831,0.439153,0.019040,0.000000,0.000000,0.000000,0,1,0,1,20.217500,0,0,0,0
14.4113,,0.437831,0.437831,0.439153,0.019040,0.000000,0.000000,0.000000,0,1,0,1,20.093762,0,0,0,0
14.4313,,0.437831,0.437831,0.439153,0.019040,0.000000,0.000000,0.000000,0,1,0,1,20.216510,0,0,0,0
14.4525,,0.437831,0.437831,0.439153,0.019040,0.000000,0.000000,0.000000,0,1,0,1,20.188449,0,0,0,0
14.4723,,0.437831,0.437831,0.439154,0.019040,0.000000,0.000000,0.000000,0,1,0,1,20.173172,0,0,0,0
14.4926,,0.437831,0.437831,0.439153,0.019040,0.000000,0.000000,0.000000,0,1,0,1,20.283941,0,0,0,0
14.5123,,0.437831,0.437831,0.439153,0.019040,0.000000,0.000000,0.000000,0,1,0,1,20.066851,0,0,0,0
14.5323,,0.437831,0.437831,0.439153,0.019040,0.000000,0.000000,0.000000,0,1,0,1,20.068011,0,0,0,0
14.5523,,0.437831,0.437831,0.439153,0.019040,0.000000,0.000000,0.000000,0,1,0,1,20.110616,0,0,0,0
14.5725,,0.437831,0.437831,0.439153,0.019040,0.000000,0.000000,0.000000,0,1,0,1,20.079708,0,0,0,0
14.5936,,0.437831,0.437831,0.439153,0.019040,0.000000,0.000000,0.000000,0,1,0,1,20.110538,0,0,0,0
14.6133,,0.437831,0.437831,0.439153,0.019040,0.000000,0.000000,0.000000,0,1,0,1,20.069167,0,0,0,0
14.6333,,0.437831,0.437831,0.439153,0.019040,0.000000,0.000000,0.000000,0,1,0,1,20.106218,0,0,0,0
14.6534,,0.437831,0.437831,0.439153,0.019040,0.000000,0.000000,0.000000,0,1,0,1,20.081854,0,0,0,0
14.6733,,0.437831,0.437831,0.439153,0.019040,0.000000,0.000000,0.000000,0,1,0,1,20.130020,0,0,0,0
14.6934,,0.437831,0.437831,0.439153,0.019040,0.000000,0.000000,0.000000,0,1,0,1,20.214503,0,0,0,0
14.7132,,0.437831,0.437831,0.439153,0.019040,0.000000,0.000000,0.000000,0,1,0,1,20.080427,0,0,0,0
14.7332,,0.437831,0.437831,0.439153,0.019040,0.000000,0.000000,0.000000,0,1,0,1,20.209717,0,0,0,0
14.7543,,0.437831,0.437831,0.439153,0.019040,0.000000,0.000000,0.000000,0,1,0,1,20.216629,0,0,0,0
14.7743,,0.437831,0.437831,0.439153,0.019040,0.000000,0.000000,0.000000,0,1,0,1,20.121936,0,0,0,0
14.7944,,0.437831,0.437831,0.439153,0.019040,0.000000,0.000000,0.000000,0,1,0,1,20.202531,0,0,0,0
14.8154,,0.437831,0.437831,0.439153,0.019040,0.000000,0.000000,0.000000,0,1,0,1,20.276585,0,0,0,0
14.8344,,0.437831,0.437831,0.439153,0.019040,0.000000,0.000000,0.000000,0,1,0,1,20.030424,0,0,0,0
14.8542,,0.437831,0.437831,0.439154,0.019040,0.000000,0.000000,0.000000,0,1,0,1,20.081119,0,0,0,0
14.8742,,0.437831,0.437831,0.439153,0.019040,0.000000,0.000000,0.000000,0,1,0,1,20.083937,0,0,0,0
14.8953,,0.437831,0.437831,0.439153,0.019040,0.000000,0.000000,0.000000,0,1,0,1,20.113719,0,0,0,0
14.9153,,0.437831,0.437831,0.439153,0.019040,0.000000,0.000000,0.000000,0,1,0,1,20.113749,0,0,0,0
14.9353,,0.437831,0.437831,0.439153,0.019040,0.000000,0.000000,0.000000,0,1,0,1,20.192248,0,0,0,0
14.9554,,0.437831,0.437831,0.439153,0.019040,0.000000,0.000000,0.000000,0,1,0,1,20.196891,0,0,0,0
14.9763,,0.437831,0.437831,0.439153,0.019040,0.000000,0.000000,0.000000,0,1,0,1,20.242656,0,0,0,0
14.9963,,0.437831,0.437831,0.439153,0.019040,0.000000,0.000000,0.000000,0,1,0,1,20.398528,0,0,0,0
15.0163,,0.437831,0.437831,0.439153,0.019040,0.000000,0.000000,0.000000,0,1,0,1,20.224709,0,0,0,0
15.0363,,0.437831,0.437831,0.439153,0.019040,0.000000,0.000000,0.000000,0,1,0,1,20.242705,0,0,0,0
15.0563,,0.437831,0.437831,0.439153,0.019040,0.000000,0.000000,0.000000,0,1,0,1,20.112994,0,0,0,0
15.0763,,0.437831,0.437831,0.439153,0.019040,0.000000,0.000000,0.000000,0,1,0,1,20.091405,0,0,0,0
15.0973,,0.437831,0.437831,0.439153,0.019040,0.000000,0.000000,0.000000,0,1,0,1,20.196048,0,0,0,0
15.1173,,0.437831,0.437831,0.439153,0.019040,0.000000,0.000000,0.000000,0,1,0,1,20.204832,0,0,0,0
15.1375,,0.437831,0.437831,0.439153,0.019040,0.000000,0.000000,0.000000,0,1,0,1,20.120024,0,0,0,0
15.1575,,0.437831,0.437831,0.439153,0.019040,0.000000,0.000000,0.000000,0,1,0,1,20.103398,0,0,0,0
15.1774,,0.437831,0.437831,0.439154,0.019040,0.000000,0.000000,0.000000,0,1,0,1,20.321658,0,0,0,0
15.1985,,0.437831,0.437831,0.439153,0.019040,0.000000,0.000000,0.000000,0,1,0,1,20.253511,0,0,0,0
15.2184,,0.437831,0.437831,0.439153,0.019040,0.000000,0.000000,0.000000,0,1,0,1,20.226795,0,0,0,0
15.2383,,0.437831,0.437831,0.439153,0.019040,0.000000,0.000000,0.000000,0,1,0,1,20.226878,0,0,0,0
15.2585,,0.437831,0.437831,0.439153,0.019040,0.000000,0.000000,0.000000,0,1,0,1,20.093469,0,0,0,0
15.2784,,0.437831,0.437831,0.439153,0.019040,0.000000,0.000000,0.000000,0,1,0,1,20.087115,0,0,0,0
15.2984,,0.437831,0.437831,0.439153,0.019040,0.000000,0.000000,0.000000,0,1,0,1,20.076657,0,0,0,0
15.3183,,0.437831,0.437831,0.439153,0.019040,0.000000,0.000000,0.000000,0,1,0,1,20.070530,0,0,0,0
15.3384,,0.437831,0.437831,0.439153,0.019040,0.000000,0.000000,0.000000,0,1,0,1,20.079911,0,0,0,0
15.3595,,0.437831,0.437831,0.439153,0.019040,0.000000,0.000000,0.000000,0,1,0,1,20.104892,0,0,0,0
15.3794,,0.437831,0.437831,0.439153,0.019040,0.000000,0.000000,0.000000,0,1,0,1,20.191005,0,0,0,0
15.3994,,0.437831,0.437831,0.439153,0.019040,0.000000,0.000000,0.000000,0,1,0,1,20.160445,0,0,0,0
15.4195,,0.437831,0.437831,0.439153,0.019040,0.000000,0.000000,0.000000,0,1,0,1,20.183707,0,0,0,0
15.4394,,0.437831,0.437831,0.439153,0.019040,0.000000,0.000000,0.000000,0,1,0,1,20.135477,0,0,0,0
15.4605,,0.437831,0.437831,0.439153,0.019040,0.000000,0.000000,0.000000,0,1,0,1,20.246098,0,0,0,0
15.4802,,0.437831,0.437831,0.439153,0.019040,0.000000,0.000000,0.000000,0,1,0,1,20.081229,0,0,0,0
15.5003,,0.437831,0.437831,0.439153,0.019040,0.000000,0.000000,0.000000,0,1,0,1,20.398282,0,0,0,0
15.5203,,0.437831,0.437831,0.439153,0.019040,0.000000,0.000000,0.000000,0,1,0,1,20.250988,0,0,0,0
15.5403,,0.437831,0.437831,0.439153,0.019040,0.000000,0.000000,0.000000,0,1,0,1,20.086366,0,0,0,0
15.5611,,0.437831,0.437831,0.439153,0.019040,0.000000,0.000000,0.000000,0,1,0,1,20.128876,0,0,0,0
15.5813,,0.437831,0.437831,0.439153,0.019040,0.000000,0.000000,0.000000,0,1,0,1,20.170841,0,0,0,0
15.6013,,0.437831,0.437831,0.439153,0.019040,0.000000,0.000000,0.000000,0,1,0,1,20.083398,0,0,0,0
15.6216,,0.437831,0.437831,0.439153,0.019040,0.000000,0.000000,0.000000,0,1,0,1,20.106501,0,0,0,0
15.6414,,0.437831,0.437831,0.439153,0.019040,0.000000,0.000000,0.000000,0,1,0,1,20.304090,0,0,0,0
15.6612,,0.437831,0.437831,0.439153,0.019040,0.000000,0.000000,0.000000,0,1,0,1,20.081273,0,0,0,0
15.6812,,0.437831,0.437831,0.439153,0.019040,0.000000,0.000000,0.000000,0,1,0,1,20.260396,0,0,0,0
15.7023,,0.437831,0.437831,0.439153,0.019040,0.000000,0.000000,0.000000,0,1,0,1,20.189157,0,0,0,0
15.7223,,0.437831,0.437831,0.439153,0.019040,0.000000,0.000000,0.000000,0,1,0,1,20.351057,0,0,0,0
15.7423,,0.437831,0.437831,0.439153,0.019040,0.000000,0.000000,0.000000,0,1,0,1,20.313493,0,0,0,0
15.7622,,0.437831,0.437831,0.439153,0.019040,0.000000,0.000000,0.000000,0,1,0,1,20.086405,0,0,0,0
15.7821,,0.437831,0.437831,0.439154,0.019040,0.000000,0.000000,0.000000,0,1,0,1,20.084917,0,0,0,0
15.8031,,0.437831,0.437831,0.439153,0.019040,0.000000,0.000000,0.000000,0,1,0,1,20.105953,0,0,0,0
15.8233,,0.437831,0.437831,0.439153,0.019040,0.000000,0.000000,0.000000,0,1,0,1,20.119067,0,0,0,0
15.8431,,0.437831,0.437831,0.439153,0.019040,0.000000,0.000000,0.000000,0,1,0,1,20.117785,0,0,0,0
15.8633,,0.437831,0.437831,0.439153,0.019040,0.000000,0.000000,0.000000,0,1,0,1,20.223145,0,0,0,0
15.8832,,0.437831,0.437831,0.439154,0.019040,0.000000,0.000000,0.000000,0,1,0,1,20.235278,0,0,0,0
15.9043,,0.437831,0.437831,0.439153,0.019040,0.000000,0.000000,0.000000,0,1,0,1,20.262357,0,0,0,0
15.9242,,0.437831,0.437831,0.439153,0.019040,0.000000,0.000000,0.000000,0,1,0,1,20.240887,0,0,0,0
15.9444,,0.437831,0.437831,0.439153,0.019040,0.000000,0.000000,0.000000,0,1,0,1,20.432425,0,0,0,0
15.9654,,0.437831,0.437831,0.439153,0.019040,0.000000,0.000000,0.000000,0,1,0,1,20.305659,0,0,0,0
15.9854,,0.437831,0.437831,0.439153,0.019040,0.000000,0.000000,0.000000,0,1,0,1,20.159335,0,0,0,0
16.0053,,0.437831,0.437831,0.439153,0.019040,0.000000,0.000000,0.000000,0,1,0,1,20.149530,0,0,0,0
16.0254,,0.437831,0.437831,0.439153,0.019040,0.000000,0.000000,0.000000,0,1,0,1,20.110195,0,0,0,0
16.0454,,0.437831,0.437831,0.439153,0.019040,0.000000,0.000000,0.000000,0,1,0,1,20.105249,0,0,0,0
16.0652,,0.437831,0.437831,0.439153,0.019040,0.000000,0.000000,0.000000,0,1,0,1,20.086241,0,0,0,0
16.0852,,0.437831,0.437831,0.439153,0.019040,0.000000,0.000000,0.000000,0,1,0,1,20.092302,0,0,0,0
16.1062,,0.437831,0.437831,0.439153,0.019040,0.000000,0.000000,0.000000,0,1,0,1,20.317532,0,0,0,0
16.1262,,0.437831,0.437831,0.439153,0.019040,0.000000,0.000000,0.000000,0,1,0,1,20.070160,0,0,0,0
16.1462,,0.437831,0.437831,0.439153,0.019040,0.000000,0.000000,0.000000,0,1,0,1,20.078798,0,0,0,0
16.1662,,0.437831,0.437831,0.439153,0.019040,0.000000,0.000000,0.000000,0,1,0,1,20.069470,0,0,0,0
16.1862,,0.437831,0.437831,0.439153,0.019040,0.000000,0.000000,0.000000,0,1,0,1,20.031245,0,0,0,0
16.2062,,0.437831,0.437831,0.439153,0.019040,0.000000,0.000000,0.000000,0,1,0,1,20.251017,0,0,0,0
16.2263,,0.437831,0.437831,0.439153,0.019040,0.000000,0.000000,0.000000,0,1,0,1,20.145760,0,0,0,0
16.2462,,0.437831,0.437831,0.439154,0.019040,0.000000,0.000000,0.000000,0,1,0,1,20.119048,0,0,0,0
16.2662,,0.437831,0.437831,0.439153,0.019040,0.000000,0.000000,0.000000,0,1,0,1,20.075959,0,0,0,0
16.2862,,0.437831,0.437831,0.439153,0.019040,0.000000,0.000000,0.000000,0,1,0,1,20.094160,0,0,0,0
16.3073,,0.437831,0.437831,0.439153,0.019040,0.000000,0.000000,0.000000,0,1,0,1,20.119866,0,0,0,0
16.3272,,0.437831,0.437831,0.439153,0.019040,0.000000,0.000000,0.000000,0,1,0,1,20.173271,0,0,0,0
16.3473,,0.437831,0.437831,0.439153,0.019040,0.000000,0.000000,0.000000,0,1,0,1,20.101160,0,0,0,0
16.3671,,0.437831,0.437831,0.439153,0.019040,0.000000,0.000000,0.000000,0,1,0,1,20.103673,0,0,0,0
16.3871,,0.437831,0.437831,0.439153,0.019040,0.000000,0.000000,0.000000,0,1,0,1,20.122641,0,0,0,0
16.4073,,0.437831,0.437831,0.439153,0.019040,0.000000,0.000000,0.000000,0,1,0,1,20.076863,0,0,0,0
16.4272,,0.437831,0.437831,0.439153,0.019040,0.000000,0.000000,0.000000,0,1,0,1,20.078047,0,0,0,0
16.4473,,0.437831,0.437831,0.439153,0.019040,0.000000,0.000000,0.000000,0,1,0,1,20.215119,0,0,0,0
16.4684,,0.437831,0.437831,0.439153,0.019040,0.000000,0.000000,0.000000,0,1,0,1,20.212549,0,0,0,0
16.4883,,0.437831,0.437831,0.439153,0.019040,0.000000,0.000000,0.000000,0,1,0,1,20.257361,0,0,0,0
16.5082,,0.437831,0.437831,0.439153,0.019040,0.000000,0.000000,0.000000,0,1,0,1,20.249898,0,0,0,0
16.5283,,0.437831,0.437831,0.439153,0.019040,0.000000,0.000000,0.000000,0,1,0,1,20.102058,0,0,0,0
16.5483,,0.437831,0.437831,0.439153,0.019040,0.000000,0.000000,0.000000,0,1,0,1,20.079072,0,0,0,0
16.5692,,0.437831,0.437831,0.439153,0.019040,0.000000,0.000000,0.000000,0,1,0,1,20.226714,0,0,0,0
16.5892,,0.437831,0.437831,0.439153,0.019040,0.000000,0.000000,0.000000,0,1,0,1,20.192412,0,0,0,0
16.6091,,0.437831,0.437831,0.439153,0.019040,0.000000,0.000000,0.000000,0,1,0,1,20.255684,0,0,0,0
16.6291,,0.437831,0.437831,0.439153,0.019040,0.000000,0.000000,0.000000,0,1,0,1,20.039979,0,0,0,0
16.6503,,0.437831,0.437831,0.439153,0.019040,0.000000,0.000000,0.000000,0,1,0,1,20.095195,0,0,0,0
16.6701,,0.437831,0.437831,0.439154,0.019040,0.000000,0.000000,0.000000,0,1,0,1,20.685177,0,0,0,0
16.6902,,0.437831,0.437831,0.439153,0.019040,0.000000,0.000000,0.000000,0,1,0,1,20.288597,0,0,0,0
16.7111,,0.437831,0.437831,0.439154,0.019040,0.000000,0.000000,0.000000,0,1,0,1,20.343860,0,0,0,0
16.7313,,0.437831,0.437831,0.439153,0.019040,0.000000,0.000000,0.000000,0,1,0,1,20.407649,0,0,0,0
16.7511,,0.437831,0.437831,0.439153,0.019040,0.000000,0.000000,0.000000,0,1,0,1,20.081407,0,0,0,0
16.7711,,0.437831,0.437831,0.439153,0.019040,0.000000,0.000000,0.000000,0,1,0,1,20.119834,0,0,0,0
16.7912,,0.437831,0.437831,0.439153,0.019040,0.000000,0.000000,0.000000,0,1,0,1,20.101252,0,0,0,0
16.8111,,0.437831,0.437831,0.439153,0.019040,0.000000,0.000000,0.000000,0,1,0,1,20.078663,0,0,0,0
16.8311,,0.437831,0.437831,0.439153,0.019040,0.000000,0.000000,0.000000,0,1,0,1,20.159785,0,0,0,0
16.8522,,0.437831,0.437831,0.439153,0.019040,0.000000,0.000000,0.000000,0,1,0,1,20.121241,0,0,0,0
16.8723,,0.437831,0.437831,0.439153,0.019040,0.000000,0.000000,0.000000,0,1,0,1,20.269241,0,0,0,0
16.8922,,0.437831,0.437831,0.439154,0.019040,0.000000,0.000000,0.000000,0,1,0,1,20.281510,0,0,0,0
16.9123,,0.437831,0.437831,0.439153,0.019040,0.000000,0.000000,0.000000,0,1,0,1,20.112934,0,0,0,0
16.9323,,0.437831,0.437831,0.439154,0.019040,0.000000,0.000000,0.000000,0,1,0,1,20.116075,0,0,0,0
16.9523,,0.437831,0.437831,0.439153,0.019040,0.000000,0.000000,0.000000,0,1,0,1,20.083226,0,0,0,0
16.9734,,0.437831,0.437831,0.439154,0.019040,0.000000,0.000000,0.000000,0,1,0,1,20.086663,0,0,0,0
16.9933,,0.437831,0.437831,0.439154,0.019040,0.000000,0.000000,0.000000,0,1,0,1,20.130398,0,0,0,0
17.0133,,0.437831,0.437831,0.439153,0.019040,0.000000,0.000000,0.000000,0,1,0,1,20.122275,0,0,0,0
17.0332,,0.437831,0.437831,0.439153,0.019040,0.000000,0.000000,0.000000,0,1,0,1,20.192841,0,0,0,0
17.0533,,0.437831,0.437831,0.439153,0.019040,0.000000,0.000000,0.000000,0,1,0,1,20.085983,0,0,0,0
17.0733,,0.437831,0.437831,0.439153,0.019040,0.000000,0.000000,0.000000,0,1,0,1,20.116722,0,0,0,0
17.0931,,0.437831,0.437831,0.439153,0.019040,0.000000,0.000000,0.000000,0,1,0,1,20.071189,0,0,0,0
17.1132,,0.437831,0.437831,0.439153,0.019040,0.000000,0.000000,0.000000,0,1,0,1,20.236918,0,0,0,0
17.1341,,0.437831,0.437831,0.439153,0.019040,0.000000,0.000000,0.000000,0,1,0,1,20.225503,0,0,0,0
17.1542,,0.437831,0.437831,0.439153,0.019040,0.000000,0.000000,0.000000,0,1,0,1,20.118990,0,0,0,0
17.1742,,0.437831,0.437831,0.439153,0.019040,0.000000,0.000000,0.000000,0,1,0,1,20.086415,0,0,0,0
17.1942,,0.437831,0.437831,0.439154,0.019040,0.000000,0.000000,0.000000,0,1,0,1,20.192277,0,0,0,0
17.2143,,0.437831,0.437831,0.439153,0.019040,0.000000,0.000000,0.000000,0,1,0,1,20.149066,0,0,0,0
17.2342,,0.437831,0.437831,0.439153,0.019040,0.000000,0.000000,0.000000,0,1,0,1,20.106189,0,0,0,0
17.3360,STOP,0.437831,0.437831,0.439153,,,,,0,0,0,1,,0,0,0,0
